01	5.704	33.22	2.252	1.328	63.876	6	2	20	78440	62823
010	5.824	33.68	2.424	0.552	19.184	6	4	20	78422	62692
0100	5.744	34.032	2.492	1.248	57.28	9	4	20	78422	62765
01000	5.776	34.22	2.6	1.392	50.324	9	4	20	78430	62732
0101	5.7	34.092	2.536	1.052	80.388	6	2	20	78443	62773
0102	5.78	33.856	2.512	0.52	104.436	9	5	20	78435	62692
0103	5.72	33.792	2.508	0.896	45.76	8	4	20	78432	62613
0104	5.768	34.916	2.272	1.332	46.408	7	3	20	78427	62702
0105	4.344	39.276	1.792	0.556	43.38	7	4	20	78430	62832
0106	4.132	36.988	1.796	0.48	138.128	8	4	20	78459	62738
0107	4.072	36.304	1.732	1.396	28.724	8	6	20	78426	62828
0108	3.76	35.472	1.828	0.664	35.54	7	5	20	78443	62819
0109	3.396	35.788	2.036	1.328	32.38	6	4	20	78425	62632
011	3.38	37.488	2.008	0.596	54.98	7	3	20	78449	62746
0110	3.384	38.28	1.812	0.476	43.5	6	4	20	78446	62819
0111	3.756	37.736	1.776	0.592	68.424	7	4	20	78470	62806
0112	3.808	37.996	1.948	0.68	92.4	9	4	20	78434	62693
0113	3.492	36.464	2.028	0.444	67.148	9	5	20	78453	62776
0114	3.66	36.548	1.924	0.944	64.508	7	5	20	78459	62794
0115	3.312	36.608	2.032	1.096	46.88	6	2	20	78427	62652
0116	3.788	38.684	2.08	1.656	57.936	10	5	20	78456	62866
0117	3.616	39.808	2.316	1.068	35.64	9	4	20	78436	62725
0118	4.356	37.0	1.66	0.604	27.38	6	5	20	78439	62743
0119	4.264	35.756	1.776	0.272	57.444	8	4	20	78422	62724
012	4.196	36.832	1.684	0.272	75.36	8	4	20	78444	62762
0120	3.58	36.148	1.828	1.58	97.184	7	3	20	78460	62918
0121	3.276	35.328	1.9	0.332	123.448	11	6	20	78468	62843
0122	3.308	35.72	2.056	0.776	95.932	9	4	20	78450	62719
0123	3.004	35.688	1.972	0.384	88.908	9	5	20	78453	62816
0124	3.224	39.088	2.076	1.24	39.864	9	4	20	78447	62780
0125	3.916	40.02	2.136	0.576	75.788	9	6	20	78441	62725
0126	4.092	40.424	2.036	0.356	110.652	8	4	20	78466	62830
0127	4.116	39.124	1.864	0.312	126.744	8	3	20	78467	62834
0128	3.848	37.284	1.832	0.56	89.504	8	5	20	78457	62801
0129	3.696	38.34	1.892	1.392	274.744	8	4	20	78463	62785
013	3.584	36.888	1.852	0.644	67.276	10	5	20	78434	62760
0130	3.424	36.436	2.008	0.692	57.076	7	3	20	78455	62815
0131	3.64	39.688	2.092	0.912	156.016	9	6	20	78472	62914
0132	3.504	40.252	2.228	0.556	32.796	7	6	20	78466	62874
0133	4.328	37.096	1.848	0.632	74.844	7	5	20	78467	62812
0134	4.304	36.544	1.852	0.44	112.48400000000001	8	4	20	78447	62650
0135	4.268	36.616	1.916	0.468	182.992	9	4	20	78462	62850
0136	3.708	35.852	2.076	0.34	75.364	9	6	20	78443	62753
0137	3.784	36.688	2.02	0.508	40.428	7	5	20	78424	62676
0138	3.18	38.976	2.2	1.528	73.78	8	4	20	78433	62754
0139	4.38	39.34	1.96	0.4	88.696	8	3	20	78457	62750
014	4.096	37.552	1.884	0.892	80.232	9	5	20	78466	62752
0140	4.056	37.476	1.852	0.504	51.488	7	4	20	78431	62769
0141	3.612	37.488	1.936	0.348	70.844	8	5	20	78447	62818
0142	3.708	38.5	2.16	0.34	40.876	8	6	20	78450	62750
0143	3.384	40.268	2.112	1.036	63.12	7	3	20	78460	62819
0144	4.164	39.792	1.692	0.464	160.484	8	4	20	78448	62834
0145	4.124	38.0	1.676	0.384	50.496	10	6	20	78438	62753
0146	3.772	36.592	1.864	0.268	53.676	8	4	20	78447	62778
0147	3.732	36.72	1.74	0.9	173.7	10	5	20	78458	62794
0148	3.504	35.964	2.036	0.348	36.552	6	4	20	78425	62729
0149	3.508	36.332	2.052	0.38	213.132	10	5	20	78478	62867
015	3.24	35.14	1.968	0.664	131.892	7	3	20	78468	62954
0150	3.376	39.512	2.192	1.46	35.228	9	4	20	78442	62741
0151	4.184	39.164	1.96	1.216	65.852	7	4	20	78449	62773
0152	4.228	38.536	2.108	0.788	116.208	7	2	20	78473	62876
0153	4.196	39.056	2.124	0.912	149.108	9	7	20	78464	62846
0154	3.68	40.248	2.22	0.284	77.128	9	6	20	78469	62858
0155	4.356	40.472	1.948	0.584	32.716	7	4	20	78438	62790
0156	4.096	39.164	2.008	0.684	23.128	6	5	20	78441	62726
0157	3.956	39.548	2.136	0.64	176.292	9	5	20	78460	62832
0158	3.756	39.08	1.836	0.628	34.164	9	5	20	78446	62773
0159	4.124	37.152	1.7	0.216	28.132	7	4	20	78454	62797
016	3.776	36.484	1.852	0.304	34.8	7	5	20	78432	62751
0160	3.856	36.068	1.9	1.236	59.94	7	4	20	78434	62767
0161	3.532	36.048	2.06	1.212	58.9	9	4	20	78452	62774
0162	3.492	36.172	1.972	0.568	34.992	8	5	20	78424	62727
0163	3.188	38.948	2.012	1.076	131.14	6	2	20	78447	62792
0164	3.848	38.712	1.804	1.932	149.208	8	5	20	78474	62824
0165	3.868	38.972	1.792	0.604	48.6	7	4	20	78439	62777
0166	3.768	37.228	1.892	0.852	52.472	8	4	20	78427	62757
0167	3.736	38.696	1.988	0.676	93.456	10	6	20	78461	62812
0168	3.784	38.256	2.292	2.776	90.7	10	6	20	78442	62760
0169	3.604	38.688	2.224	0.408	66.304	7	4	20	78470	62809
017	4.352	39.1	2.128	1.62	44.888	7	4	20	78421	62737
0170	4.228	39.456	2.02	0.212	259.524	9	5	20	78497	62809
0171	3.932	38.392	1.936	0.408	73.148	8	4	20	78455	62839
0172	3.784	39.048	1.932	0.656	84.416	7	3	20	78446	62760
0173	3.892	37.216	1.828	1.324	41.496	7	3	20	78416	62656
0174	3.876	36.308	1.792	0.352	285.62	7	3	20	78484	62861
0175	3.648	36.916	1.968	0.376	24.108	6	4	20	78432	62772
0176	3.38	35.896	2.124	0.96	260.916	7	2	20	78450	62856
0177	3.4	38.7	2.304	0.692	154.208	10	5	20	78462	62837
0178	4.396	38.348	1.84	0.388	152.952	9	4	20	78478	62872
0179	4.168	37.588	2.04	1.516	91.168	9	4	20	78454	62854
018	4.032	39.512	2.108	0.812	140.44	9	5	20	78463	62838
0180	3.544	39.472	2.24	1.112	59.444	9	4	20	78436	62760
0181	4.516	37.468	1.888	0.628	59.996	9	5	20	78429	62667
0182	4.484	38.38	2.008	1.016	87.172	9	4	20	78457	62827
0183	3.872	39.0	2.292	1.712	50.308	7	5	20	78422	62714
0184	3.568	38.568	2.016	0.304	65.944	7	3	20	78430	62779
0185	4.16	39.408	2.272	1.012	44.228	8	4	20	78441	62750
0186	4.192	39.46	2.128	0.232	32.236	6	2	20	78426	62722
0187	4.096	37.452	1.644	0.336	18.468	5	3	20	78435	62716
0188	4.228	35.716	1.644	0.34	283.636	9	5	20	78482	62921
0189	4.128	35.748	1.764	0.524	48.508	7	4	20	78436	62768
019	4.224	37.268	1.664	0.396	62.952	7	3	20	78455	62825
0190	3.48	36.016	1.844	0.472	56.7	6	2	20	78455	62777
0191	3.36	36.14	1.904	0.816	50.952	8	5	20	78443	62761
0192	3.196	36.176	1.92	0.908	75.70400000000001	7	3	20	78450	62693
0193	3.064	37.364	2.056	0.212	287.26	9	4	20	78451	62800
0194	3.376	38.984	2.108	1.188	121.488	9	5	20	78459	62853
0195	4.112	39.432	1.948	0.448	104.344	8	4	20	78448	62764
0196	4.08	39.252	1.78	0.596	48.856	7	3	20	78448	62680
0197	3.92	38.76	2.048	0.904	47.872	6	4	20	78423	62768
0198	3.668	37.728	2.092	0.728	22.024	6	2	20	78415	62604
0199	3.672	39.784	2.32	0.744	51.852	8	4	20	78439	62734
02	4.436	39.044	1.932	0.436	168.036	8	3	20	78460	62811
020	3.98	38.288	1.964	0.48	75.76	8	3	20	78462	62914
0200	3.884	37.14	1.928	0.64	143.38	9	4	20	78457	62777
0201	3.692	36.776	1.888	0.604	78.224	7	4	20	78476	62934
0202	3.708	38.248	2.144	1.808	91.336	8	5	20	78454	62670
0203	3.496	39.224	2.24	1.2	37.616	6	4	20	78430	62706
0204	4.344	39.192	1.936	0.66	97.912	10	6	20	78456	62761
0205	4.112	38.328	1.964	1.152	24.584	7	3	20	78405	62574
0206	3.944	38.1	2.024	0.736	75.356	7	3	20	78466	62827
0207	3.488	38.096	2.008	1.332	31.812	7	5	20	78452	62830
0208	3.612	38.864	1.86	0.484	69.556	10	6	20	78442	62723
0209	3.932	37.696	1.944	0.976	46.868	8	3	20	78437	62814
021	3.912	37.62	1.844	0.232	74.352	8	4	20	78448	62803
0210	3.58	38.036	2.008	0.716	56.784	7	4	20	78455	62871
0211	3.588	37.888	2.124	0.56	66.748	9	5	20	78437	62676
0212	3.7	38.2	1.948	0.768	38.36	8	5	20	78456	62826
0213	3.876	38.332	1.948	0.568	32.924	7	4	20	78442	62752
0214	3.896	37.72	2.012	0.772	88.21600000000001	8	6	20	78447	62832
0215	3.708	38.02	2.056	0.304	201.28	9	5	20	78480	62956
0216	3.636	37.956	1.756	0.388	74.432	9	5	20	78457	62853
0217	3.752	36.344	1.848	0.324	38.964	8	4	20	78432	62761
0218	3.668	36.536	1.728	0.788	186.036	8	3	20	78469	62904
0219	3.624	36.496	1.9	0.596	102.0	8	5	20	78453	62891
022	3.568	37.604	2.088	0.248	55.624	7	4	20	78440	62758
0220	3.436	38.404	2.204	0.384	67.136	8	6	20	78447	62762
0221	4.408	37.832	1.896	0.416	34.14	7	4	20	78428	62639
0222	4.248	38.536	2.092	1.444	170.168	9	4	20	78472	62791
0223	3.836	37.276	2.136	0.864	57.4	8	4	20	78435	62810
0224	3.748	38.964	1.908	0.78	70.512	9	5	20	78436	62733
0225	4.124	38.612	2.02	1.052	31.956	6	5	20	78442	62723
0226	3.72	39.504	1.996	1.536	102.288	9	5	20	78455	62820
0227	3.96	38.532	1.908	1.12	24.1	4	3	20	78435	62765
0228	3.692	37.868	1.764	0.496	105.6	8	3	20	78452	62893
0229	3.892	37.616	1.74	0.476	58.088	6	2	20	78459	62780
023	3.716	36.916	1.904	0.328	99.828	9	4	20	78455	62728
0230	3.696	37.864	2.024	1.168	67.932	10	6	20	78446	62851
0231	3.668	37.12	2.144	1.212	70.032	9	7	20	78453	62791
0232	3.328	38.424	2.18	0.608	33.772	8	4	20	78413	62576
0233	4.456	38.708	1.776	0.412	50.864	8	6	20	78448	62632
0234	4.232	37.112	1.784	0.528	168.9	7	3	20	78468	62818
0235	3.908	36.948	1.824	0.652	125.752	10	6	20	78452	62786
0236	3.712	37.036	1.84	0.544	66.376	8	6	20	78436	62734
0237	3.44	37.208	1.88	0.6	36.364	7	4	20	78427	62600
0238	3.448	38.928	2.016	0.876	54.032	7	4	20	78440	62765
0239	3.336	37.012	2.064	0.324	84.736	8	5	20	78455	62854
024	3.668	38.788	2.008	1.088	49.132	8	4	20	78449	62803
0240	3.988	38.448	2.02	0.836	31.636	7	3	20	78413	62633
0241	4.168	39.504	1.964	0.476	76.564	7	4	20	78450	62788
0242	3.884	37.828	2.036	1.212	105.364	7	3	20	78465	62837
0243	3.844	37.992	1.92	0.344	59.18	7	3	20	78433	62676
0244	3.748	38.32	1.832	0.976	141.24	7	3	20	78468	62814
0245	3.928	37.664	1.964	0.492	73.768	8	3	20	78466	62754
0246	3.884	38.316	2.148	1.06	173.93200000000002	10	5	20	78477	62802
0247	3.768	36.884	2.1	1.096	241.712	9	6	20	78479	62835
0248	3.708	39.224	1.94	0.372	46.404	8	5	20	78445	62791
0249	4.192	39.528	2.104	0.624	101.71600000000001	8	4	20	78464	62823
025	3.94	38.22	2.264	0.456	75.26	8	5	20	78447	62723
0250	3.92	39.048	2.004	1.136	60.492	9	5	20	78443	62703
0251	4.16	39.052	2.104	0.844	66.2	6	4	20	78467	62851
0252	3.888	39.788	2.032	1.312	36.848	5	3	20	78445	62677
0253	3.908	40.656	2.084	0.392	84.132	8	5	20	78471	62867
0254	4.128	37.464	1.836	1.48	102.968	6	3	20	78446	62716
0255	3.924	36.824	1.736	1.248	49.156	7	4	20	78453	62640
0256	3.724	36.632	1.924	0.604	48.82	9	5	20	78435	62797
0257	3.848	36.948	2.032	0.7	63.204	7	3	20	78455	62778
0258	3.9	34.864	1.9	0.808	170.464	9	6	20	78487	62931
0259	3.164	37.62	2.216	1.628	61.24	7	5	20	78464	62858
026	4.364	40.144	1.876	0.688	51.408	8	5	20	78441	62802
0260	4.216	36.572	1.68	0.376	97.27199999999999	7	3	20	78440	62625
0261	4.068	36.596	1.764	0.684	78.98	9	6	20	78459	62848
0262	3.572	35.96	1.912	0.656	93.668	11	9	20	78464	62845
0263	3.408	37.8	2.016	0.808	42.144	6	4	20	78443	62782
0264	3.52	38.68	2.224	1.048	58.988	8	5	20	78435	62737
0265	3.372	38.1	2.032	0.688	58.108	9	5	20	78432	62808
0266	4.02	39.948	1.94	0.384	82.2	9	7	20	78467	62907
0267	4.096	37.688	1.696	0.612	151.09199999999998	10	6	20	78479	62866
0268	3.812	36.656	1.804	0.456	41.164	7	3	20	78441	62746
0269	3.98	37.364	1.752	0.924	182.576	9	6	20	78450	62758
027	3.708	36.232	1.904	0.332	86.832	7	4	20	78451	62772
0270	3.628	36.276	2.008	1.064	179.988	10	6	20	78470	62877
0271	3.516	37.668	2.224	1.236	103.856	8	4	20	78452	62903
0272	3.588	36.692	2.276	0.956	242.604	9	6	20	78465	62796
0273	4.452	39.992	2.224	0.524	80.696	7	4	20	78455	62916
0274	4.452	40.26	2.2	0.512	90.724	9	6	20	78428	62776
0275	4.364	39.816	1.988	0.668	47.104	9	4	20	78441	62749
0276	3.896	38.512	2.156	1.876	59.988	9	6	20	78447	62677
0277	3.82	39.56	1.888	0.596	16.384	6	5	20	78466	62814
0278	3.964	38.156	1.704	0.62	79.132	7	3	20	78426	62682
0279	4.016	36.312	1.796	1.24	42.932	8	5	20	78426	62697
028	3.98	37.072	1.972	0.764	83.188	10	7	20	78432	62779
0280	3.532	36.896	1.972	0.804	56.056	8	6	20	78434	62756
0281	3.576	37.524	1.856	0.672	26.904	5	3	20	78444	62847
0282	3.216	37.772	2.128	0.316	96.3	8	5	20	78473	62780
0283	3.58	38.98	1.832	0.524	113.804	10	5	20	78469	62753
0284	4.104	38.468	1.904	0.404	76.744	8	5	20	78450	62692
0285	3.916	36.852	1.788	0.62	114.02799999999999	8	4	20	78444	62820
0286	3.676	37.828	1.888	0.568	49.204	8	5	20	78431	62620
0287	3.644	37.532	2.116	0.756	78.816	9	6	20	78445	62705
0288	3.752	37.488	2.056	0.404	56.336	8	3	20	78436	62738
0289	3.336	38.652	2.12	0.78	53.568	8	6	20	78446	62807
029	4.068	39.0	1.924	0.412	23.376	6	4	20	78436	62705
0290	4.048	38.012	1.864	0.416	130.232	9	5	20	78464	62751
0291	3.664	37.672	1.744	1.272	59.384	9	4	20	78446	62811
0292	3.588	37.2	1.772	0.668	77.376	9	5	20	78440	62820
0293	3.696	35.624	1.82	0.444	55.652	8	5	20	78455	62810
0294	3.396	35.588	1.944	0.68	45.296	6	3	20	78425	62735
0295	3.356	36.416	2.02	0.612	84.82	8	3	20	78435	62706
0296	3.348	36.196	1.952	0.916	29.092	6	4	20	78417	62643
0297	3.24	37.648	2.204	0.452	73.048	7	4	20	78479	62911
0298	4.352	36.948	1.752	0.36	139.86	9	4	20	78446	62837
0299	4.132	37.14	2.0	1.772	92.176	9	4	20	78433	62720
03	3.864	36.328	1.972	1.384	50.892	8	5	20	78455	62794
030	3.616	36.112	2.132	0.984	83.892	9	5	20	78433	62691
0300	3.496	37.592	1.828	0.94	29.372	6	5	20	78461	62839
0301	3.732	38.316	2.064	0.948	71.79599999999999	8	4	20	78450	62894
0302	3.864	39.444	2.156	0.316	100.18	7	5	20	78468	62750
0303	3.784	39.572	2.116	0.38	75.348	8	6	20	78479	62794
0304	3.892	40.32	2.036	0.524	50.172	8	4	20	78466	62889
0305	3.996	40.216	2.048	0.72	31.34	6	4	20	78432	62725
0306	3.948	39.376	1.952	0.704	109.568	7	4	20	78462	62856
0307	3.824	38.844	1.808	0.376	24.108	7	4	20	78428	62806
0308	3.892	36.62	1.688	0.48	119.376	8	3	20	78465	62852
0309	3.76	36.372	1.676	0.98	76.05199999999999	9	5	20	78460	62852
031	3.444	36.408	1.78	0.448	51.696	6	3	20	78432	62724
0310	3.396	35.676	1.908	0.696	190.244	8	5	20	78466	62865
0311	3.376	36.788	2.02	0.392	110.432	8	5	20	78465	62781
0312	3.348	38.176	2.12	0.584	181.448	10	6	20	78455	62831
0313	3.144	39.928	2.2	1.024	81.02799999999999	10	6	20	78447	62779
0314	4.336	40.064	2.036	0.536	107.00800000000001	9	5	20	78458	62787
0315	4.204	39.304	2.016	0.328	77.928	10	7	20	78454	62835
0316	3.992	38.656	2.212	1.156	86.452	8	4	20	78454	62735
0317	3.956	38.84	1.92	0.508	23.64	6	3	20	78422	62821
0318	4.092	38.988	2.14	0.96	169.38	10	5	20	78456	62839
0319	3.764	37.76	2.208	0.692	24.8	7	6	20	78443	62698
032	4.368	36.948	1.584	0.248	167.816	7	3	20	78473	62848
0320	4.132	35.616	1.712	0.676	103.212	7	3	20	78445	62742
0321	3.94	35.064	1.844	0.356	157.89600000000002	9	5	20	78470	62780
0322	3.764	35.1	1.92	1.148	111.732	7	2	20	78443	62721
0323	3.456	35.316	1.992	0.364	36.764	6	4	20	78430	62719
0324	3.248	35.872	2.1	1.088	48.104	7	4	20	78445	62758
0325	3.392	36.556	2.236	1.4	31.148	7	4	20	78427	62811
0326	4.4	39.3	2.044	0.928	34.004	6	3	20	78444	62749
0327	4.188	39.588	2.16	0.924	72.188	9	4	20	78461	62768
0328	3.892	38.26	1.908	0.964	174.508	10	5	20	78458	62832
0329	4.112	38.812	2.052	0.26	56.32	7	4	20	78444	62746
033	3.716	37.176	2.028	0.592	24.252	6	4	20	78429	62748
0330	3.936	38.856	1.872	1.624	52.652	9	6	20	78427	62604
0331	3.664	37.952	1.852	0.404	37.004	8	5	20	78411	62592
0332	3.684	38.136	1.98	0.344	180.556	11	7	20	78460	62692
0333	3.512	37.564	2.1	0.548	74.028	9	4	20	78439	62804
0334	3.756	37.868	1.948	0.264	198.06	8	4	20	78489	62917
0335	3.656	39.004	1.98	0.644	113.75200000000001	8	6	20	78495	62790
0336	3.748	38.776	2.032	1.7	87.488	8	4	20	78452	62796
0337	3.848	38.86	2.14	0.976	50.696	8	5	20	78442	62724
0338	3.88	39.304	2.196	0.636	32.408	6	3	20	78442	62776
0339	4.428	37.9	1.828	1.184	97.476	8	5	20	78458	62763
034	4.276	38.224	2.044	0.516	147.044	9	5	20	78451	62749
0340	3.984	39.728	1.944	0.708	104.408	7	5	20	78467	62829
0341	3.624	38.212	2.012	0.688	56.656	10	5	20	78439	62787
0342	3.912	39.38	2.18	0.436	48.132	8	6	20	78420	62625
0343	3.668	38.544	2.064	1.188	51.84	7	4	20	78447	62854
0344	4.032	40.952	1.976	0.572	32.472	7	4	20	78455	62818
0345	4.152	37.656	1.724	0.708	36.812	6	3	20	78410	62713
0346	3.9	35.956	1.76	0.668	68.276	10	6	20	78461	62869
0347	3.524	36.852	1.828	3.024	49.552	8	5	20	78446	62794
0348	3.688	36.34	1.848	0.408	153.53199999999998	9	7	20	78464	62790
0349	3.416	36.696	1.932	0.404	35.464	7	5	20	78436	62693
035	3.316	36.656	1.956	0.96	53.976	7	5	20	78453	62806
0350	3.36	37.8	2.052	0.66	140.448	10	6	20	78451	62754
0351	3.512	40.792	2.192	0.276	34.82	7	3	20	78436	62757
0352	3.836	39.252	1.916	0.968	86.732	8	5	20	78467	62806
0353	4.096	36.52	1.86	0.28	45.588	7	4	20	78450	62755
0354	4.02	36.516	1.956	0.548	57.368	8	3	20	78445	62819
0355	3.56	36.82	2.032	0.684	34.352	7	4	20	78436	62761
0356	3.616	39.292	2.076	0.612	44.428	8	5	20	78444	62770
0357	3.552	38.54	2.2	0.5	34.6	7	4	20	78421	62715
0358	4.324	36.784	1.664	0.344	74.468	10	6	20	78444	62772
0359	4.3	36.444	1.668	0.896	14.392	6	3	20	78423	62642
036	3.904	35.272	1.672	0.712	75.632	5	1	20	78452	62812
0360	3.816	35.868	1.748	0.6	36.628	9	4	20	78444	62707
0361	3.408	35.872	1.904	0.376	558.544	9	3	20	78493	62852
0362	3.284	34.872	2.02	0.496	39.928	7	4	20	78432	62734
0363	3.376	35.12	1.996	0.384	67.5	9	4	20	78449	62660
0364	2.9	35.128	2.132	0.928	116.564	8	4	20	78455	62753
0365	3.584	40.88	2.096	0.72	43.34	10	5	20	78437	62619
0366	4.132	39.672	1.8	0.616	32.56	9	5	20	78410	62640
0367	4.008	37.572	1.864	0.74	46.844	7	4	20	78430	62664
0368	3.868	37.296	1.988	1.304	199.304	7	3	20	78454	62740
0369	3.72	37.356	1.948	0.288	146.444	9	5	20	78479	62821
037	3.556	39.028	2.08	1.004	25.508	8	5	20	78415	62634
0370	3.356	38.784	2.056	0.476	138.956	9	4	20	78458	62807
0371	3.94	38.672	1.904	0.524	39.392	7	5	20	78443	62737
0372	3.844	38.484	1.956	0.24	115.908	8	3	20	78450	62830
0373	3.68	38.872	2.132	0.752	113.28	8	5	20	78433	62731
0374	3.5	38.196	2.248	0.796	35.296	7	4	20	78424	62620
0375	4.36	41.384	2.136	0.776	83.048	7	5	20	78470	62820
0376	4.116	40.824	2.044	0.304	57.036	9	5	20	78436	62723
0377	4.1	38.968	1.752	0.772	57.612	8	3	20	78451	62682
0378	3.808	38.904	1.952	0.356	79.20400000000001	9	5	20	78437	62812
0379	3.88	38.02	2.136	1.8	263.844	12	6	20	78456	62760
038	3.676	38.456	2.072	1.388	126.744	7	4	20	78457	62762
0380	3.56	38.012	1.892	0.384	106.364	8	4	20	78447	62779
0381	3.764	38.848	2.036	0.508	24.676	7	3	20	78409	62664
0382	3.896	38.668	2.096	0.52	169.708	9	5	20	78466	62889
0383	3.892	39.476	1.896	0.308	70.532	10	7	20	78453	62856
0384	3.928	39.52	2.112	0.636	74.55199999999999	8	6	20	78437	62780
0385	3.952	40.136	2.196	1.0	43.04	8	4	20	78420	62651
0386	4.18	38.792	2.012	0.24	44.812	9	5	20	78425	62772
0387	4.128	39.04	1.92	0.52	63.708	6	4	20	78435	62751
0388	3.796	39.468	2.016	1.52	53.012	5	2	20	78473	62836
0389	3.788	39.536	1.98	0.78	95.544	11	6	20	78431	62670
039	3.928	38.492	1.792	0.24	107.336	9	6	20	78466	62839
0390	3.736	38.36	1.84	0.808	161.328	9	5	20	78468	62885
0391	3.752	37.488	1.94	0.904	46.076	7	4	20	78428	62638
0392	3.644	37.072	1.804	0.648	127.888	9	5	20	78468	62902
0393	3.712	37.96	1.868	0.264	63.248	9	5	20	78476	62852
0394	3.488	38.236	2.096	0.684	150.364	10	5	20	78449	62791
0395	3.516	38.328	2.348	0.772	69.792	8	4	20	78428	62715
0396	4.384	39.668	1.944	0.848	30.396	6	4	20	78441	62727
0397	3.964	38.808	2.192	0.196	109.152	9	4	20	78458	62855
0398	3.884	39.832	1.992	1.276	40.968	5	3	20	78458	62832
0399	4.08	38.452	1.932	0.448	32.812	6	3	20	78418	62800
04	3.916	37.796	1.852	0.6	30.672	8	5	20	78415	62609
040	3.732	38.004	2.064	0.38	38.572	8	4	20	78433	62788
0400	3.624	38.408	2.04	0.452	15.708	5	4	20	78440	62769
0401	3.64	38.132	1.752	0.748	123.652	9	6	20	78461	62724
0402	3.688	37.316	1.72	0.82	132.528	8	3	20	78474	62869
0403	3.896	35.676	1.74	0.26	78.77199999999999	8	4	20	78431	62770
0404	3.496	35.78	1.796	0.6	23.86	6	3	20	78427	62769
0405	3.452	36.072	1.912	0.536	135.276	7	5	20	78465	62823
0406	3.276	35.008	1.944	0.504	46.944	7	5	20	78475	62788
0407	3.316	36.168	1.94	0.988	142.048	8	4	20	78464	62921
0408	3.112	37.664	2.284	0.668	52.448	7	4	20	78440	62704
0409	4.392	39.796	1.932	0.62	49.176	7	4	20	78439	62775
041	4.1	38.12	1.92	0.944	180.46	8	4	20	78448	62841
0410	3.744	37.968	1.924	0.392	78.868	8	4	20	78444	62767
0411	3.704	37.72	2.064	0.612	91.8	10	5	20	78439	62772
0412	3.7	38.112	1.956	0.86	72.096	9	5	20	78443	62660
0413	3.644	37.908	1.932	1.052	70.72	7	5	20	78459	62874
0414	3.936	38.036	1.924	0.38	65.0	8	5	20	78416	62710
0415	3.912	38.652	2.088	1.032	32.412	8	6	20	78432	62677
0416	3.564	39.028	2.12	0.848	147.584	10	5	20	78460	62886
0417	4.076	38.5	1.712	0.48	96.372	7	4	20	78490	62917
0418	4.128	37.232	1.8	0.66	58.46	6	3	20	78445	62699
0419	3.684	37.064	1.988	1.14	66.812	9	4	20	78470	62784
042	3.604	38.24	2.008	0.392	75.792	9	5	20	78428	62767
0420	3.46	37.264	2.252	0.404	169.476	9	5	20	78466	62755
0421	3.56	37.924	2.172	0.888	33.028	9	5	20	78421	62713
0422	4.156	40.556	1.984	1.904	75.556	8	4	20	78431	62739
0423	4.152	38.932	1.788	0.804	33.172	6	4	20	78466	62823
0424	3.968	39.412	1.804	0.432	53.4	8	3	20	78436	62744
0425	3.828	36.92	1.9	0.816	47.788	8	5	20	78430	62600
0426	3.716	36.684	1.936	2.172	85.708	8	4	20	78419	62723
0427	3.34	37.552	2.092	0.496	69.6	7	3	20	78438	62807
0428	3.22	37.656	2.26	0.636	84.404	7	3	20	78466	62811
0429	4.348	39.108	1.964	1.412	30.352	7	5	20	78455	62839
043	4.112	37.632	2.02	0.784	41.684	9	4	20	78440	62754
0430	3.856	37.96	1.94	0.46	46.824	8	5	20	78456	62748
0431	3.544	38.492	1.988	1.076	126.508	8	3	20	78459	62811
0432	3.796	36.6	1.828	0.224	85.172	6	2	20	78458	62780
0433	3.684	36.904	1.828	0.492	84.864	7	3	20	78457	62850
0434	3.768	36.644	1.868	0.864	47.22	7	3	20	78434	62633
0435	3.56	36.768	1.956	0.588	131.972	9	6	20	78450	62744
0436	3.296	36.228	1.992	0.68	43.084	7	4	20	78423	62692
0437	3.552	38.316	2.128	1.392	49.728	9	6	20	78413	62693
0438	3.668	40.14	2.316	1.208	55.36	6	4	20	78449	62778
0439	4.416	38.284	1.72	0.464	175.332	7	2	20	78454	62742
044	3.872	36.696	1.864	0.848	49.6	6	3	20	78441	62818
0440	3.924	36.92	1.892	0.472	123.252	8	4	20	78466	62829
0441	3.712	36.096	1.856	0.324	64.636	8	5	20	78449	62799
0442	3.592	36.744	1.896	0.704	125.764	8	4	20	78453	62778
0443	3.2	36.86	2.088	0.296	121.848	9	6	20	78467	62858
0444	3.312	39.704	2.14	0.876	203.98	8	4	20	78456	62899
0445	4.156	39.888	2.212	1.38	101.044	8	3	20	78452	62793
0446	4.056	40.264	2.124	0.728	68.884	6	4	20	78484	62674
0447	4.156	41.036	2.256	0.804	93.084	8	4	20	78469	62782
0448	4.22	39.208	1.828	0.324	37.192	8	5	20	78430	62753
0449	4.032	36.7	1.816	0.228	43.884	8	5	20	78463	62834
045	3.788	36.976	1.9	1.564	91.96000000000001	8	3	20	78407	62625
0450	3.628	36.44	2.116	1.352	36.72	7	4	20	78425	62707
0451	3.612	37.016	2.092	0.696	57.984	8	4	20	78432	62688
0452	3.464	39.928	1.924	0.596	58.504	8	4	20	78456	62665
0453	3.96	38.84	1.852	0.224	115.47200000000001	8	3	20	78450	62830
0454	3.884	38.188	1.788	0.812	25.204	7	4	20	78429	62562
0455	3.884	38.352	1.896	0.872	169.12	8	3	20	78469	62858
0456	3.728	37.576	1.852	0.64	124.4	8	5	20	78442	62793
0457	3.62	37.776	1.932	0.3	63.348	8	3	20	78456	62726
0458	3.412	37.74	1.94	0.924	20.836	7	3	20	78433	62669
0459	3.64	39.124	2.016	0.8	127.012	9	6	20	78478	62913
046	3.544	38.88	2.148	1.656	114.332	8	4	20	78461	62768
0460	3.668	37.708	2.112	0.628	58.596	9	5	20	78432	62790
0461	4.14	41.608	2.044	0.38	150.752	9	5	20	78474	62849
0462	4.156	40.58	1.896	0.228	23.392	8	4	20	78424	62766
0463	3.868	39.944	2.04	0.92	123.868	8	4	20	78452	62745
0464	3.752	38.628	2.024	0.956	43.408	6	3	20	78440	62834
0465	3.88	39.104	1.884	1.052	42.152	7	3	20	78423	62750
0466	3.736	37.672	1.936	0.748	59.536	9	5	20	78438	62728
0467	3.804	36.276	1.948	0.94	68.972	9	5	20	78422	62691
0468	3.82	37.728	2.156	1.728	38.536	8	5	20	78420	62650
0469	3.388	38.256	2.192	0.656	62.836	7	3	20	78465	62755
047	4.032	41.044	1.732	0.296	35.52	8	4	20	78450	62802
0470	4.064	38.492	1.848	0.888	44.88	8	4	20	78441	62779
0471	3.776	36.592	2.024	2.156	61.3	7	4	20	78460	62797
0472	3.972	35.708	1.98	0.212	53.148	7	4	20	78452	62707
0473	3.668	35.336	1.804	0.544	31.556	6	5	20	78437	62849
0474	3.32	37.064	1.952	0.728	27.42	7	5	20	78413	62648
0475	3.54	37.212	1.828	1.008	49.496	8	4	20	78435	62658
0476	3.256	36.472	2.048	0.296	31.336	5	3	20	78414	62524
0477	3.472	37.272	1.896	0.78	261.308	9	5	20	78470	62869
0478	3.644	38.96	1.74	1.052	128.636	8	5	20	78483	62831
0479	3.732	38.02	1.8	0.836	107.168	9	4	20	78464	62822
048	3.712	36.216	1.764	1.232	170.816	9	5	20	78462	62866
0480	3.496	35.596	1.928	0.328	63.16	9	5	20	78440	62715
0481	3.432	36.892	2.02	0.628	173.052	8	3	20	78436	62714
0482	3.488	37.104	1.996	0.356	42.188	8	6	20	78437	62734
0483	3.256	38.32	2.216	1.46	55.308	7	3	20	78444	62833
0484	4.384	38.752	1.768	0.308	100.364	7	4	20	78455	62781
0485	4.06	38.428	1.944	0.708	47.044	8	6	20	78455	62826
0486	3.764	37.468	2.044	0.704	37.936	7	4	20	78444	62751
0487	3.704	38.036	2.124	1.056	23.92	5	3	20	78431	62742
0488	3.524	38.688	2.204	0.7	72.856	8	3	20	78441	62746
0489	4.412	37.444	1.952	0.664	35.488	7	3	20	78424	62579
049	4.404	36.896	1.852	0.428	30.268	8	5	20	78452	62698
0490	4.172	37.18	1.876	0.216	61.772	7	4	20	78468	62779
0491	3.572	36.136	1.976	0.484	68.82	6	3	20	78442	62743
0492	3.516	37.092	1.924	0.604	69.58	7	4	20	78432	62754
0493	3.488	37.092	1.94	0.36	63.444	8	3	20	78448	62825
0494	3.68	37.644	1.8	0.92	59.808	9	6	20	78453	62718
0495	3.5	36.84	1.992	1.124	140.652	9	5	20	78475	62875
0496	3.724	37.744	2.004	0.444	26.264	6	4	20	78433	62736
0497	3.616	38.644	2.056	1.276	130.096	11	6	20	78471	62821
0498	3.876	39.84	1.652	0.492	168.708	11	7	20	78475	62880
0499	3.78	38.336	1.84	0.488	152.03199999999998	10	5	20	78477	62875
05	3.904	37.608	1.912	0.22	293.20799999999997	10	6	20	78485	62840
050	3.8	36.984	2.148	0.516	30.38	7	4	20	78400	62611
0500	3.928	37.944	2.288	0.556	39.96	7	4	20	78450	62765
0501	3.872	37.808	2.224	1.068	129.176	8	4	20	78464	62888
0502	4.364	38.964	1.932	0.324	70.032	7	3	20	78442	62732
0503	4.048	38.196	2.068	0.368	162.11599999999999	8	4	20	78470	62814
0504	4.06	37.728	2.036	0.712	65.30799999999999	7	3	20	78461	62848
0505	3.732	38.26	2.256	0.372	55.416	8	4	20	78434	62770
0506	4.392	38.46	1.832	0.228	104.068	9	6	20	78438	62809
0507	4.26	37.328	1.78	0.68	64.296	8	3	20	78443	62681
0508	3.956	36.548	1.768	0.232	118.532	9	5	20	78477	62792
0509	3.564	36.98	1.992	0.676	119.27199999999999	10	5	20	78458	62875
051	3.512	38.776	2.116	1.22	95.456	8	3	20	78463	62808
0510	3.304	37.688	2.232	0.848	149.024	7	3	20	78460	62914
0511	4.392	38.888	1.832	0.78	59.424	9	5	20	78443	62736
0512	3.896	38.412	1.94	0.684	34.112	7	5	20	78441	62734
0513	3.86	36.58	1.736	1.372	249.792	10	5	20	78484	62865
0514	3.688	37.308	1.888	0.864	66.86	7	3	20	78439	62796
0515	3.724	39.164	1.996	0.436	47.152	9	6	20	78450	62744
0516	3.692	37.344	1.892	1.408	47.384	7	3	20	78450	62859
0517	3.412	39.256	1.92	0.532	118.01599999999999	9	4	20	78467	62830
0518	3.664	37.652	1.98	1.18	79.444	7	5	20	78436	62719
0519	3.656	38.48	2.016	0.744	163.06799999999998	9	4	20	78452	62677
052	3.636	38.524	1.796	0.66	120.94	8	5	20	78460	62864
0520	3.948	39.224	2.132	1.224	227.536	7	4	20	78465	62871
0521	4.016	37.996	2.148	1.756	50.668	9	6	20	78437	62687
0522	3.824	38.388	2.152	1.088	55.112	6	2	20	78462	62807
0523	4.388	38.904	1.932	0.34	98.03999999999999	9	4	20	78446	62789
0524	4.152	37.708	1.828	1.512	57.964	9	5	20	78429	62722
0525	3.924	38.216	2.036	0.868	113.088	9	4	20	78447	62782
0526	3.62	38.72	2.108	0.356	54.04	7	5	20	78430	62613
0527	3.736	40.916	2.028	0.908	42.232	8	4	20	78408	62565
0528	4.072	39.516	1.828	0.288	38.668	8	5	20	78428	62713
0529	3.876	38.308	1.936	0.38	87.732	7	4	20	78461	62879
053	3.824	37.82	1.924	1.072	24.444	7	4	20	78432	62827
0530	3.656	37.488	1.924	0.7	52.88	6	4	20	78474	62853
0531	3.512	38.22	1.98	0.66	230.304	7	2	20	78473	62760
0532	3.676	38.184	1.864	0.34	54.312	7	3	20	78446	62722
0533	3.728	39.612	1.94	0.7	83.596	9	5	20	78464	62823
0534	3.76	37.752	2.048	0.236	39.344	6	4	20	78440	62865
0535	3.72	39.196	1.932	0.64	225.964	10	4	20	78464	62718
0536	3.564	38.692	2.012	0.424	69.784	9	5	20	78454	62752
0537	3.924	39.312	1.936	0.94	85.956	8	5	20	78445	62822
0538	3.856	39.488	1.848	0.656	33.176	8	5	20	78432	62678
0539	3.9	39.2	2.084	1.06	137.172	9	6	20	78470	62930
054	3.58	39.424	2.008	0.952	104.072	8	4	20	78463	62840
0540	4.128	39.348	2.032	1.044	82.368	8	4	20	78441	62796
0541	3.924	39.18	2.12	0.288	92.116	7	4	20	78462	62825
0542	3.784	38.704	2.256	0.632	109.52799999999999	8	5	20	78481	62875
0543	4.336	41.248	2.208	1.992	75.70400000000001	7	3	20	78442	62650
0544	4.216	38.184	1.876	0.24	143.772	6	4	20	78463	62782
0545	4.14	38.136	1.844	1.2	105.668	8	4	20	78455	62768
0546	3.88	38.856	1.8	0.336	146.4	10	6	20	78468	62745
0547	3.784	37.036	1.98	1.336	98.62	9	6	20	78409	62736
0548	3.424	37.376	1.936	0.688	65.912	5	2	20	78433	62633
0549	3.544	38.872	2.004	0.9	175.892	6	4	20	78494	62897
055	3.456	38.068	2.124	0.284	53.072	9	6	20	78430	62704
0550	3.672	41.18	2.26	1.128	51.548	6	4	20	78452	62795
0551	4.344	38.704	1.772	0.584	131.932	8	4	20	78456	62830
0552	4.092	36.0	1.796	0.644	163.472	11	6	20	78467	62903
0553	3.992	36.904	1.916	0.568	37.564	8	5	20	78425	62685
0554	3.772	36.336	1.992	2.6	65.428	7	4	20	78430	62725
0555	3.26	38.548	1.94	0.588	114.53999999999999	10	8	20	78469	62906
0556	3.348	37.64	2.144	0.292	78.832	8	3	20	78430	62655
0557	3.992	40.952	2.132	0.336	53.184	8	6	20	78456	62729
0558	4.112	39.692	2.052	0.976	48.0	8	4	20	78455	62703
0559	4.104	39.688	1.936	0.724	123.144	9	6	20	78469	62870
056	3.868	39.82	2.072	1.1	28.824	6	4	20	78448	62781
0560	3.84	36.984	1.812	0.372	49.692	7	5	20	78466	62836
0561	3.856	38.3	1.876	0.36	73.36	9	5	20	78446	62806
0562	3.896	37.284	1.872	0.852	47.048	7	5	20	78451	62786
0563	3.744	36.72	1.8	0.272	37.216	5	3	20	78468	62766
0564	3.62	37.768	1.952	0.708	95.0	9	6	20	78458	62795
0565	3.436	38.02	2.08	0.704	405.5	7	3	20	78471	62879
0566	3.424	38.904	2.108	1.16	93.73599999999999	8	4	20	78443	62708
0567	4.144	39.172	1.768	0.724	77.804	9	4	20	78461	62800
0568	4.152	37.204	1.852	0.316	40.228	8	5	20	78432	62738
0569	3.952	37.652	2.02	0.352	207.38	9	5	20	78460	62819
057	3.596	37.188	2.216	0.588	171.54399999999998	10	6	20	78459	62798
0570	3.612	37.704	2.292	1.472	130.936	8	4	20	78473	62780
0571	4.324	39.492	2.028	0.316	101.436	9	4	20	78433	62728
0572	4.08	38.556	2.16	0.368	88.06	8	4	20	78448	62814
0573	4.176	38.764	2.148	0.572	59.096	8	5	20	78447	62800
0574	4.012	41.036	2.284	1.296	140.40800000000002	10	6	20	78451	62772
0575	4.328	37.7	1.852	0.376	86.316	8	4	20	78433	62650
0576	4.088	38.0	1.952	0.388	53.2	8	4	20	78443	62794
0577	3.94	37.032	1.876	0.812	120.444	9	5	20	78465	62752
0578	3.512	37.852	1.992	1.304	49.124	8	6	20	78437	62903
0579	3.556	37.732	2.088	0.916	54.296	7	3	20	78442	62794
058	3.7	40.676	2.16	0.632	55.928	8	5	20	78457	62817
0580	4.124	40.012	1.772	1.132	56.696	8	5	20	78466	62863
0581	4.052	38.784	1.928	1.204	70.416	8	5	20	78473	62789
0582	3.904	37.816	1.964	0.688	49.584	7	5	20	78444	62836
0583	3.544	37.368	2.008	1.744	45.504	8	4	20	78460	62811
0584	3.36	38.092	2.244	0.328	29.52	7	4	20	78431	62770
0585	3.692	38.772	1.82	0.34	27.292	6	4	20	78437	62825
0586	4.152	37.808	1.748	0.48	84.12	10	4	20	78461	62884
0587	4.072	37.628	1.732	0.484	29.156	6	3	20	78419	62617
0588	3.712	36.2	1.68	0.256	139.688	9	4	20	78448	62823
0589	3.696	35.624	1.824	0.4	89.72	9	5	20	78448	62722
059	3.492	36.676	1.956	1.396	58.916	7	4	20	78446	62798
0590	3.452	36.684	1.908	1.68	42.396	6	4	20	78440	62761
0591	3.276	36.368	2.004	0.736	17.436	6	4	20	78435	62715
0592	3.368	37.812	2.108	0.28	30.264	8	6	20	78422	62608
0593	3.408	39.3	2.112	0.436	32.012	7	4	20	78403	62613
0594	4.068	39.344	1.936	0.612	110.788	7	3	20	78450	62762
0595	4.164	36.396	1.688	0.36	108.936	8	4	20	78449	62789
0596	4.104	36.544	1.836	0.824	96.952	9	5	20	78459	62828
0597	3.536	37.044	1.912	1.064	39.896	7	3	20	78414	62691
0598	3.512	38.028	2.024	0.344	62.788	10	5	20	78453	62836
0599	3.364	38.456	2.212	0.688	36.084	7	3	20	78446	62792
06	3.276	38.304	2.068	1.128	115.812	10	6	20	78461	62819
060	4.116	39.824	1.992	0.376	29.068	8	7	20	78455	62748
0600	4.1	38.996	2.016	0.664	27.46	5	3	20	78448	62738
0601	3.852	36.58	1.732	0.856	47.572	9	5	20	78452	62758
0602	3.772	37.34	1.808	0.336	173.0	10	5	20	78449	62668
0603	3.548	36.4	1.856	0.7	79.912	9	5	20	78463	62820
0604	3.668	36.404	1.892	0.308	74.62	8	3	20	78436	62731
0605	3.468	37.236	1.984	1.664	19.744	5	4	20	78454	62803
0606	3.216	36.836	2.06	0.74	28.144	8	6	20	78447	62851
0607	3.336	37.668	2.024	1.556	211.892	8	3	20	78461	62838
0608	3.9	38.492	1.884	0.824	59.944	8	5	20	78450	62659
0609	3.852	39.88	1.98	0.82	26.244	5	4	20	78453	62823
061	3.668	38.104	1.94	0.34	69.36	8	5	20	78423	62678
0610	3.7	37.556	1.996	0.964	129.328	8	4	20	78469	62879
0611	3.876	38.588	1.984	0.692	51.784	9	6	20	78434	62673
0612	3.748	39.656	1.976	0.268	34.556	8	5	20	78442	62809
0613	3.76	40.064	2.108	0.512	116.936	10	5	20	78450	62757
0614	3.912	40.016	1.84	0.328	88.412	9	5	20	78456	62857
0615	3.908	38.288	1.936	0.612	92.47200000000001	9	4	20	78442	62809
0616	3.948	38.316	2.02	0.728	82.376	8	5	20	78445	62817
0617	3.712	38.764	2.124	0.592	138.496	8	4	20	78480	62912
0618	3.692	40.232	2.224	0.756	37.836	6	4	20	78440	62803
0619	4.22	41.508	1.868	0.356	21.776	6	4	20	78447	62790
062	4.112	38.936	1.936	0.64	68.72	9	6	20	78453	62868
0620	3.944	37.572	1.68	1.488	83.932	9	5	20	78447	62730
0621	3.628	35.856	1.784	1.116	107.532	7	2	20	78437	62777
0622	3.484	35.956	1.92	0.64	87.212	10	7	20	78434	62711
0623	3.588	36.776	1.872	0.756	96.55199999999999	6	3	20	78465	62791
0624	3.432	37.904	2.124	0.692	76.78399999999999	9	5	20	78467	62743
0625	3.3	36.844	2.168	0.492	104.38	8	4	20	78471	62881
0626	4.336	38.764	1.9	0.708	107.936	9	5	20	78444	62822
0627	3.904	39.876	2.016	0.976	78.58	8	3	20	78441	62808
0628	3.868	38.76	1.724	0.376	56.876	6	2	20	78441	62774
0629	3.856	36.828	1.844	0.844	61.6	7	3	20	78443	62788
063	3.852	36.668	1.976	0.672	56.068	8	5	20	78443	62780
0630	3.82	37.236	2.02	0.8	28.436	7	5	20	78429	62736
0631	3.468	37.328	1.984	0.272	70.724	7	3	20	78455	62802
0632	3.584	38.968	2.18	0.348	36.108	8	4	20	78445	62717
0633	4.112	36.304	1.752	0.372	192.316	11	6	20	78463	62812
0634	4.18	35.604	1.756	0.632	47.332	8	5	20	78438	62781
0635	3.828	37.18	1.904	0.508	61.4	8	5	20	78446	62744
0636	3.624	35.976	1.944	0.28	59.408	9	5	20	78445	62743
0637	3.512	35.928	1.812	0.4	89.444	8	4	20	78462	62873
0638	3.148	35.868	2.028	0.9	43.816	8	5	20	78425	62664
0639	3.316	37.744	2.02	0.648	55.132	10	5	20	78435	62717
064	3.468	38.972	2.076	0.396	29.252	6	4	20	78451	62854
0640	4.116	38.32	1.776	0.284	21.16	8	6	20	78430	62679
0641	4.036	36.844	1.848	0.8	160.904	9	4	20	78453	62755
0642	4.1	37.224	1.784	0.272	101.072	9	4	20	78475	62849
0643	3.968	36.268	1.924	0.76	33.48	7	4	20	78460	62771
0644	3.576	35.38	1.828	1.504	166.2	9	5	20	78459	62684
0645	3.344	36.504	1.98	0.336	58.284	8	5	20	78452	62880
0646	3.296	38.104	2.156	0.848	73.712	8	4	20	78449	62664
0647	3.676	39.064	2.088	1.716	342.36	9	6	20	78460	62901
0648	4.124	39.648	2.044	0.712	133.048	13	8	20	78450	62759
0649	4.008	39.8	1.94	0.632	43.948	8	5	20	78421	62741
065	4.088	39.388	2.02	1.572	32.136	7	6	20	78454	62774
0650	3.936	37.588	1.968	0.64	98.756	8	4	20	78462	62914
0651	3.536	38.828	2.24	1.432	129.288	8	3	20	78437	62801
0652	4.372	38.672	1.948	0.532	66.984	7	4	20	78454	62758
0653	4.14	37.84	2.012	0.424	115.988	9	5	20	78466	62776
0654	4.044	37.932	2.02	0.764	57.788	7	4	20	78451	62801
0655	3.508	38.164	2.152	0.42	36.644	6	4	20	78434	62643
0656	4.076	40.652	2.208	0.936	88.368	7	3	20	78424	62650
0657	4.128	38.98	1.764	0.528	80.668	8	3	20	78449	62802
0658	4.144	37.864	1.928	0.38	56.956	8	4	20	78420	62656
0659	3.876	36.572	1.948	0.72	60.116	8	3	20	78419	62611
066	3.844	37.852	2.092	0.684	46.16	7	4	20	78449	62789
0660	3.276	39.228	2.116	0.42	63.956	8	7	20	78451	62719
0661	4.152	38.896	1.9	0.632	63.464	9	5	20	78442	62791
0662	3.92	36.516	1.78	0.212	50.864	8	5	20	78444	62691
0663	3.912	35.252	1.728	0.272	76.832	6	3	20	78433	62706
0664	3.88	36.532	1.836	1.1	28.88	7	5	20	78443	62782
0665	3.708	35.752	1.84	0.24	159.708	8	4	20	78468	62717
0666	3.432	35.588	2.02	0.304	191.39600000000002	8	5	20	78469	62697
0667	3.144	36.64	2.112	0.464	110.48400000000001	10	6	20	78457	62825
0668	3.052	37.572	2.052	0.5	270.944	11	8	20	78446	62822
0669	4.12	37.848	1.988	1.568	121.16	11	6	20	78450	62784
067	4.096	39.08	2.004	1.58	114.24799999999999	8	3	20	78467	62856
0670	3.64	38.636	2.1	0.584	65.812	8	5	20	78439	62752
0671	3.86	40.58	2.22	1.02	84.128	8	4	20	78457	62819
0672	4.34	40.224	2.032	0.552	123.352	7	4	20	78461	62808
0673	4.156	39.712	1.856	1.868	51.968	9	5	20	78440	62686
0674	3.82	38.484	1.948	0.988	99.77600000000001	10	6	20	78434	62738
0675	3.716	37.264	1.936	0.96	42.112	8	5	20	78436	62594
0676	3.824	38.312	2.072	3.164	51.54	6	4	20	78450	62779
0677	3.704	36.884	1.984	0.3	183.844	10	6	20	78459	62916
0678	3.468	38.432	2.248	0.344	141.948	10	6	20	78441	62821
0679	4.268	40.812	1.828	0.592	86.412	7	4	20	78468	62882
068	3.992	38.84	1.896	0.512	70.316	7	3	20	78434	62768
0680	3.972	36.604	1.94	1.268	82.544	8	5	20	78453	62882
0681	3.936	35.624	1.944	0.436	110.49199999999999	8	6	20	78442	62760
0682	3.528	36.632	2.12	1.092	73.008	9	5	20	78429	62699
0683	3.348	37.36	2.244	0.852	70.472	7	4	20	78447	62805
0684	4.328	37.672	1.604	0.588	51.188	7	3	20	78434	62760
0685	4.104	37.684	1.712	0.628	68.224	8	3	20	78461	62887
0686	3.78	36.932	1.872	0.332	30.572	8	5	20	78441	62747
0687	3.796	35.268	1.904	0.816	64.64	7	4	20	78443	62698
0688	3.776	35.12	1.848	0.96	41.176	8	3	20	78438	62636
0689	3.744	36.768	1.976	1.128	65.772	7	5	20	78460	62799
069	3.276	35.976	1.952	0.764	69.632	8	4	20	78432	62858
0690	3.344	37.712	2.056	0.676	135.676	7	2	20	78469	62759
0691	4.12	38.444	1.82	0.212	49.18	8	5	20	78460	62812
0692	3.72	37.408	2.112	1.008	30.328	6	4	20	78435	62764
0693	3.932	38.324	1.876	0.912	116.82	8	5	20	78465	62837
0694	3.908	37.608	1.804	0.844	89.108	8	3	20	78442	62861
0695	3.932	36.46	1.788	1.408	41.508	8	5	20	78426	62734
0696	3.684	37.732	1.916	0.52	81.98400000000001	9	4	20	78463	62893
0697	3.38	37.36	2.028	0.436	87.292	8	4	20	78457	62740
0698	3.704	39.82	1.956	0.732	52.792	9	5	20	78454	62831
0699	3.456	39.548	2.32	1.588	109.8	11	6	20	78440	62663
07	4.288	40.224	1.928	0.224	93.112	8	4	20	78472	62889
070	4.088	39.092	1.708	0.412	72.028	7	3	20	78466	62874
0700	3.916	36.628	1.736	0.688	241.14	9	5	20	78441	62769
0701	3.604	35.984	1.944	0.82	96.47999999999999	9	4	20	78462	62830
0702	3.592	37.844	2.064	0.708	56.032	8	4	20	78448	62746
0703	3.392	37.984	2.268	0.42	39.652	8	6	20	78447	62752
0704	3.476	36.948	2.24	1.516	37.892	4	2	20	78407	62688
0705	4.332	39.248	1.708	0.304	24.34	7	4	20	78431	62718
0706	4.172	36.888	1.756	0.636	25.168	6	5	20	78446	62713
0707	3.976	35.7	1.956	0.872	60.548	8	5	20	78413	62697
0708	3.896	36.688	2.112	3.04	24.904	6	4	20	78443	62810
0709	3.336	36.576	2.12	0.648	67.84	8	5	20	78452	62784
071	3.176	36.9	1.948	0.64	23.624	7	4	20	78449	62773
0710	3.988	38.536	1.88	0.696	109.1	10	6	20	78449	62757
0711	3.78	37.444	1.812	0.288	61.764	7	4	20	78436	62772
0712	3.92	36.792	1.816	0.8	24.228	7	3	20	78426	62737
0713	3.632	36.716	2.064	0.824	163.14	7	3	20	78465	62832
0714	3.396	39.02	1.984	0.736	35.852	6	4	20	78439	62796
0715	3.72	38.288	1.996	0.988	78.72800000000001	7	3	20	78441	62746
0716	3.72	39.328	2.116	0.68	90.576	8	4	20	78448	62740
0717	3.864	37.792	1.94	0.324	54.24	8	5	20	78459	62805
0718	3.916	37.236	1.96	0.604	78.048	11	8	20	78465	62849
0719	3.8	38.12	2.02	0.488	54.876	6	3	20	78427	62824
072	3.756	39.364	2.012	0.684	67.2	6	3	20	78472	62980
0720	3.692	39.416	2.052	0.744	92.27600000000001	9	5	20	78471	62803
0721	4.124	39.408	1.868	0.632	154.808	8	3	20	78473	62826
0722	3.904	38.912	1.816	0.64	69.148	9	5	20	78442	62677
0723	3.848	37.564	1.88	0.388	36.308	8	5	20	78427	62703
0724	3.688	35.352	1.852	0.856	71.82	7	4	20	78441	62638
0725	3.612	37.068	2.06	0.784	56.736	8	4	20	78435	62797
0726	3.548	37.784	2.088	0.708	83.356	7	5	20	78449	62822
0727	3.408	37.72	2.264	0.416	34.856	7	5	20	78450	62721
0728	4.484	38.568	1.932	1.556	80.70400000000001	9	3	20	78453	62799
0729	4.436	37.168	1.832	0.264	53.68	8	4	20	78456	62850
073	3.968	37.46	1.868	0.576	45.388	6	4	20	78418	62625
0730	3.612	37.384	2.024	0.476	61.384	8	6	20	78453	62840
0731	3.48	37.612	2.1	0.532	186.632	11	7	20	78467	62789
0732	3.66	37.652	2.004	0.8	95.336	8	5	20	78468	62862
0733	3.728	38.764	1.96	0.792	41.124	8	7	20	78454	62807
0734	4.064	37.548	1.748	0.608	92.988	8	3	20	78457	62707
0735	3.86	37.86	1.756	0.98	308.912	8	4	20	78477	62843
0736	3.76	37.472	2.068	0.684	35.372	7	6	20	78454	62712
0737	3.528	38.316	2.008	0.52	45.796	7	4	20	78431	62730
0738	3.456	39.212	2.028	1.116	139.364	9	4	20	78466	62890
0739	3.944	38.428	1.852	0.816	39.9	8	5	20	78435	62784
074	3.94	38.66	2.036	0.904	42.54	7	4	20	78445	62761
0740	3.892	39.712	2.032	0.88	198.112	6	3	20	78477	62782
0741	3.904	38.604	1.888	0.304	17.216	6	3	20	78412	62676
0742	3.668	38.112	2.092	0.268	155.504	9	4	20	78480	62781
0743	3.92	38.872	1.8	0.996	116.02000000000001	9	4	20	78438	62659
0744	3.82	38.356	2.112	0.668	162.46	8	3	20	78461	62837
0745	3.948	38.628	2.024	0.8	59.016	8	5	20	78434	62659
0746	3.664	39.18	2.124	0.704	40.888	7	5	20	78420	62626
0747	3.956	41.204	2.26	1.156	123.672	6	2	20	78444	62708
0748	4.42	39.66	2.004	1.324	90.32	9	4	20	78454	62843
0749	4.128	38.92	2.196	0.42	44.188	7	4	20	78455	62826
075	3.964	39.012	1.948	0.552	82.708	8	4	20	78461	62734
0750	4.124	38.38	2.128	0.288	124.36	8	3	20	78465	62869
0751	3.884	38.332	1.912	0.432	47.028	8	5	20	78460	62869
0752	3.708	38.328	1.82	0.752	67.468	7	4	20	78448	62725
0753	3.776	37.704	1.956	0.74	30.664	6	3	20	78427	62713
0754	3.948	37.736	2.036	0.576	52.68	8	4	20	78446	62788
0755	3.552	39.08	2.016	0.756	73.716	7	4	20	78448	62682
0756	3.724	38.736	1.952	0.556	58.112	9	6	20	78427	62766
0757	3.892	38.464	1.82	0.308	56.184	8	3	20	78444	62813
0758	3.848	36.668	1.884	0.96	34.068	5	3	20	78457	62822
0759	3.588	38.148	2.04	1.0	117.096	7	5	20	78475	62911
076	3.652	38.852	2.036	0.676	70.82	7	3	20	78434	62682
0760	3.552	38.712	1.76	0.84	61.484	7	5	20	78453	62738
0761	3.892	37.944	1.824	0.892	82.596	9	5	20	78442	62775
0762	3.824	37.376	1.928	0.552	67.68	8	5	20	78450	62795
0763	3.54	37.696	2.116	1.116	32.92	7	5	20	78437	62777
0764	3.468	37.428	2.088	0.292	56.828	10	5	20	78428	62735
0765	3.5	39.088	2.28	0.908	86.364	9	5	20	78443	62706
0766	4.316	39.14	1.8	0.368	82.568	9	5	20	78470	62861
0767	4.132	37.584	1.768	0.368	104.344	8	5	20	78447	62729
0768	3.868	37.956	1.76	0.232	47.56	7	4	20	78423	62751
0769	3.74	37.22	1.928	0.248	50.828	7	4	20	78446	62767
077	3.548	37.12	1.924	0.844	78.98400000000001	9	6	20	78458	62782
0770	3.548	38.492	2.152	0.628	49.004	8	4	20	78416	62673
0771	3.376	37.68	2.092	0.396	128.276	10	5	20	78457	62807
0772	3.688	40.184	2.092	0.908	81.71600000000001	8	3	20	78467	62826
0773	4.076	39.288	1.844	0.824	24.864	6	3	20	78405	62540
0774	4.028	37.408	1.752	0.416	78.51599999999999	8	3	20	78456	62881
0775	3.916	38.264	1.904	0.648	48.012	7	3	20	78436	62764
0776	3.704	36.656	1.932	0.868	115.22	10	7	20	78469	62889
0777	3.376	37.812	2.008	1.596	267.26	8	3	20	78467	62818
0778	3.32	38.304	2.176	1.092	278.788	10	5	20	78481	62838
0779	3.944	39.212	1.908	0.508	27.616	6	4	20	78436	62772
078	4.124	38.42	1.872	0.352	207.912	9	5	20	78467	62855
0780	3.632	38.608	1.96	0.708	107.844	8	4	20	78449	62778
0781	3.464	37.844	2.04	0.244	16.24	5	2	20	78411	62613
0782	3.704	39.396	2.02	0.816	62.604	8	5	20	78463	62769
0783	3.688	39.292	2.02	0.512	84.136	9	5	20	78467	62859
0784	3.956	38.896	2.128	1.7	90.76	10	6	20	78444	62767
0785	3.884	39.968	2.228	1.228	84.924	9	6	20	78478	62825
0786	4.328	39.364	2.016	1.052	76.924	8	5	20	78450	62837
0787	4.1	38.596	1.988	1.024	105.19200000000001	9	5	20	78466	62776
0788	3.668	39.324	2.044	1.004	48.332	8	5	20	78431	62765
0789	4.128	38.608	1.816	0.924	194.744	9	5	20	78457	62793
079	3.908	37.64	1.968	1.392	50.756	9	5	20	78436	62671
0790	3.752	37.924	1.88	0.748	44.832	9	6	20	78446	62733
0791	3.848	38.372	1.912	0.476	71.572	9	4	20	78440	62759
0792	3.836	36.808	1.868	0.344	151.464	10	5	20	78443	62753
0793	3.6	36.452	2.104	0.304	38.94	6	3	20	78419	62677
0794	3.508	37.46	1.908	1.984	198.42000000000002	11	6	20	78464	62848
0795	3.564	38.364	1.98	0.952	140.628	9	4	20	78459	62824
0796	3.944	38.924	1.896	0.428	35.968	6	3	20	78423	62759
0797	3.66	38.672	2.04	0.384	47.276	9	5	20	78441	62763
0798	3.956	39.576	2.0	0.332	49.468	7	5	20	78432	62773
0799	3.94	38.936	2.116	0.268	128.388	7	2	20	78454	62735
08	3.976	40.832	1.976	0.36	62.72	9	4	20	78447	62852
080	4.004	38.752	1.94	0.56	153.324	9	6	20	78456	62813
0800	4.136	39.0	1.952	1.084	30.892	6	4	20	78433	62640
0801	3.88	37.7	1.868	0.868	276.92	11	5	20	78490	62935
0802	3.58	37.992	2.168	0.728	142.06	10	7	20	78437	62776
0803	3.664	37.712	1.86	0.512	95.144	8	4	20	78449	62646
0804	4.108	38.18	1.94	0.676	76.48	8	6	20	78445	62757
0805	3.772	38.232	1.98	1.908	95.316	9	6	20	78443	62738
0806	3.684	37.84	2.02	0.828	94.94	11	8	20	78452	62791
0807	3.516	38.38	2.26	0.268	38.964	8	4	20	78427	62663
0808	4.44	36.168	1.704	0.256	63.952	7	3	20	78457	62859
0809	4.3	36.34	1.736	0.524	25.516	7	4	20	78422	62662
081	4.28	36.728	1.836	0.26	18.968	7	4	20	78413	62692
0810	3.76	35.82	1.884	0.504	68.208	7	4	20	78455	62744
0811	3.556	37.084	2.008	0.372	60.5	7	3	20	78442	62773
0812	3.248	37.472	1.996	0.852	65.888	9	5	20	78443	62690
0813	3.176	38.644	1.992	0.796	89.68	8	4	20	78468	62821
0814	3.82	39.088	2.06	0.472	71.848	10	6	20	78447	62835
0815	3.9	39.012	1.952	1.188	38.684	7	4	20	78438	62711
0816	3.884	38.74	1.848	0.328	111.172	8	3	20	78466	62811
0817	3.744	37.092	1.86	0.48	158.464	10	5	20	78461	62831
0818	3.852	37.956	1.808	0.656	85.128	9	4	20	78448	62844
0819	3.704	37.336	1.948	0.296	52.116	7	4	20	78445	62697
082	3.512	37.496	2.036	1.06	73.236	6	4	20	78451	62747
0820	3.492	37.928	2.036	0.532	54.652	8	5	20	78431	62732
0821	3.696	39.248	2.108	0.94	64.19200000000001	8	6	20	78462	62873
0822	3.924	40.3	2.228	0.704	51.384	6	2	20	78442	62861
0823	4.284	40.06	1.856	0.28	59.356	9	7	20	78433	62589
0824	4.144	36.236	1.72	1.22	38.108	8	4	20	78442	62756
0825	3.828	35.512	1.888	0.892	89.724	8	5	20	78439	62720
0826	4.056	37.452	2.04	1.112	88.14	9	4	20	78440	62806
0827	3.776	35.772	1.908	0.624	101.168	9	5	20	78445	62669
0828	3.56	37.584	2.076	0.452	126.952	7	2	20	78453	62946
0829	3.42	37.328	2.1	0.296	69.28	8	3	20	78468	62847
083	3.868	39.34	2.02	0.352	69.772	6	3	20	78449	62764
0830	4.096	40.228	2.116	0.268	76.488	9	5	20	78463	62830
0831	3.988	40.256	2.224	0.52	34.092	9	5	20	78452	62743
0832	4.488	38.62	1.868	0.696	44.276	8	4	20	78449	62818
0833	4.368	37.496	1.808	0.22	159.664	8	3	20	78472	62884
0834	3.92	36.136	1.884	0.412	169.216	9	5	20	78463	62860
0835	3.468	36.776	2.048	0.312	187.708	10	4	20	78453	62678
0836	3.556	37.404	1.792	1.148	84.788	9	5	20	78421	62691
0837	3.304	38.864	2.052	0.74	37.776	5	2	20	78433	62643
0838	3.812	37.748	2.012	0.272	113.068	10	7	20	78451	62704
0839	3.66	37.5	2.068	0.64	91.468	8	4	20	78443	62692
084	3.644	39.852	2.104	0.264	39.972	6	4	20	78464	62773
0840	4.152	40.744	2.128	0.428	91.044	9	4	20	78456	62738
0841	4.12	39.58	1.964	0.588	124.872	8	3	20	78464	62812
0842	4.124	37.624	1.756	0.252	161.92000000000002	6	3	20	78474	62793
0843	3.888	37.332	1.86	0.616	72.48	6	2	20	78469	62897
0844	3.584	37.304	1.968	1.096	49.944	9	6	20	78457	62766
0845	3.784	36.812	2.024	0.7	78.86	9	6	20	78457	62819
0846	3.72	38.1	2.088	0.232	114.112	8	3	20	78461	62843
0847	3.34	39.064	2.112	0.904	60.032	9	6	20	78438	62776
0848	4.068	41.556	2.156	0.372	47.92	7	4	20	78421	62636
0849	4.14	38.792	2.008	1.08	37.356	6	4	20	78435	62694
085	4.108	38.192	1.788	0.512	57.608	9	6	20	78448	62762
0850	3.86	37.704	1.864	0.564	38.92	7	3	20	78438	62760
0851	3.7	36.792	1.844	0.484	48.56	8	4	20	78437	62618
0852	3.524	36.976	1.816	0.344	139.56	9	6	20	78477	62911
0853	3.404	37.996	1.948	0.752	126.996	6	4	20	78470	62859
0854	3.632	37.664	1.9	0.58	43.264	8	5	20	78428	62717
0855	3.48	36.584	1.928	0.42	97.124	8	4	20	78444	62769
0856	3.328	36.968	2.02	1.568	26.388	6	4	20	78423	62593
0857	3.488	39.056	1.952	0.984	94.79599999999999	8	4	20	78442	62771
0858	3.672	40.08	2.012	0.864	64.816	10	5	20	78466	62847
0859	3.876	37.752	2.024	0.668	41.36	7	5	20	78450	62796
086	3.732	39.02	2.14	0.472	28.736	8	5	20	78426	62667
0860	3.72	39.652	2.252	0.36	122.004	9	5	20	78469	62777
0861	4.444	36.02	1.744	0.348	98.364	7	4	20	78475	62831
0862	4.436	35.66	1.756	0.396	181.828	9	4	20	78466	62849
0863	3.8	36.312	1.812	1.592	116.824	9	4	20	78450	62891
0864	3.664	34.904	1.928	0.676	62.364	7	4	20	78456	62736
0865	3.4	35.7	2.06	1.016	143.992	9	4	20	78437	62815
0866	3.424	36.436	2.172	1.14	69.096	8	4	20	78420	62676
0867	3.236	37.92	2.228	0.864	81.672	8	3	20	78454	62735
0868	4.42	39.828	1.98	0.808	143.608	8	4	20	78450	62884
0869	4.364	38.232	2.068	0.4	93.29599999999999	9	5	20	78456	62843
087	3.884	37.336	1.796	0.384	248.784	8	4	20	78460	62766
0870	3.616	37.96	2.044	1.432	108.05199999999999	11	7	20	78433	62732
0871	3.788	39.508	2.044	0.292	54.696	6	3	20	78442	62777
0872	3.632	39.956	2.104	0.88	74.092	7	4	20	78453	62838
0873	3.904	38.748	2.128	0.52	238.736	10	4	20	78467	62813
0874	4.116	40.16	2.08	1.236	41.644	7	4	20	78426	62767
0875	4.092	39.264	1.872	0.264	173.336	11	6	20	78448	62680
0876	3.932	38.584	1.924	0.708	24.552	5	3	20	78419	62727
0877	3.716	37.868	1.952	0.236	83.268	7	5	20	78439	62785
0878	3.648	37.32	1.912	1.1	24.184	7	6	20	78448	62766
0879	3.552	37.748	1.888	0.292	23.184	5	3	20	78427	62704
088	3.616	38.888	2.124	1.192	96.92	7	4	20	78453	62764
0880	3.62	39.052	1.96	1.06	52.136	7	4	20	78426	62804
0881	4.084	40.192	2.18	1.88	112.32	6	3	20	78451	62689
0882	3.752	39.924	1.98	0.692	207.672	10	6	20	78449	62800
0883	4.188	39.552	2.108	0.512	155.812	8	4	20	78464	62794
0884	4.232	38.716	2.108	0.636	54.692	8	4	20	78456	62725
0885	3.848	38.54	1.94	1.492	114.36	11	6	20	78454	62734
0886	3.808	37.42	1.94	0.436	108.096	9	6	20	78455	62687
0887	3.884	38.696	2.096	0.376	64.496	9	5	20	78439	62720
0888	3.56	38.94	2.14	1.024	165.46800000000002	10	5	20	78448	62821
0889	3.952	39.62	2.088	1.564	76.592	7	5	20	78456	62859
089	4.104	41.448	2.204	0.344	143.448	9	7	20	78462	62776
0890	4.352	39.584	1.9	0.532	37.276	7	5	20	78440	62729
0891	4.12	38.004	1.88	0.38	156.864	8	4	20	78470	62817
0892	3.996	37.24	1.956	1.804	65.408	9	5	20	78442	62692
0893	3.704	37.988	2.056	0.66	69.92	7	4	20	78439	62774
0894	3.348	38.46	2.132	0.812	29.224	7	4	20	78431	62776
0895	3.7	38.128	2.048	0.868	88.12	8	4	20	78459	62902
0896	3.896	38.624	2.072	0.424	40.304	6	4	20	78457	62836
0897	4.08	38.092	1.82	0.968	69.632	8	5	20	78456	62814
0898	3.84	38.096	1.9	0.22	74.732	9	5	20	78447	62866
0899	3.916	38.54	1.872	0.62	27.74	8	4	20	78423	62604
09	3.552	38.32	1.984	1.064	256.764	8	6	20	78471	62919
090	3.396	38.292	2.172	1.052	49.052	9	5	20	78473	62890
0900	3.696	38.556	1.768	0.732	45.172	7	4	20	78443	62771
0901	4.004	37.712	2.008	1.252	37.112	7	4	20	78421	62786
0902	3.964	37.16	1.748	0.376	50.172	5	3	20	78421	62720
0903	3.808	36.62	1.796	0.58	42.152	8	4	20	78462	62772
0904	3.548	37.488	1.972	1.156	88.004	8	5	20	78467	62868
0905	3.544	37.976	1.892	0.992	106.62	9	4	20	78470	62845
0906	3.496	38.872	1.98	0.768	101.824	7	3	20	78448	62793
0907	3.912	37.768	1.812	1.052	166.472	7	3	20	78472	62886
0908	3.644	38.384	2.048	0.372	73.5	9	5	20	78449	62705
0909	3.892	39.196	2.16	1.044	105.828	9	6	20	78445	62776
091	3.664	39.28	2.316	1.092	60.456	11	8	20	78433	62630
0910	4.376	42.436	1.964	0.416	49.196	9	6	20	78437	62706
0911	4.216	38.2	2.0	0.332	140.0	9	4	20	78472	62748
0912	4.144	38.072	1.928	0.212	73.2	9	5	20	78468	62853
0913	3.712	38.256	2.004	0.816	48.452	6	4	20	78466	62880
0914	3.536	38.1	1.952	0.86	115.076	9	4	20	78453	62742
0915	3.844	37.8	1.9	0.38	50.12	8	5	20	78429	62685
0916	3.952	39.228	2.004	0.28	65.044	7	5	20	78489	62866
0917	3.808	38.752	2.064	0.396	171.268	9	5	20	78463	62811
0918	3.768	38.236	1.888	0.312	94.69200000000001	10	5	20	78458	62904
0919	3.568	39.452	2.048	0.22	26.9	6	3	20	78425	62604
092	3.94	41.096	2.152	0.576	85.756	7	3	20	78448	62788
0920	3.868	40.556	1.872	0.896	83.068	10	5	20	78457	62808
0921	4.188	37.312	1.792	0.644	34.388	7	5	20	78421	62725
0922	3.984	36.4	1.884	0.964	95.512	7	5	20	78472	62884
0923	3.644	37.776	2.352	0.272	40.892	7	5	20	78432	62662
0924	3.632	37.204	2.408	1.284	75.848	8	5	20	78448	62763
0925	4.432	40.084	1.704	0.608	123.7	9	5	20	78443	62859
0926	4.232	37.136	1.82	0.348	41.58	6	3	20	78446	62744
0927	4.076	35.916	1.976	0.74	202.176	10	5	20	78468	62833
0928	3.728	38.008	2.144	0.62	169.536	10	5	20	78441	62666
0929	3.74	36.904	1.988	0.624	111.324	8	3	20	78460	62830
093	3.32	36.548	2.0	0.248	60.228	8	4	20	78453	62869
0930	3.716	39.368	1.98	1.444	172.248	8	3	20	78456	62776
0931	3.72	39.384	2.112	0.324	46.516	7	4	20	78431	62791
0932	3.888	40.136	2.116	0.396	104.756	7	4	20	78459	62829
0933	4.092	39.12	1.864	1.076	158.188	10	5	20	78472	62690
0934	4.176	39.36	2.048	0.652	40.076	6	5	20	78472	62891
0935	3.856	38.68	2.088	0.292	54.672	7	5	20	78455	62846
0936	3.692	39.128	2.244	1.084	43.776	8	5	20	78431	62750
0937	4.396	36.32	1.656	0.212	59.972	7	3	20	78460	62784
0938	4.2	36.504	1.724	0.568	56.888	7	5	20	78434	62739
0939	3.768	36.924	1.832	0.804	161.44	10	5	20	78478	62809
094	3.632	37.024	1.896	0.704	52.708	6	4	20	78469	62877
0940	3.524	36.524	1.936	0.804	37.488	9	4	20	78433	62692
0941	3.38	37.884	2.336	0.764	28.696	7	5	20	78429	62715
0942	3.296	36.812	2.232	0.608	52.844	6	3	20	78421	62723
0943	4.348	35.952	1.712	0.352	25.012	6	3	20	78427	62721
0944	4.292	36.072	1.916	0.432	73.376	8	5	20	78427	62678
0945	4.24	35.732	1.792	0.444	171.152	8	3	20	78477	62894
0946	3.848	34.836	1.82	0.732	67.816	8	5	20	78455	62762
0947	3.724	36.092	2.04	0.64	159.768	8	4	20	78448	62858
0948	3.516	36.1	2.088	0.696	68.94800000000001	7	3	20	78457	62771
0949	3.144	38.508	2.16	0.632	36.168	7	3	20	78417	62679
095	4.084	41.04	2.144	1.028	52.848	8	5	20	78433	62827
0950	4.104	37.872	1.724	1.488	80.788	8	4	20	78443	62855
0951	3.916	36.556	1.908	0.712	55.648	7	4	20	78425	62725
0952	3.804	35.984	2.14	1.412	55.248	10	6	20	78412	62667
0953	3.816	36.228	2.128	1.792	46.34	8	4	20	78438	62725
0954	3.56	38.228	2.196	0.456	72.276	9	5	20	78466	62854
0955	4.264	40.512	1.856	0.184	58.296	8	4	20	78458	62911
0956	4.236	35.624	1.72	0.476	83.97200000000001	9	4	20	78442	62731
0957	4.068	35.412	1.656	1.072	113.28	8	5	20	78494	62950
0958	3.652	35.616	1.844	0.408	93.564	8	4	20	78444	62655
0959	3.66	36.668	1.892	0.432	58.628	8	5	20	78422	62746
096	3.272	34.932	1.932	1.616	112.432	7	3	20	78463	62856
0960	3.212	38.872	2.06	0.544	56.276	8	5	20	78460	62944
0961	3.236	37.596	1.964	0.824	79.656	7	3	20	78448	62857
0962	3.836	41.052	2.124	0.704	55.52	9	7	20	78442	62854
0963	4.048	38.92	2.048	0.5	56.472	9	4	20	78456	62825
0964	4.192	36.044	1.784	0.704	126.772	9	5	20	78452	62755
0965	4.056	36.892	1.808	0.588	51.604	8	5	20	78430	62724
0966	3.5	36.644	1.856	0.38	47.4	7	3	20	78445	62790
0967	3.696	36.516	1.976	0.968	65.848	7	4	20	78444	62715
0968	3.488	35.652	1.936	0.852	89.1	8	5	20	78457	62729
0969	3.316	36.856	2.14	1.396	96.4	8	4	20	78451	62733
097	3.288	39.284	2.12	0.684	38.488	7	3	20	78447	62727
0970	4.088	39.368	2.088	0.344	101.1	8	4	20	78467	62701
0971	4.12	38.696	1.852	1.372	27.692	7	5	20	78457	62778
0972	3.848	39.644	2.016	0.28	66.38	7	2	20	78448	62771
0973	3.928	38.64	1.748	0.492	65.0	9	5	20	78422	62747
0974	3.564	37.232	1.772	0.272	23.692	9	7	20	78423	62731
0975	3.756	37.04	1.984	0.896	64.428	6	4	20	78461	62800
0976	3.664	37.668	1.904	0.556	97.21600000000001	10	6	20	78469	62883
0977	3.368	37.128	1.976	0.248	52.328	9	6	20	78436	62629
0978	3.516	38.172	2.156	0.8	88.66	7	3	20	78445	62719
0979	3.652	39.244	1.956	0.256	98.564	11	6	20	78449	62725
098	4.096	39.456	1.984	0.648	44.824	8	6	20	78433	62730
0980	3.916	39.416	1.972	0.62	43.176	8	5	20	78419	62642
0981	3.7	38.12	1.9	0.576	40.996	7	3	20	78457	62836
0982	3.872	38.712	1.908	0.744	77.408	8	4	20	78474	62876
0983	3.904	39.256	1.912	0.392	76.548	8	5	20	78467	62805
0984	3.928	36.508	1.872	1.004	126.672	8	4	20	78442	62813
0985	3.856	36.192	1.948	0.98	47.324	9	4	20	78404	62706
0986	3.432	37.492	1.924	0.24	61.352	7	3	20	78456	62747
0987	3.56	36.708	2.0	0.42	56.74	8	5	20	78459	62780
0988	3.504	38.056	2.112	0.928	41.892	7	4	20	78451	62798
0989	3.628	39.252	1.952	0.448	131.808	7	3	20	78455	62774
099	4.244	37.116	1.756	0.8	40.22	7	5	20	78444	62719
0990	4.132	36.816	1.872	0.52	77.048	8	4	20	78448	62667
0991	3.876	36.352	1.868	0.324	22.568	6	2	20	78403	62668
0992	3.572	36.264	2.012	0.292	82.868	7	3	20	78464	62861
0993	3.46	37.624	2.132	0.504	91.344	9	5	20	78484	62902
0994	3.324	37.932	2.26	2.268	61.12	8	5	20	78442	62857
0995	4.312	40.476	2.108	0.684	63.508	8	5	20	78460	62737
0996	4.076	37.5	2.028	0.728	14.992	6	4	20	78387	62678
0997	3.848	39.048	2.208	0.672	18.556	6	5	20	78460	62787
0998	3.936	31.764	1.164	0.232	29.12	8	5	20	78440	62632
0999	3.896	27.536	1.124	0.152	25.056	8	4	20	78431	62780
