01	4.868	24.656	1.852	0.704	110.944	13	9	20	63925	49004
010	4.86	23.768	1.84	0.288	55.128	16	14	20	63907	49012
0100	4.856	24.6	1.904	0.168	87.504	16	11	20	63906	48935
01000	4.844	24.604	1.868	0.256	73.188	17	12	20	63913	48996
0101	4.86	24.1	1.68	0.236	84.268	11	7	20	63927	48986
0102	4.88	25.024	1.764	0.34	138.096	18	14	20	63921	48982
0103	4.9	24.252	1.92	0.912	85.988	18	14	20	63916	48947
0104	4.836	24.628	1.928	0.288	73.044	17	13	20	63910	48993
0105	3.516	28.192	1.3	0.292	79.356	15	12	20	63915	49012
0106	3.444	26.396	1.404	0.308	155.12	15	11	20	63943	49023
0107	3.464	26.8	1.452	0.156	65.776	16	14	20	63912	48975
0108	3.012	27.004	1.408	0.28	118.488	18	16	20	63928	49023
0109	2.932	26.644	1.552	0.284	35.228	8	6	20	63909	48950
011	2.868	26.38	1.564	0.472	113.068	17	13	20	63934	49035
0110	2.916	28.948	1.556	0.216	115.56	15	13	20	63928	48969
0111	3.356	28.536	1.564	0.224	92.49199999999999	10	7	20	63954	49028
0112	3.36	28.208	1.508	0.236	84.492	14	9	20	63918	49033
0113	3.304	28.02	1.588	0.204	53.408	7	3	20	63939	49064
0114	3.244	28.08	1.644	0.696	180.644	20	18	20	63943	49056
0115	3.588	27.884	1.356	0.416	110.712	19	15	20	63910	49016
0116	3.488	29.032	1.296	0.272	68.8	15	10	20	63941	49009
0117	3.412	26.052	1.292	0.252	32.672	12	7	20	63920	49002
0118	3.248	26.804	1.552	0.656	73.472	12	11	20	63923	48996
0119	3.3	26.372	1.484	0.608	97.944	17	13	20	63907	48958
012	2.688	26.756	1.588	0.312	76.004	11	7	20	63929	49027
0120	2.7	27.62	1.628	0.284	100.876	14	10	20	63944	49004
0121	3.54	29.052	1.592	0.744	123.444	12	7	20	63952	49045
0122	3.316	28.476	1.64	0.308	98.376	17	12	20	63934	49006
0123	3.34	27.18	1.332	0.32	56.628	7	3	20	63937	48903
0124	3.404	27.02	1.444	0.556	57.296	15	10	20	63932	49003
0125	3.18	26.864	1.584	0.528	126.128	17	14	20	63925	48998
0126	2.956	27.204	1.516	0.376	149.996	18	14	20	63951	49016
0127	2.96	27.156	1.508	0.272	160.684	18	13	20	63952	48941
0128	3.1	28.78	1.656	0.196	157.372	17	14	20	63943	48943
0129	3.552	28.24	1.432	0.168	253.612	16	12	20	63949	49042
013	3.392	27.552	1.4	0.196	84.78	16	11	20	63917	48988
0130	3.28	27.256	1.568	0.276	72.016	15	11	20	63938	48971
0131	2.972	28.396	1.64	0.28	191.504	18	15	20	63954	49069
0132	3.544	29.224	1.568	0.676	109.068	14	13	20	63951	49046
0133	3.34	28.016	1.456	0.232	73.088	9	7	20	63953	49034
0134	3.364	27.168	1.444	1.492	105.74000000000001	9	5	20	63930	49002
0135	3.304	26.132	1.432	0.244	223.852	20	15	20	63947	49006
0136	3.288	27.024	1.56	0.28	77.096	13	10	20	63928	49007
0137	2.764	28.636	1.62	0.344	127.704	16	14	20	63909	49000
0138	3.56	28.408	1.46	0.216	95.512	18	14	20	63918	48911
0139	3.428	28.184	1.5	0.316	85.004	14	9	20	63941	49015
014	3.2	27.588	1.42	0.192	79.788	14	10	20	63952	49032
0140	3.044	27.676	1.652	0.656	95.212	19	16	20	63917	48987
0141	3.108	28.184	1.58	0.196	109.74799999999999	12	9	20	63930	48994
0142	3.452	28.736	1.54	0.228	65.8	15	13	20	63935	49009
0143	3.404	28.856	1.66	0.32	178.564	20	16	20	63946	49067
0144	3.548	28.444	1.516	0.176	197.496	20	16	20	63932	48998
0145	3.416	27.604	1.448	0.196	60.056	13	9	20	63923	48932
0146	3.216	27.184	1.44	0.296	120.284	19	15	20	63931	49044
0147	3.296	27.336	1.432	0.216	197.528	17	12	20	63941	49071
0148	3.148	26.872	1.508	0.584	72.69200000000001	15	13	20	63910	48926
0149	3.088	27.312	1.576	0.292	190.82	14	9	20	63961	49041
015	3.096	29.14	1.644	0.608	147.228	18	14	20	63950	48976
0150	3.552	29.448	1.648	0.952	45.228	14	9	20	63927	48965
0151	3.548	29.48	1.444	0.532	84.508	13	10	20	63933	48940
0152	3.3	27.836	1.528	0.38	219.352	19	14	20	63957	49064
0153	3.176	27.756	1.524	0.328	205.584	18	16	20	63950	48943
0154	3.044	26.82	1.648	0.272	141.8	18	15	20	63953	49086
0155	3.556	28.98	1.672	0.384	23.804	8	5	20	63922	48957
0156	3.388	27.98	1.376	0.168	78.108	15	14	20	63926	49013
0157	3.516	27.232	1.524	0.284	162.528	10	6	20	63946	49029
0158	3.424	26.408	1.632	0.244	82.008	18	14	20	63930	48929
0159	3.456	27.104	1.484	0.212	72.352	18	15	20	63939	49091
016	2.976	28.992	1.652	0.176	100.2	17	15	20	63917	49014
0160	3.588	27.604	1.388	0.28	51.008	7	4	20	63919	49020
0161	3.432	28.108	1.516	0.784	76.912	15	10	20	63937	49063
0162	3.14	28.064	1.572	0.24	75.004	18	15	20	63910	48992
0163	2.908	28.504	1.5	0.172	161.648	15	11	20	63932	48895
0164	3.412	28.124	1.444	0.6	155.57999999999998	15	12	20	63957	49018
0165	3.296	28.216	1.504	0.248	80.94	16	13	20	63924	49043
0166	3.18	27.932	1.556	0.256	41.596	10	6	20	63911	48977
0167	3.036	28.42	1.516	0.264	79.712	13	9	20	63945	48959
0168	3.276	27.968	1.496	0.188	90.056	16	12	20	63928	49034
0169	3.176	28.2	1.588	0.316	91.568	9	6	20	63955	49023
017	3.28	28.016	1.564	0.216	86.548	13	10	20	63906	48994
0170	3.12	29.084	1.556	0.304	272.056	16	12	20	63981	49037
0171	3.4	28.724	1.544	0.28	58.976	8	4	20	63940	49022
0172	3.424	28.94	1.5	0.476	99.14	17	13	20	63929	49034
0173	3.332	27.816	1.452	0.408	44.588	13	9	20	63900	49005
0174	3.18	28.06	1.476	0.192	299.54	15	11	20	63970	49029
0175	3.224	26.448	1.424	0.276	56.008	16	14	20	63915	48926
0176	2.904	26.696	1.38	0.216	219.872	14	9	20	63934	49040
0177	2.924	28.056	1.544	0.224	157.868	12	7	20	63946	49009
0178	3.08	28.616	1.652	0.24	207.588	14	9	20	63962	49058
0179	3.384	29.76	1.512	0.284	116.47999999999999	16	11	20	63939	49023
018	3.384	28.448	1.54	0.316	113.624	11	7	20	63948	49070
0180	3.096	28.756	1.672	0.844	65.444	14	9	20	63920	48978
0181	3.636	28.04	1.5	0.248	70.408	13	9	20	63912	48989
0182	3.488	28.108	1.552	0.632	103.25999999999999	15	10	20	63940	49033
0183	3.26	26.728	1.476	0.32	72.984	13	11	20	63908	49065
0184	2.94	26.812	1.556	0.54	118.056	16	12	20	63916	49002
0185	3.188	29.016	1.552	0.6	43.108	10	6	20	63926	49053
0186	3.352	28.856	1.556	0.508	63.88	17	13	20	63912	48961
0187	3.188	29.74	1.632	0.432	43.3	18	16	20	63920	49033
0188	3.424	28.584	1.424	0.316	410.344	17	13	20	63967	49029
0189	3.452	26.644	1.448	0.28	116.976	17	14	20	63920	49016
019	3.288	26.188	1.428	0.2	153.976	18	14	20	63939	49054
0190	3.136	26.588	1.48	0.264	93.032	14	10	20	63939	49052
0191	2.96	27.548	1.468	0.184	54.132	13	10	20	63928	48989
0192	3.004	28.264	1.528	0.232	82.912	13	9	20	63935	48960
0193	3.176	27.376	1.468	0.18	346.68399999999997	16	11	20	63934	49024
0194	2.924	27.544	1.672	0.268	133.868	14	10	20	63943	49102
0195	3.572	29.504	1.58	0.292	140.448	15	11	20	63933	49011
0196	3.448	28.444	1.5	0.216	69.668	14	10	20	63933	49039
0197	3.364	27.664	1.58	0.212	44.896	11	9	20	63907	48980
0198	3.312	27.724	1.588	0.276	45.128	14	10	20	63901	48896
0199	3.556	29.548	1.58	0.356	89.348	13	9	20	63923	48897
02	3.396	28.28	1.472	0.376	196.76	19	14	20	63944	49079
020	3.356	27.568	1.556	0.252	77.564	15	10	20	63945	49090
0200	3.312	27.028	1.512	0.284	157.136	17	12	20	63942	49034
0201	3.084	27.996	1.588	0.376	135.568	13	10	20	63961	49019
0202	3.548	29.432	1.596	0.312	99.01599999999999	14	11	20	63938	48933
0203	3.38	29.26	1.56	0.288	83.30799999999999	17	15	20	63916	48987
0204	3.384	29.836	1.64	0.412	148.652	20	16	20	63939	48989
0205	3.496	28.576	1.316	0.54	40.932	19	15	20	63890	48941
0206	3.352	26.788	1.408	0.224	84.78399999999999	11	7	20	63951	48974
0207	3.136	26.124	1.476	0.512	46.488	9	7	20	63936	48991
0208	3.22	26.536	1.444	0.596	85.148	13	9	20	63927	48909
0209	2.952	26.288	1.42	0.288	110.588	18	13	20	63922	48998
021	2.676	26.552	1.54	0.44	74.452	11	7	20	63932	48970
0210	2.82	27.988	1.62	0.204	146.484	20	17	20	63941	49039
0211	3.496	28.376	1.564	0.728	86.604	16	12	20	63921	49021
0212	3.324	28.392	1.448	0.332	96.556	17	14	20	63939	48958
0213	3.364	27.46	1.352	0.464	89.992	18	15	20	63928	48996
0214	3.12	26.872	1.516	0.34	152.448	15	13	20	63933	49018
0215	3.168	26.964	1.584	0.292	249.468	17	13	20	63964	49006
0216	3.196	26.844	1.588	0.276	140.676	18	14	20	63941	49056
0217	3.204	29.544	1.652	0.296	38.416	10	6	20	63917	49014
0218	3.568	29.092	1.528	0.236	154.776	13	8	20	63954	48936
0219	3.316	27.964	1.4	0.248	164.38400000000001	16	13	20	63938	49024
022	3.216	27.616	1.536	0.264	62.824	10	7	20	63926	48960
0220	3.04	27.288	1.608	0.256	92.19200000000001	11	9	20	63931	49075
0221	3.028	28.752	1.624	0.26	55.78	10	7	20	63914	48948
0222	3.656	28.304	1.552	0.208	171.476	16	11	20	63957	49105
0223	3.596	27.524	1.48	0.272	97.22	18	14	20	63921	49009
0224	3.004	27.024	1.564	0.364	78.916	16	12	20	63920	48997
0225	3.064	28.584	1.58	0.372	32.168	11	10	20	63925	49028
0226	3.288	28.964	1.588	0.212	134.296	14	10	20	63940	49076
0227	3.388	28.5	1.432	0.308	52.404	11	10	20	63919	48961
0228	3.416	27.424	1.372	0.408	110.444	12	7	20	63937	48994
0229	3.108	27.08	1.452	0.2	69.292	14	10	20	63944	48999
023	3.032	27.192	1.532	0.244	91.868	15	10	20	63940	49026
0230	3.028	27.152	1.512	0.24	110.712	19	15	20	63931	48976
0231	2.9	28.256	1.74	0.324	82.372	15	13	20	63936	49014
0232	3.668	29.416	1.612	0.236	22.536	9	5	20	63895	48972
0233	3.468	27.716	1.336	0.224	63.216	13	11	20	63931	48954
0234	3.344	28.048	1.496	0.28	212.392	19	15	20	63951	49066
0235	3.236	26.416	1.34	0.184	110.5	9	5	20	63938	49030
0236	2.916	26.672	1.432	0.688	150.148	18	16	20	63922	49056
0237	2.752	26.572	1.5	0.632	70.468	17	14	20	63913	48943
0238	3.0	27.656	1.388	0.416	55.428	12	9	20	63926	49004
0239	2.968	27.96	1.528	0.148	120.696	18	15	20	63940	48911
024	3.112	28.796	1.564	0.592	68.068	17	13	20	63930	48984
0240	3.376	29.268	1.636	0.368	26.124	9	5	20	63899	48954
0241	3.324	29.132	1.416	0.624	159.6	20	17	20	63933	49054
0242	3.336	28.096	1.52	0.216	127.836	14	10	20	63947	49053
0243	3.2	28.016	1.584	0.252	65.984	9	5	20	63918	48986
0244	3.336	27.8	1.592	0.248	141.564	17	13	20	63953	49016
0245	3.248	28.288	1.56	0.352	76.588	11	6	20	63949	48968
0246	3.36	28.372	1.592	0.4	145.876	14	9	20	63960	49060
0247	3.228	28.72	1.624	0.24	320.192	16	13	20	63964	49066
0248	3.596	28.24	1.588	0.38	73.696	16	13	20	63929	49044
0249	3.384	27.964	1.536	0.26	101.888	12	8	20	63947	49035
025	3.348	27.828	1.48	0.376	178.824	19	16	20	63930	49011
0250	3.072	27.608	1.58	0.192	83.968	18	14	20	63929	48901
0251	3.308	29.564	1.6	0.236	121.792	14	12	20	63951	49002
0252	3.352	28.752	1.564	0.4	101.128	16	14	20	63929	49016
0253	3.376	28.748	1.548	0.172	94.73599999999999	10	7	20	63954	49050
0254	3.188	28.892	1.6	0.292	140.928	14	11	20	63930	48919
0255	3.396	28.788	1.568	0.744	87.86	18	15	20	63938	48979
0256	3.328	28.764	1.644	0.252	57.244	14	10	20	63921	48971
0257	3.544	27.292	1.472	0.212	102.476	15	11	20	63940	48958
0258	3.392	27.908	1.456	0.168	187.632	15	12	20	63969	49062
0259	3.224	27.876	1.532	0.368	170.012	17	15	20	63949	49023
026	2.872	27.192	1.524	0.3	127.08	20	17	20	63925	49033
0260	3.06	27.736	1.596	0.376	141.996	15	11	20	63926	48875
0261	3.168	29.016	1.568	0.784	142.024	18	15	20	63944	49021
0262	3.408	28.772	1.648	0.6	105.25999999999999	12	10	20	63946	48956
0263	3.512	28.78	1.68	0.212	57.672	12	10	20	63927	49023
0264	3.556	28.8	1.648	0.356	84.66	13	10	20	63918	48979
0265	3.536	28.74	1.484	0.428	84.988	17	13	20	63916	48971
0266	3.396	28.604	1.62	0.224	204.412	18	16	20	63952	49012
0267	3.22	27.4	1.3	0.208	239.584	18	14	20	63962	49028
0268	3.332	26.224	1.452	0.2	88.208	14	10	20	63924	48970
0269	3.124	27.092	1.556	0.38	213.06799999999998	15	12	20	63935	48928
027	2.924	26.924	1.628	0.244	113.696	12	9	20	63936	49007
0270	2.904	26.916	1.58	0.448	178.66	17	13	20	63955	48978
0271	3.388	29.412	1.62	0.4	113.24000000000001	12	8	20	63936	48981
0272	3.496	29.428	1.668	0.664	223.9	17	14	20	63950	48989
0273	3.56	29.736	1.664	0.244	101.844	11	8	20	63940	49023
0274	3.504	29.3	1.656	0.228	84.184	14	11	20	63913	48934
0275	3.48	29.072	1.432	0.3	45.608	11	6	20	63924	48996
0276	3.408	28.092	1.572	0.248	88.20400000000001	17	14	20	63931	49013
0277	2.996	28.944	1.584	0.472	43.64	12	11	20	63950	49023
0278	3.404	28.008	1.332	0.164	120.936	18	14	20	63910	48952
0279	3.34	26.784	1.44	0.224	90.156	18	15	20	63912	48978
028	3.14	26.948	1.492	0.364	128.912	18	15	20	63916	49001
0280	3.056	26.928	1.436	0.292	83.904	13	11	20	63918	48927
0281	2.948	27.692	1.532	0.228	73.956	16	14	20	63929	48892
0282	3.06	29.324	1.568	0.22	164.664	20	17	20	63958	49080
0283	3.36	28.42	1.584	0.232	102.14	13	8	20	63952	49021
0284	3.348	28.984	1.628	0.236	176.744	16	13	20	63935	49018
0285	3.584	28.112	1.424	0.796	201.712	17	13	20	63928	49039
0286	3.492	27.876	1.476	0.64	116.56	18	15	20	63917	49015
0287	3.204	27.588	1.62	0.26	113.176	15	12	20	63929	48960
0288	3.044	27.48	1.512	0.628	66.64	17	12	20	63921	49025
0289	3.188	28.276	1.628	0.168	62.136	12	10	20	63931	49003
029	3.56	28.992	1.672	0.316	57.78	14	12	20	63922	49037
0290	3.5	28.1	1.484	0.472	198.848	18	14	20	63948	49076
0291	3.304	27.796	1.364	0.252	90.51599999999999	17	12	20	63929	48990
0292	3.028	27.632	1.436	0.352	70.084	13	9	20	63925	48981
0293	3.284	27.172	1.468	0.2	92.124	14	11	20	63938	49071
0294	3.232	27.048	1.52	0.352	92.164	12	9	20	63911	49005
0295	3.08	27.108	1.584	0.244	82.776	12	7	20	63920	49017
0296	2.872	28.124	1.628	0.68	70.968	17	15	20	63902	48904
0297	3.572	28.528	1.512	0.484	176.60399999999998	18	15	20	63964	49002
0298	3.36	27.788	1.64	0.372	119.884	9	4	20	63929	48979
0299	3.036	27.008	1.676	0.224	114.70400000000001	16	11	20	63918	48980
03	3.492	26.48	1.416	0.36	69.624	11	8	20	63940	49015
030	3.636	27.044	1.552	0.212	116.536	18	14	20	63918	49022
0300	3.324	25.936	1.572	0.196	98.80799999999999	15	14	20	63943	49107
0301	3.188	28.468	1.64	0.264	152.844	16	12	20	63935	49078
0302	3.556	29.108	1.732	0.68	121.184	14	12	20	63952	49051
0303	3.576	27.608	1.388	0.936	167.856	19	17	20	63962	49034
0304	3.364	27.304	1.472	0.216	93.712	16	12	20	63950	48989
0305	3.132	27.656	1.524	0.332	36.936	9	7	20	63915	49067
0306	2.884	27.432	1.5	1.06	140.128	15	12	20	63946	48941
0307	3.208	28.648	1.58	0.42	89.584	17	14	20	63914	48960
0308	3.252	28.208	1.404	0.38	142.24	14	9	20	63950	49058
0309	3.316	28.908	1.708	0.72	127.828	18	14	20	63943	49004
031	3.392	28.18	1.664	0.244	64.216	11	8	20	63917	48975
0310	3.5	29.676	1.588	0.684	243.956	15	12	20	63950	49033
0311	3.352	29.736	1.588	0.3	159.876	18	15	20	63949	49013
0312	3.308	29.248	1.488	0.22	205.444	16	12	20	63939	49034
0313	3.364	27.956	1.512	0.568	128.148	17	13	20	63932	49027
0314	3.212	27.024	1.596	0.356	126.092	14	10	20	63943	49059
0315	2.92	27.52	1.712	0.472	104.184	14	11	20	63938	48899
0316	3.496	28.72	1.448	0.396	90.36	13	9	20	63938	48999
0317	3.248	29.276	1.68	0.38	64.896	19	16	20	63908	49033
0318	3.54	27.32	1.296	0.26	163.54399999999998	15	10	20	63940	49005
0319	3.368	26.24	1.372	0.324	43.572	14	13	20	63927	49017
032	3.132	26.728	1.448	0.24	207.056	14	10	20	63959	49032
0320	3.128	26.032	1.404	0.288	135.056	14	10	20	63931	49014
0321	2.748	27.092	1.552	0.32	161.45600000000002	17	13	20	63955	49058
0322	2.736	26.312	1.624	0.232	140.956	19	14	20	63929	48874
0323	3.504	28.32	1.464	0.256	84.736	16	14	20	63916	49014
0324	3.252	28.548	1.612	0.352	59.412	8	5	20	63930	48992
0325	3.208	29.004	1.644	0.504	69.276	18	15	20	63913	49057
0326	3.568	27.572	1.268	0.304	93.316	17	14	20	63930	49001
0327	3.416	25.804	1.524	0.2	116.48400000000001	18	13	20	63946	49023
0328	3.484	25.904	1.416	0.22	197.136	19	14	20	63943	49005
0329	3.14	27.008	1.464	0.256	125.19200000000001	16	13	20	63929	48955
033	2.924	26.628	1.472	0.312	69.916	14	12	20	63913	48962
0330	2.716	26.74	1.548	4.356	103.336	16	13	20	63912	49024
0331	2.888	28.428	1.736	0.244	41.992	11	8	20	63895	48999
0332	3.532	29.5	1.62	0.4	282.24	19	15	20	63945	49030
0333	3.576	27.492	1.46	0.276	65.24	11	6	20	63923	48991
0334	3.496	27.828	1.608	0.412	291.496	19	15	20	63970	49089
0335	3.152	27.956	1.596	0.392	198.212	16	14	20	63977	49048
0336	3.464	27.544	1.428	0.288	84.828	10	6	20	63938	48991
0337	3.192	27.98	1.572	0.584	41.556	10	7	20	63925	48995
0338	3.196	28.808	1.66	0.428	40.848	13	10	20	63926	49048
0339	3.536	28.356	1.492	0.212	131.924	17	14	20	63944	49035
034	3.368	28.488	1.516	0.492	150.38	12	8	20	63936	48971
0340	3.216	28.032	1.548	0.244	201.364	18	16	20	63950	49065
0341	3.096	28.576	1.592	0.18	69.976	14	9	20	63925	49018
0342	3.388	28.728	1.616	0.316	68.088	14	12	20	63903	48966
0343	3.66	28.704	1.512	0.208	73.404	13	10	20	63931	49014
0344	3.688	28.284	1.52	0.204	77.412	16	13	20	63940	48965
0345	3.344	27.428	1.532	0.904	37.312	9	6	20	63895	48945
0346	2.944	27.468	1.624	0.188	98.848	16	12	20	63944	48910
0347	3.128	27.804	1.564	0.236	50.16	11	8	20	63932	49016
0348	3.344	28.36	1.504	0.312	148.912	14	12	20	63948	49089
0349	3.24	27.64	1.408	0.212	28.512	10	8	20	63921	48986
035	3.412	26.668	1.348	0.456	24.708	4	2	20	63937	49073
0350	3.188	27.24	1.444	0.5	175.988	15	11	20	63937	49039
0351	3.048	26.664	1.416	0.2	94.78399999999999	18	14	20	63922	49113
0352	2.836	26.92	1.548	0.304	98.8	13	10	20	63951	48962
0353	2.74	26.936	1.708	0.748	96.892	17	14	20	63935	49011
0354	3.544	28.088	1.468	0.268	68.504	15	10	20	63931	49013
0355	3.352	27.872	1.556	0.26	47.388	11	8	20	63920	48933
0356	3.172	28.492	1.644	0.32	44.164	9	6	20	63928	48945
0357	3.688	24.868	1.28	0.316	31.764	9	6	20	63906	48934
0358	3.676	25.66	1.34	0.32	90.224	11	7	20	63927	48979
0359	3.372	26.288	1.388	0.204	69.432	20	17	20	63908	48941
036	3.084	24.728	1.368	0.272	99.832	13	9	20	63936	49017
0360	2.936	24.316	1.496	0.28	62.248	15	10	20	63927	48949
0361	2.688	26.044	1.564	0.176	509.79200000000003	17	11	20	63977	49057
0362	2.572	26.452	1.604	0.22	86.77199999999999	15	12	20	63915	49059
0363	3.552	28.7	1.62	0.244	87.036	17	12	20	63933	49014
0364	3.34	28.168	1.396	0.188	152.38400000000001	16	12	20	63940	49032
0365	3.308	28.364	1.636	0.464	73.048	15	10	20	63922	49071
0366	3.092	28.444	1.424	1.464	30.628	11	7	20	63896	48949
0367	3.196	28.652	1.508	0.232	52.448	12	9	20	63916	48964
0368	3.14	28.076	1.536	0.292	204.136	19	15	20	63939	48970
0369	3.236	28.78	1.68	0.264	135.48	13	9	20	63963	49040
037	3.56	28.832	1.608	0.284	31.632	13	10	20	63898	48974
0370	3.364	28.044	1.464	0.216	168.256	14	9	20	63942	49070
0371	3.24	28.632	1.512	0.2	86.288	15	13	20	63928	48971
0372	3.292	28.96	1.58	0.256	132.32	13	8	20	63932	49022
0373	3.248	29.044	1.584	0.192	134.328	17	14	20	63917	49016
0374	3.448	29.064	1.62	0.352	25.636	8	5	20	63910	48945
0375	3.612	28.88	1.508	0.324	127.68	14	12	20	63955	49016
0376	3.356	28.632	1.576	0.34	141.988	20	16	20	63918	49040
0377	3.272	28.936	1.644	0.364	93.49199999999999	18	13	20	63934	49045
0378	3.536	28.808	1.492	0.192	164.82	20	16	20	63921	49002
0379	3.4	28.52	1.552	0.48	222.872	14	8	20	63941	49069
038	3.088	28.496	1.58	0.26	196.792	19	16	20	63942	49004
0380	3.196	29.768	1.628	0.552	116.71600000000001	15	11	20	63931	48952
0381	3.596	28.744	1.64	0.388	41.796	20	16	20	63893	49004
0382	3.364	29.508	1.62	0.384	267.656	19	15	20	63950	49028
0383	3.392	29.956	1.632	0.2	93.68	16	13	20	63939	49019
0384	3.604	28.516	1.528	0.244	65.828	11	9	20	63921	48927
0385	3.476	27.6	1.448	0.292	56.956	15	11	20	63905	48927
0386	3.056	27.46	1.54	0.624	53.164	11	7	20	63910	48975
0387	3.036	28.156	1.62	0.444	57.588	8	6	20	63918	49011
0388	3.564	27.548	1.368	0.216	47.416	9	6	20	63959	49025
0389	3.368	27.192	1.412	0.348	186.752	20	15	20	63913	48974
039	3.36	26.176	1.392	0.188	154.388	17	14	20	63951	48978
0390	3.324	25.964	1.376	0.212	230.904	19	15	20	63954	49076
0391	2.796	26.376	1.524	0.236	55.344	13	10	20	63912	48996
0392	2.764	27.66	1.556	0.256	285.808	20	16	20	63953	49079
0393	2.76	28.652	1.644	0.236	57.94	9	5	20	63961	49012
0394	3.508	29.128	1.508	0.204	241.044	19	14	20	63932	49012
0395	3.168	28.992	1.572	0.216	137.108	19	15	20	63912	48961
0396	3.424	28.256	1.56	0.232	77.36	16	14	20	63926	48959
0397	3.336	28.74	1.628	0.232	149.544	16	11	20	63942	49062
0398	3.568	28.608	1.576	0.36	116.404	15	13	20	63944	48998
0399	3.296	29.452	1.572	0.356	43.34	11	8	20	63903	48952
04	3.32	28.696	1.572	0.412	36.648	8	5	20	63901	48957
040	3.392	28.088	1.652	0.244	54.804	15	11	20	63918	48969
0400	3.3	28.636	1.56	0.404	63.76	17	16	20	63925	49018
0401	3.408	27.368	1.48	0.32	134.32	11	8	20	63946	49062
0402	3.344	28.228	1.36	0.312	132.968	14	9	20	63957	49121
0403	3.004	27.232	1.5	0.268	99.02000000000001	15	11	20	63916	49020
0404	3.18	26.684	1.376	0.592	57.372	18	15	20	63912	48999
0405	2.94	27.488	1.548	0.272	199.61599999999999	18	16	20	63950	49073
0406	2.956	26.816	1.472	0.552	58.64	10	8	20	63959	48996
0407	2.94	27.388	1.58	0.56	188.124	16	12	20	63948	49027
0408	3.056	29.1	1.664	0.268	57.296	12	9	20	63924	48953
0409	3.576	28.58	1.504	0.216	126.824	17	14	20	63924	49001
041	3.38	28.256	1.36	0.404	191.932	13	9	20	63932	48956
0410	3.216	28.164	1.436	0.384	82.164	8	4	20	63926	48984
0411	3.112	27.716	1.576	0.248	77.364	11	6	20	63923	48994
0412	3.248	27.876	1.48	0.172	125.55199999999999	17	13	20	63929	48982
0413	3.004	28.904	1.672	0.624	186.776	17	15	20	63943	49038
0414	3.552	26.888	1.408	0.284	124.544	18	15	20	63902	49021
0415	3.556	26.576	1.404	0.204	50.436	15	13	20	63918	48927
0416	3.268	27.0	1.476	0.448	154.93200000000002	16	11	20	63944	49032
0417	3.076	27.352	1.58	0.216	140.156	13	10	20	63974	49011
0418	2.816	27.432	1.636	0.836	97.98400000000001	15	12	20	63928	49070
0419	3.508	29.568	1.644	0.204	96.3	17	12	20	63955	48946
042	3.36	28.516	1.556	0.348	75.412	11	7	20	63913	49040
0420	3.332	28.864	1.696	0.292	183.992	13	9	20	63951	48995
0421	3.512	29.048	1.516	0.216	50.956	20	16	20	63906	48983
0422	3.312	28.408	1.468	0.672	77.348	14	10	20	63916	48976
0423	3.208	28.276	1.472	0.236	94.092	19	17	20	63950	49084
0424	3.16	27.968	1.508	0.704	91.412	19	14	20	63921	48970
0425	3.22	27.308	1.436	0.248	75.264	18	15	20	63916	48915
0426	3.076	27.872	1.496	0.34	101.50399999999999	17	13	20	63903	48921
0427	3.04	27.908	1.58	0.188	62.664	9	5	20	63921	48995
0428	2.88	28.572	1.632	0.36	214.632	19	15	20	63950	48999
0429	3.56	28.924	1.524	0.288	40.304	9	7	20	63940	48989
043	3.344	26.916	1.352	0.236	55.252	14	9	20	63924	49030
0430	3.1	27.556	1.432	0.22	155.912	19	16	20	63939	48977
0431	3.14	27.784	1.484	0.22	227.92000000000002	19	14	20	63944	49031
0432	3.112	27.104	1.44	0.18	130.504	16	12	20	63941	48948
0433	3.048	27.328	1.516	0.444	114.22	17	13	20	63941	49038
0434	2.86	27.588	1.576	0.476	59.52	15	11	20	63919	49020
0435	3.192	28.792	1.712	0.464	123.244	11	8	20	63936	49005
0436	3.58	29.416	1.624	0.38	64.624	16	13	20	63909	48941
0437	3.548	29.392	1.728	0.312	78.72	16	13	20	63899	48956
0438	3.6	28.192	1.396	0.552	104.42	15	13	20	63933	49038
0439	3.372	27.444	1.416	0.22	176.204	16	11	20	63937	49024
044	3.26	27.12	1.46	0.192	104.368	17	14	20	63925	48997
0440	3.056	26.224	1.432	0.24	117.584	12	8	20	63949	49023
0441	2.828	26.412	1.516	0.304	108.464	17	14	20	63934	49003
0442	3.012	27.92	1.652	0.232	152.764	16	12	20	63938	48983
0443	3.544	29.396	1.556	0.204	112.00800000000001	11	8	20	63953	49035
0444	3.352	29.256	1.612	0.184	287.32	19	15	20	63940	48988
0445	3.544	28.736	1.472	0.372	114.576	19	14	20	63936	48967
0446	3.308	28.544	1.504	0.38	109.088	11	9	20	63967	48987
0447	3.192	27.304	1.492	0.164	101.084	11	7	20	63953	48964
0448	2.948	27.888	1.648	0.24	38.168	9	6	20	63916	48932
0449	3.58	28.168	1.444	0.236	72.68	13	10	20	63946	49070
045	3.492	27.532	1.616	0.22	106.568	16	11	20	63892	48959
0450	3.52	27.808	1.592	0.288	79.38	20	17	20	63909	49009
0451	3.056	28.16	1.672	0.324	90.564	13	9	20	63918	49012
0452	3.508	27.788	1.548	0.368	100.71600000000001	17	13	20	63938	49012
0453	3.36	27.916	1.488	0.252	107.376	11	6	20	63936	49036
0454	3.212	27.964	1.604	0.444	84.792	15	12	20	63913	49029
0455	3.224	28.8	1.56	0.204	163.96800000000002	12	7	20	63954	49013
0456	3.352	28.596	1.504	0.3	99.52000000000001	13	10	20	63926	48995
0457	3.428	27.74	1.58	0.704	82.424	15	10	20	63940	48991
0458	3.316	28.088	1.612	0.232	40.948	13	9	20	63917	48996
0459	3.504	28.096	1.456	0.204	139.436	15	12	20	63963	48977
046	3.424	27.484	1.4	0.232	97.732	11	7	20	63944	49013
0460	3.34	28.224	1.488	0.604	58.8	15	11	20	63916	48892
0461	3.076	27.712	1.6	0.324	159.984	17	13	20	63957	49070
0462	2.84	28.572	1.608	0.324	50.304	18	14	20	63908	48974
0463	3.364	28.908	1.56	0.28	142.476	17	13	20	63936	49024
0464	3.4	27.712	1.628	0.188	86.2	17	14	20	63926	48984
0465	3.392	28.312	1.588	0.248	55.468	16	12	20	63907	49024
0466	3.392	28.048	1.576	0.308	103.3	18	14	20	63922	48969
0467	3.224	27.608	1.492	0.192	126.028	19	15	20	63907	48991
0468	3.184	28.9	1.612	0.268	24.808	8	5	20	63905	48888
0469	3.5	28.064	1.464	0.304	125.528	18	14	20	63948	49048
047	3.4	26.948	1.436	0.484	67.756	15	11	20	63935	48946
0470	3.364	27.392	1.492	0.272	90.524	17	13	20	63926	48911
0471	3.036	27.744	1.552	0.348	89.42	14	11	20	63944	49047
0472	2.916	27.964	1.5	0.2	55.244	9	6	20	63937	49028
0473	3.344	28.712	1.572	0.264	79.048	18	17	20	63922	48999
0474	3.216	27.752	1.644	0.228	71.816	18	16	20	63898	48917
0475	3.5	29.272	1.52	0.288	78.556	17	13	20	63918	48887
0476	3.324	27.752	1.408	0.2	89.768	20	18	20	63898	48928
0477	3.04	26.9	1.532	0.232	318.68	19	15	20	63954	48856
0478	3.172	27.908	1.388	0.344	121.632	9	6	20	63966	49093
0479	3.004	27.924	1.42	0.172	78.03999999999999	11	6	20	63948	49078
048	3.092	27.336	1.44	0.212	196.304	13	9	20	63946	48945
0480	2.888	27.196	1.552	0.256	68.836	15	11	20	63925	48891
0481	2.992	29.064	1.616	0.24	153.772	16	11	20	63920	49049
0482	3.516	29.068	1.56	0.368	126.14	19	17	20	63920	49044
0483	3.416	29.556	1.596	0.844	56.384	14	10	20	63929	49001
0484	3.38	28.732	1.56	0.472	121.42	13	10	20	63940	48962
0485	3.296	27.996	1.584	0.272	92.708	18	16	20	63939	49054
0486	3.316	29.02	1.64	0.284	29.004	7	4	20	63927	49062
0487	3.584	29.44	1.508	0.212	70.912	16	14	20	63916	48999
0488	3.34	27.028	1.452	0.252	101.05199999999999	17	12	20	63925	49002
0489	3.28	26.94	1.42	0.304	35.704	9	5	20	63907	49024
049	3.232	28.024	1.484	0.244	72.352	16	13	20	63934	49049
0490	3.0	26.508	1.4	0.428	49.768	8	5	20	63951	49082
0491	3.088	28.24	1.488	0.264	202.032	16	13	20	63925	49067
0492	3.156	28.544	1.492	0.28	161.776	20	17	20	63916	49048
0493	3.204	28.804	1.632	0.544	75.544	10	5	20	63933	48975
0494	3.16	28.904	1.42	0.368	86.848	14	11	20	63937	48976
0495	3.34	27.68	1.492	0.272	181.024	15	11	20	63957	49062
0496	3.076	28.064	1.512	0.288	67.284	18	16	20	63919	49008
0497	3.208	27.552	1.536	0.184	147.39600000000002	19	14	20	63954	49051
0498	3.096	28.092	1.624	0.34	157.46800000000002	13	9	20	63961	49058
0499	3.536	29.732	1.508	0.376	176.328	16	11	20	63961	48927
05	3.388	28.012	1.504	0.324	221.448	11	7	20	63969	49044
050	3.004	28.12	1.708	0.78	29.172	12	9	20	63884	48886
0500	3.532	29.028	1.492	0.324	74.056	15	12	20	63936	49041
0501	3.372	28.684	1.496	0.368	177.61599999999999	18	14	20	63948	49036
0502	3.248	28.952	1.576	0.388	65.268	9	5	20	63927	49060
0503	3.148	29.816	1.536	0.228	169.54399999999998	13	9	20	63954	48987
0504	3.376	28.908	1.564	0.228	157.5	18	14	20	63945	49023
0505	3.196	29.012	1.564	0.336	62.996	13	9	20	63916	49011
0506	3.356	29.076	1.656	0.236	105.684	17	14	20	63923	49012
0507	3.36	28.916	1.568	1.096	88.452	16	11	20	63927	48888
0508	3.428	28.44	1.452	0.304	123.716	14	10	20	63962	48987
0509	3.308	28.812	1.584	0.592	114.824	14	9	20	63943	48964
051	3.328	29.96	1.576	0.396	103.212	17	12	20	63948	49041
0510	3.34	28.348	1.316	0.32	177.196	19	15	20	63944	49051
0511	3.368	26.292	1.336	0.308	61.6	14	10	20	63927	49007
0512	3.228	27.664	1.596	0.212	61.528	10	8	20	63926	48986
0513	3.1	26.308	1.588	0.272	311.352	20	15	20	63968	49057
0514	2.904	27.52	1.632	0.312	69.352	10	6	20	63923	49045
0515	3.556	27.656	1.508	0.252	117.47999999999999	20	17	20	63935	49037
0516	3.196	28.56	1.456	0.252	92.936	13	9	20	63936	49044
0517	3.492	27.032	1.488	0.336	111.708	13	8	20	63953	48933
0518	3.432	27.36	1.428	0.536	70.936	12	10	20	63920	49032
0519	2.98	27.72	1.576	0.224	171.2	17	12	20	63937	49008
052	3.076	28.34	1.612	0.324	162.92000000000002	18	15	20	63944	48997
0520	3.564	27.608	1.344	0.34	251.16	16	13	20	63948	49021
0521	3.48	27.644	1.628	0.26	58.804	12	9	20	63919	49053
0522	3.36	26.512	1.592	0.392	89.112	13	9	20	63945	49045
0523	3.332	27.756	1.608	0.292	101.868	16	11	20	63931	49029
0524	3.54	29.212	1.632	0.376	58.444	11	7	20	63914	48933
0525	3.516	28.072	1.408	0.244	98.6	11	6	20	63933	49019
0526	3.152	27.556	1.484	0.388	132.89600000000002	20	18	20	63914	48903
0527	3.112	27.464	1.444	0.24	39.124	11	7	20	63892	48941
0528	3.084	26.996	1.496	0.18	35.72	10	7	20	63912	48869
0529	3.068	27.784	1.488	0.648	153.93200000000002	16	13	20	63946	49014
053	2.944	27.012	1.62	0.224	70.028	18	15	20	63918	48883
0530	2.928	27.3	1.668	0.8	99.968	14	12	20	63958	49080
0531	3.528	28.284	1.56	0.268	265.648	17	12	20	63958	48938
0532	3.312	29.544	1.596	0.368	65.804	12	8	20	63931	48940
0533	3.416	29.676	1.576	0.26	112.88	18	14	20	63948	48928
0534	3.352	28.832	1.676	0.5	104.26400000000001	14	12	20	63922	49002
0535	3.332	28.824	1.448	0.28	211.672	18	12	20	63948	49042
0536	3.432	27.256	1.46	0.356	102.524	16	12	20	63938	48937
0537	3.448	27.908	1.516	0.26	69.26	9	6	20	63929	49057
0538	3.04	27.384	1.56	0.248	63.52	16	13	20	63916	49006
0539	3.348	28.68	1.616	0.244	114.42	12	9	20	63954	49023
054	3.524	27.892	1.468	0.256	116.588	12	8	20	63947	49011
0540	3.428	27.984	1.548	0.72	181.264	19	15	20	63925	48976
0541	3.344	27.132	1.54	0.596	140.032	18	15	20	63947	48978
0542	3.124	27.26	1.484	0.236	213.88400000000001	19	16	20	63967	48975
0543	3.02	29.444	1.628	0.36	138.236	17	13	20	63928	49013
0544	3.544	28.64	1.58	0.2	131.64	13	11	20	63947	49029
0545	3.344	28.74	1.692	0.232	117.584	12	8	20	63940	48937
0546	3.532	27.912	1.48	0.348	128.812	13	9	20	63953	49096
0547	3.276	28.368	1.584	0.244	75.548	11	8	20	63895	48914
0548	3.36	29.508	1.592	0.384	74.932	13	10	20	63918	48952
0549	3.392	28.848	1.584	0.276	347.612	17	15	20	63978	48996
055	3.36	28.612	1.604	0.22	49.396	12	9	20	63914	48960
0550	3.56	27.04	1.48	0.284	101.30799999999999	12	10	20	63935	48873
0551	3.46	27.776	1.5	0.224	167.184	15	11	20	63940	49013
0552	3.332	27.04	1.5	0.244	166.948	16	11	20	63953	49031
0553	3.192	26.776	1.556	0.348	46.136	12	9	20	63910	48980
0554	2.944	28.476	1.524	0.24	94.28	15	12	20	63915	49033
0555	3.396	28.088	1.56	0.284	86.52	9	7	20	63953	48995
0556	3.204	27.752	1.636	0.388	96.24000000000001	16	11	20	63916	48856
0557	3.472	29.804	1.616	0.276	71.324	12	10	20	63940	48973
0558	3.568	29.1	1.4	0.368	99.42	19	15	20	63939	49017
0559	3.228	27.96	1.552	0.276	216.332	17	14	20	63951	49033
056	3.18	28.076	1.496	0.204	53.392	12	10	20	63931	49068
0560	3.224	28.076	1.348	0.264	89.128	13	11	20	63950	49021
0561	3.212	27.76	1.504	0.248	113.288	20	16	20	63931	48991
0562	3.168	28.556	1.728	0.54	137.944	14	12	20	63934	49051
0563	3.224	27.288	1.668	0.392	66.232	12	10	20	63953	49051
0564	3.54	29.068	1.58	0.608	180.304	16	13	20	63942	48985
0565	3.348	28.608	1.636	0.352	365.976	13	9	20	63955	49100
0566	3.416	28.128	1.52	0.204	87.688	13	9	20	63927	48956
0567	3.376	28.776	1.528	0.428	126.196	20	15	20	63944	49008
0568	3.232	28.532	1.596	0.392	73.536	17	14	20	63917	49036
0569	3.344	28.784	1.552	0.264	245.24	16	12	20	63945	48972
057	3.36	29.112	1.676	1.056	232.084	20	16	20	63944	49006
0570	3.488	29.576	1.54	0.576	147.452	15	11	20	63958	49034
0571	3.4	29.056	1.592	0.276	138.252	16	11	20	63918	49040
0572	3.16	28.448	1.436	0.204	139.956	20	16	20	63931	49018
0573	3.268	27.812	1.608	0.564	104.8	14	11	20	63931	49048
0574	3.26	29.024	1.68	1.064	143.784	13	9	20	63934	49015
0575	3.524	27.904	1.404	0.2	121.96	18	14	20	63918	48934
0576	3.356	28.636	1.468	0.2	103.044	20	16	20	63928	49022
0577	3.172	26.492	1.452	0.296	159.536	17	13	20	63950	49037
0578	2.904	27.128	1.524	0.252	95.58	17	15	20	63923	49029
0579	2.932	27.82	1.472	0.208	140.284	20	16	20	63925	49041
058	3.208	28.064	1.512	0.508	57.328	9	6	20	63943	48886
0580	2.976	28.864	1.564	0.22	92.424	16	13	20	63952	49040
0581	3.136	28.716	1.632	0.476	127.312	14	11	20	63958	49017
0582	3.496	27.36	1.404	0.268	77.672	15	13	20	63930	49017
0583	3.18	28.472	1.496	0.264	50.86	12	8	20	63943	48960
0584	3.192	27.408	1.6	0.812	44.16	9	6	20	63915	48906
0585	3.06	27.924	1.604	0.22	65.16	14	12	20	63923	49009
0586	3.332	28.336	1.42	0.372	72.476	14	8	20	63946	49041
0587	3.276	27.608	1.508	0.32	48.936	17	14	20	63904	48877
0588	3.3	28.708	1.416	0.428	121.428	11	6	20	63934	49001
0589	3.34	26.82	1.392	0.204	101.348	16	12	20	63932	49023
059	3.284	27.368	1.396	0.6	93.22399999999999	16	13	20	63931	48967
0590	2.924	27.328	1.532	0.4	102.188	17	15	20	63926	48930
0591	2.884	27.7	1.664	0.212	60.124	18	16	20	63919	48997
0592	2.884	27.732	1.484	0.216	24.432	9	7	20	63907	49013
0593	3.32	28.572	1.4	0.252	70.792	19	16	20	63889	48951
0594	3.352	28.668	1.592	0.256	96.092	10	6	20	63935	49067
0595	3.072	28.916	1.532	0.264	134.22	17	13	20	63934	49026
0596	3.356	27.328	1.368	0.544	146.68	20	16	20	63943	48969
0597	3.164	26.86	1.452	0.232	86.836	19	15	20	63898	48966
0598	3.18	26.94	1.536	0.428	80.02	16	11	20	63936	48951
0599	3.028	26.492	1.436	0.572	37.032	10	6	20	63931	49066
06	2.812	26.704	1.568	1.112	138.404	16	12	20	63947	48920
060	3.132	29.424	1.568	0.36	78.404	12	11	20	63939	49026
0600	3.364	28.844	1.544	0.208	59.024	13	11	20	63932	49000
0601	3.392	28.92	1.636	0.276	89.004	16	12	20	63936	48919
0602	3.532	27.712	1.54	0.2	164.276	18	13	20	63933	48928
0603	3.36	27.392	1.484	0.308	102.72800000000001	16	12	20	63948	48984
0604	3.224	28.008	1.584	0.22	79.108	16	11	20	63922	48963
0605	2.988	28.34	1.528	0.428	79.836	15	14	20	63940	48973
0606	3.312	27.944	1.528	0.236	36.788	12	10	20	63930	49054
0607	3.2	28.052	1.636	0.264	169.612	15	10	20	63946	49002
0608	3.192	27.992	1.472	0.172	96.32	18	15	20	63936	49041
0609	3.288	28.64	1.564	0.252	122.636	18	17	20	63938	49040
061	3.356	28.464	1.456	0.492	67.816	11	8	20	63908	49002
0610	3.372	27.712	1.456	0.3	128.456	13	9	20	63951	49013
0611	3.228	28.848	1.56	0.328	54.644	12	9	20	63919	49022
0612	2.964	27.436	1.664	0.252	62.3	17	14	20	63928	49001
0613	3.672	27.712	1.5	0.216	104.152	15	10	20	63934	49037
0614	3.636	28.724	1.58	0.244	107.632	15	11	20	63938	49005
0615	3.028	28.132	1.472	0.204	104.94800000000001	12	7	20	63926	48937
0616	3.28	27.888	1.368	0.284	116.648	14	11	20	63929	48896
0617	3.276	27.8	1.556	0.396	124.988	12	8	20	63965	49005
0618	3.264	27.276	1.564	0.228	107.92	19	17	20	63923	48988
0619	2.888	27.608	1.68	0.38	63.84	13	11	20	63928	48999
062	3.536	29.112	1.652	0.224	126.424	18	15	20	63938	48959
0620	3.556	27.928	1.376	0.576	89.14	11	7	20	63932	48940
0621	3.36	27.804	1.496	0.204	98.52799999999999	13	8	20	63921	49012
0622	3.22	27.768	1.444	0.328	66.968	13	10	20	63918	48981
0623	3.0	27.86	1.508	0.392	148.5	19	16	20	63950	48995
0624	3.032	27.616	1.52	0.252	92.22	16	12	20	63953	49011
0625	3.192	28.588	1.624	1.548	145.832	14	10	20	63956	49044
0626	3.14	28.564	1.636	0.34	116.8	15	11	20	63928	49005
0627	3.556	28.204	1.444	0.204	90.12	12	7	20	63925	48938
0628	3.408	28.508	1.492	0.224	92.068	14	10	20	63927	48981
0629	3.196	28.328	1.552	0.348	83.496	17	13	20	63927	49006
063	3.084	28.228	1.728	0.588	66.128	12	9	20	63928	49008
0630	3.596	30.092	1.596	0.3	44.944	14	12	20	63912	48961
0631	3.312	28.732	1.408	0.2	94.94800000000001	11	7	20	63939	49031
0632	3.352	27.38	1.272	0.26	58.76	13	9	20	63930	49028
0633	3.228	26.02	1.308	0.252	236.7	17	12	20	63948	49053
0634	3.0	25.556	1.408	0.168	82.244	15	12	20	63921	48929
0635	3.0	26.508	1.448	0.328	136.96	20	17	20	63931	49067
0636	2.828	26.22	1.5	0.348	129.708	20	16	20	63930	49035
0637	2.776	25.94	1.548	0.268	84.804	11	7	20	63946	49046
0638	2.696	27.728	1.616	0.248	82.144	16	13	20	63910	48943
0639	3.52	28.772	1.54	0.46	79.468	19	14	20	63920	48976
064	3.34	28.104	1.52	0.28	29.356	7	5	20	63935	48982
0640	3.352	27.816	1.5	0.232	51.864	15	13	20	63914	48979
0641	3.196	27.228	1.496	0.184	153.388	16	11	20	63938	48945
0642	3.044	27.284	1.552	0.676	142.464	19	14	20	63960	48957
0643	3.296	26.732	1.38	0.496	125.796	20	17	20	63944	48949
0644	3.276	27.208	1.416	0.324	206.036	18	14	20	63944	49028
0645	3.052	27.8	1.56	0.192	43.044	11	8	20	63936	49015
0646	2.96	27.776	1.544	0.292	72.9	16	12	20	63934	48963
0647	3.304	29.408	1.608	0.508	367.6	18	15	20	63945	48994
0648	3.516	28.868	1.572	0.316	121.66	15	10	20	63934	49027
0649	3.356	28.508	1.64	0.236	62.384	14	11	20	63907	49014
065	3.532	27.928	1.428	0.188	122.304	18	17	20	63937	49007
0650	3.332	27.288	1.42	0.336	111.12	16	12	20	63946	49080
0651	3.12	26.808	1.532	0.164	124.204	14	9	20	63922	48959
0652	3.076	26.908	1.652	0.732	127.936	14	11	20	63939	48981
0653	3.524	30.66	1.644	0.704	158.344	17	13	20	63950	48979
0654	3.528	28.884	1.584	0.36	42.832	7	4	20	63935	49031
0655	3.428	28.572	1.616	0.316	98.072	16	14	20	63916	48999
0656	3.66	27.972	1.448	0.252	100.324	13	9	20	63908	48863
0657	3.628	27.412	1.4	0.3	90.02799999999999	16	11	20	63934	49046
0658	3.072	26.66	1.516	0.244	68.744	17	13	20	63906	48946
0659	2.956	27.6	1.612	0.82	80.88	19	14	20	63903	48995
066	3.088	28.36	1.66	0.34	93.768	19	16	20	63934	49023
0660	3.508	29.204	1.488	0.272	87.236	15	14	20	63936	49080
0661	3.412	28.22	1.532	0.232	65.792	15	11	20	63926	49041
0662	3.188	27.12	1.368	0.236	89.78	16	13	20	63930	48968
0663	3.052	27.272	1.496	0.236	125.048	17	14	20	63917	48963
0664	3.164	27.38	1.376	0.316	75.68	15	13	20	63927	49015
0665	3.088	27.276	1.504	0.416	136.856	10	6	20	63953	49013
0666	3.04	27.808	1.532	0.24	147.264	10	7	20	63954	49013
0667	2.92	27.792	1.644	0.488	134.888	18	14	20	63940	49032
0668	3.536	28.92	1.58	0.492	253.276	19	16	20	63930	48937
0669	3.32	28.42	1.716	0.228	147.196	20	15	20	63934	49021
067	3.468	28.28	1.6	0.356	142.212	18	13	20	63950	48998
0670	3.472	28.008	1.648	0.508	157.84	17	14	20	63924	48860
0671	3.552	29.864	1.6	0.332	117.18	15	11	20	63940	49023
0672	3.376	28.6	1.5	0.46	124.584	12	9	20	63945	49025
0673	3.452	28.064	1.676	0.336	113.108	20	16	20	63925	49063
0674	3.424	28.0	1.64	0.324	100.648	15	11	20	63920	49013
0675	3.54	29.332	1.572	0.236	59.004	14	11	20	63919	48965
0676	3.336	28.288	1.484	0.32	59.292	12	10	20	63935	48989
0677	3.34	27.54	1.516	0.236	161.34	15	11	20	63944	49050
0678	3.356	27.46	1.5	0.288	110.352	10	6	20	63926	48941
0679	3.228	28.076	1.38	0.304	96.964	11	8	20	63953	49041
068	3.404	26.568	1.4	0.256	74.536	13	9	20	63919	48939
0680	3.404	27.02	1.432	0.56	75.596	12	9	20	63937	49040
0681	3.08	26.644	1.512	1.74	127.56	15	13	20	63927	49015
0682	2.976	27.276	1.572	0.224	79.5	12	8	20	63914	48984
0683	3.164	29.512	1.62	0.236	73.72	12	9	20	63932	49010
0684	3.78	26.684	1.332	0.204	103.696	16	12	20	63918	48929
0685	3.8	28.016	1.44	0.228	64.428	12	7	20	63945	49042
0686	3.544	27.256	1.48	0.264	53.976	11	8	20	63927	48984
0687	3.084	27.068	1.472	0.22	45.12	9	6	20	63929	48978
0688	2.892	27.796	1.464	0.524	31.372	9	4	20	63922	49024
0689	3.124	28.056	1.52	0.224	121.924	16	14	20	63944	49012
069	3.2	28.604	1.564	0.244	111.332	17	13	20	63918	49035
0690	3.188	27.416	1.42	0.22	193.356	18	13	20	63952	49040
0691	3.296	27.276	1.448	0.196	79.884	15	12	20	63944	49096
0692	3.112	27.908	1.568	0.24	93.624	18	16	20	63919	48990
0693	3.248	27.176	1.58	0.272	93.53999999999999	9	6	20	63951	49059
0694	3.02	27.152	1.672	0.74	99.3	14	9	20	63927	49014
0695	3.596	28.972	1.596	0.34	79.12	16	13	20	63911	48985
0696	3.52	27.644	1.436	0.176	116.068	16	11	20	63946	49047
0697	3.436	27.284	1.4	0.296	131.056	19	15	20	63942	49064
0698	3.348	27.344	1.496	0.304	63.896	14	10	20	63940	48977
0699	3.04	26.892	1.572	0.312	106.788	14	9	20	63925	49022
07	3.084	27.632	1.588	0.34	79.556	12	8	20	63958	49051
070	3.132	27.82	1.56	0.528	101.356	18	14	20	63950	49052
0700	3.38	28.996	1.648	0.5	207.552	13	9	20	63925	49038
0701	3.54	29.472	1.592	0.452	152.848	18	13	20	63946	49022
0702	3.344	28.844	1.704	0.364	128.908	18	14	20	63934	49070
0703	3.556	28.492	1.44	0.528	18.228	6	4	20	63932	49014
0704	3.288	27.408	1.384	0.292	24.284	6	4	20	63893	48957
0705	3.204	27.512	1.452	0.188	86.248	19	16	20	63913	49015
0706	2.908	28.084	1.428	0.216	111.828	18	17	20	63930	48994
0707	2.92	27.088	1.56	0.296	73.208	14	11	20	63895	48936
0708	3.012	27.788	1.536	0.268	19.436	8	6	20	63927	49006
0709	3.356	28.816	1.62	0.344	116.03999999999999	13	10	20	63938	49026
071	3.516	28.876	1.488	0.232	58.86	17	14	20	63933	48923
0710	3.404	27.872	1.316	0.26	162.40800000000002	19	15	20	63933	49027
0711	3.284	27.98	1.576	0.476	96.832	14	11	20	63918	49014
0712	3.172	26.288	1.472	0.544	60.248	18	14	20	63912	48998
0713	2.956	26.792	1.496	0.308	221.636	19	15	20	63948	48990
0714	2.8	27.592	1.56	0.652	92.25999999999999	19	17	20	63922	49010
0715	3.148	29.268	1.484	0.288	79.52799999999999	11	7	20	63925	49021
0716	3.224	28.584	1.504	0.272	189.136	18	14	20	63933	49065
0717	3.352	28.44	1.56	0.252	133.60399999999998	16	13	20	63941	49061
0718	3.216	28.736	1.684	0.348	123.516	20	17	20	63949	48966
0719	3.52	28.516	1.484	0.42	51.24	11	8	20	63911	48957
072	3.368	28.296	1.58	0.288	70.868	10	7	20	63956	49017
0720	3.216	28.72	1.696	0.236	117.304	14	10	20	63956	48938
0721	3.468	30.204	1.688	0.36	179.62	12	7	20	63955	49030
0722	3.56	28.444	1.488	0.244	101.48400000000001	20	16	20	63926	48973
0723	3.312	27.756	1.492	0.732	99.56	19	16	20	63912	48988
0724	3.412	27.248	1.524	0.328	92.24799999999999	15	12	20	63927	49027
0725	3.212	26.348	1.508	0.236	102.16	16	12	20	63921	48946
0726	3.132	27.556	1.568	0.216	119.22	16	14	20	63934	49022
0727	3.296	27.848	1.468	0.224	86.088	17	15	20	63935	49046
0728	3.204	28.432	1.608	0.3	77.32	15	9	20	63937	48983
0729	3.492	29.128	1.512	0.284	109.16	19	15	20	63938	49009
073	3.396	27.448	1.3	0.196	97.05199999999999	17	15	20	63904	48941
0730	3.184	26.808	1.272	0.188	111.212	19	17	20	63938	49068
0731	3.168	26.504	1.312	0.3	237.392	20	16	20	63952	49051
0732	2.952	26.74	1.452	0.248	87.684	10	7	20	63952	49050
0733	2.876	26.62	1.508	0.216	50.832	11	10	20	63940	49010
0734	2.916	27.348	1.556	0.232	188.776	20	15	20	63940	48950
0735	2.84	28.176	1.62	0.26	248.592	14	10	20	63960	48996
0736	3.556	28.448	1.432	0.168	103.656	16	15	20	63939	48993
0737	3.384	27.896	1.452	0.176	62.092	13	10	20	63914	48956
0738	3.224	27.476	1.472	0.276	139.056	14	9	20	63949	48989
0739	2.928	27.432	1.568	0.312	50.856	11	8	20	63919	48981
074	2.924	28.636	1.616	0.452	89.46000000000001	13	10	20	63930	49003
0740	3.552	28.928	1.484	0.272	389.184	19	16	20	63960	48925
0741	3.364	28.572	1.524	0.24	24.764	11	8	20	63897	48938
0742	3.292	27.796	1.404	0.308	198.0	16	11	20	63966	49063
0743	3.192	27.504	1.484	0.208	161.212	18	13	20	63922	49021
0744	3.04	26.944	1.444	0.464	187.444	17	12	20	63944	49000
0745	2.936	26.976	1.516	0.216	47.792	11	8	20	63919	48964
0746	3.2	27.632	1.476	0.736	138.024	19	17	20	63906	49045
0747	2.928	28.02	1.58	0.308	116.488	11	7	20	63927	48982
0748	3.108	29.08	1.64	0.284	176.64	20	15	20	63937	49005
0749	3.548	29.548	1.624	0.352	73.036	13	10	20	63939	48992
075	3.56	27.808	1.48	0.328	183.392	20	16	20	63943	49026
0750	3.36	27.088	1.344	0.188	106.468	14	9	20	63950	49051
0751	3.108	27.088	1.548	0.548	126.884	15	12	20	63945	48966
0752	3.036	27.2	1.416	0.672	141.524	16	13	20	63933	49017
0753	2.856	27.332	1.592	0.332	57.996	13	10	20	63913	48967
0754	3.208	28.472	1.644	0.592	105.416	17	13	20	63930	48992
0755	3.484	29.52	1.664	0.752	76.176	10	7	20	63932	49027
0756	3.52	29.016	1.56	0.288	108.78	15	12	20	63912	48962
0757	3.376	28.908	1.548	0.26	95.848	18	13	20	63928	48994
0758	3.38	28.232	1.308	0.256	55.748	7	5	20	63941	49034
0759	3.368	26.708	1.3	0.38	132.656	11	9	20	63959	49064
076	3.204	27.432	1.404	0.228	89.932	12	8	20	63918	48976
0760	3.256	27.028	1.5	0.968	82.832	10	8	20	63938	49042
0761	2.94	26.068	1.576	0.528	124.088	18	14	20	63926	48987
0762	2.852	29.284	1.64	0.48	80.29599999999999	13	10	20	63935	49015
0763	3.552	28.448	1.516	0.196	50.348	15	13	20	63921	48906
0764	3.42	27.304	1.572	0.592	70.048	14	9	20	63913	48913
0765	3.248	27.516	1.492	0.768	94.98400000000001	14	10	20	63927	48919
0766	3.232	28.244	1.516	0.24	119.792	18	14	20	63956	49056
0767	3.364	28.048	1.62	0.248	124.80799999999999	15	12	20	63931	49033
0768	3.196	27.76	1.352	0.216	84.952	15	12	20	63907	48940
0769	3.356	27.044	1.496	0.348	48.316	11	8	20	63929	48963
077	3.348	26.94	1.488	0.364	150.656	16	13	20	63942	49046
0770	3.036	27.116	1.452	0.196	44.204	9	5	20	63900	48972
0771	2.908	28.876	1.556	0.532	165.188	16	11	20	63942	48957
0772	3.384	29.48	1.48	0.268	107.16	15	10	20	63951	49035
0773	3.488	27.772	1.524	0.296	36.532	12	9	20	63889	48892
0774	3.464	28.064	1.508	0.512	82.152	13	8	20	63939	49028
0775	3.248	27.504	1.516	0.296	74.956	14	10	20	63921	48990
0776	3.028	28.748	1.556	0.236	183.096	18	15	20	63954	49084
0777	3.152	28.332	1.46	0.308	231.748	12	7	20	63951	49071
0778	3.244	29.4	1.6	0.216	301.936	19	14	20	63964	49035
0779	3.332	28.216	1.4	0.752	65.12	13	11	20	63919	49053
078	3.4	27.5	1.56	0.364	227.572	14	10	20	63952	49046
0780	3.388	27.136	1.404	0.24	105.49199999999999	14	10	20	63934	48972
0781	2.952	28.108	1.604	0.376	50.748	19	16	20	63897	48929
0782	2.948	28.936	1.632	0.256	96.356	13	10	20	63946	49081
0783	3.588	28.124	1.444	0.252	91.01599999999999	15	11	20	63950	48939
0784	3.276	28.436	1.568	0.348	105.0	19	15	20	63929	48986
0785	3.396	29.056	1.52	0.424	144.496	17	14	20	63962	48940
0786	3.34	28.116	1.496	0.204	114.48400000000001	17	14	20	63935	49066
0787	3.112	28.856	1.588	0.28	128.544	19	15	20	63949	49024
0788	3.356	29.548	1.548	0.668	74.48	16	13	20	63916	48982
0789	3.408	29.604	1.592	0.624	214.596	19	15	20	63942	49000
079	3.396	28.444	1.556	0.36	105.156	17	13	20	63920	49003
0790	3.36	28.996	1.5	0.5	69.656	16	13	20	63932	49062
0791	3.468	28.172	1.548	0.248	82.02799999999999	14	9	20	63925	49033
0792	3.452	27.888	1.464	0.66	162.252	19	14	20	63926	49077
0793	3.192	27.628	1.52	0.36	77.236	13	10	20	63904	48930
0794	3.1	27.608	1.536	0.3	202.004	18	13	20	63950	49004
0795	2.9	28.808	1.624	0.208	164.504	17	12	20	63943	49063
0796	3.564	28.928	1.532	0.328	40.704	9	6	20	63908	48971
0797	3.38	28.72	1.416	0.484	39.688	8	4	20	63925	48923
0798	3.388	28.76	1.612	0.3	80.06	16	14	20	63917	49047
0799	3.096	28.028	1.62	0.296	173.692	13	8	20	63938	49036
08	3.476	27.492	1.436	0.268	63.828	12	7	20	63932	49017
080	3.388	27.92	1.54	0.272	214.788	15	12	20	63939	48999
0800	3.016	27.524	1.56	0.248	75.752	17	15	20	63918	49041
0801	3.216	29.36	1.636	0.5	337.224	19	13	20	63974	49017
0802	3.536	27.9	1.528	0.224	125.756	11	8	20	63922	49005
0803	3.464	27.456	1.4	0.224	86.36	11	7	20	63933	49082
0804	3.304	27.944	1.544	0.244	104.48400000000001	15	13	20	63929	48973
0805	3.188	27.824	1.608	0.3	90.70400000000001	14	11	20	63925	49036
0806	3.028	28.84	1.648	0.284	85.94	11	8	20	63937	48982
0807	3.576	30.028	1.564	0.46	67.292	19	15	20	63910	48994
0808	3.4	28.6	1.472	0.236	108.2	17	13	20	63942	48982
0809	3.228	27.54	1.392	0.308	57.704	18	15	20	63906	48990
081	3.428	27.336	1.564	0.316	28.44	11	8	20	63898	48942
0810	3.408	27.648	1.548	0.232	83.908	10	7	20	63937	48884
0811	2.944	27.616	1.504	0.248	126.616	17	13	20	63927	49029
0812	3.044	27.912	1.5	0.352	130.824	19	15	20	63927	48983
0813	3.04	28.296	1.56	0.708	104.404	12	8	20	63954	49041
0814	3.408	27.744	1.6	0.368	131.224	17	13	20	63933	48981
0815	3.296	28.792	1.576	0.424	79.9	18	15	20	63921	49016
0816	3.384	28.52	1.468	1.588	146.9	17	12	20	63950	49065
0817	3.236	28.44	1.612	0.484	205.32	15	10	20	63946	48968
0818	3.66	26.86	1.316	0.528	137.036	16	11	20	63934	49041
0819	3.62	28.056	1.448	0.228	93.608	17	14	20	63929	49014
082	3.156	26.856	1.42	0.2	126.796	12	10	20	63937	49055
0820	2.94	27.304	1.56	1.024	38.68	9	6	20	63916	48938
0821	2.832	27.972	1.704	0.252	84.69200000000001	14	12	20	63946	48920
0822	3.52	28.86	1.544	0.28	45.608	10	6	20	63927	49009
0823	3.38	29.468	1.564	0.312	111.968	15	13	20	63918	49023
0824	3.36	27.944	1.452	0.216	62.632	16	12	20	63927	49038
0825	3.316	27.4	1.424	0.604	120.648	19	16	20	63924	48932
0826	3.052	27.312	1.476	0.328	117.036	16	11	20	63923	49018
0827	3.016	27.452	1.432	0.364	145.004	16	12	20	63930	49036
0828	3.248	27.916	1.568	0.26	154.484	13	8	20	63937	49046
0829	3.172	27.476	1.6	0.256	96.51599999999999	18	13	20	63949	49019
083	3.164	28.244	1.488	0.228	140.52	20	17	20	63934	49062
0830	3.152	29.136	1.568	0.236	72.896	12	8	20	63949	49052
0831	3.312	28.476	1.632	0.184	48.492	12	8	20	63937	48943
0832	3.548	27.324	1.48	0.436	50.872	9	5	20	63933	49037
0833	3.156	27.824	1.408	0.16	170.648	15	10	20	63956	49050
0834	3.152	27.764	1.44	0.208	182.648	13	9	20	63947	49033
0835	3.284	26.976	1.552	0.28	168.656	16	10	20	63938	49028
0836	3.152	27.864	1.612	0.416	130.544	13	9	20	63906	48975
0837	3.088	27.444	1.696	0.2	36.004	9	6	20	63917	48996
0838	3.608	28.56	1.508	0.264	107.46000000000001	12	9	20	63936	49076
0839	3.448	28.116	1.568	0.384	68.68	9	5	20	63926	48941
084	3.192	28.364	1.572	0.216	86.46000000000001	14	12	20	63949	49041
0840	3.336	29.604	1.616	0.276	166.328	16	11	20	63939	49009
0841	3.508	29.84	1.476	0.38	217.848	17	12	20	63949	48984
0842	3.392	27.204	1.336	0.204	150.256	14	11	20	63958	49000
0843	3.208	26.484	1.412	0.272	65.328	7	3	20	63954	49046
0844	2.936	26.548	1.468	0.656	78.02	11	8	20	63943	48989
0845	3.032	26.144	1.416	0.42	76.648	12	9	20	63942	49046
0846	2.768	28.108	1.544	0.26	131.112	16	11	20	63946	49047
0847	2.76	28.036	1.644	0.26	78.792	11	8	20	63922	48980
0848	3.54	26.5	1.372	0.66	57.004	11	8	20	63907	48944
0849	3.4	28.52	1.504	0.268	110.164	20	18	20	63919	49038
085	3.04	27.416	1.552	0.216	89.244	16	13	20	63933	49014
0850	3.104	27.528	1.484	0.308	54.068	13	9	20	63924	48973
0851	3.12	29.48	1.584	0.256	75.932	17	13	20	63922	49067
0852	3.424	27.492	1.376	0.104	127.688	12	9	20	63963	49039
0853	3.252	27.256	1.52	0.28	138.192	9	7	20	63953	49045
0854	3.38	27.164	1.584	0.252	98.58	16	13	20	63913	48996
0855	3.048	27.936	1.54	0.248	143.916	19	15	20	63926	49013
0856	3.34	28.04	1.428	0.18	28.908	12	10	20	63908	49024
0857	3.224	28.22	1.512	0.264	96.36	13	9	20	63925	49007
0858	3.072	27.628	1.556	0.328	75.012	17	12	20	63950	49017
0859	3.12	28.696	1.624	0.312	58.296	12	10	20	63934	49021
086	3.444	29.688	1.54	0.336	57.628	18	15	20	63912	48943
0860	3.412	28.696	1.48	0.272	191.204	19	15	20	63955	48978
0861	3.38	27.384	1.344	0.248	155.564	20	17	20	63960	49059
0862	3.176	27.456	1.476	0.192	177.148	11	6	20	63950	49018
0863	3.096	27.932	1.472	0.208	103.68	10	5	20	63935	48996
0864	3.208	27.024	1.396	0.44	107.06	18	15	20	63939	49063
0865	2.952	27.532	1.528	0.292	154.56	13	8	20	63919	48937
0866	3.08	28.508	1.64	0.416	55.568	9	5	20	63905	48986
0867	3.048	27.7	1.668	1.02	92.196	16	11	20	63939	49021
0868	3.532	28.824	1.472	0.396	211.108	19	15	20	63934	48988
0869	3.32	28.232	1.396	0.216	134.72	18	14	20	63940	49042
087	3.044	26.872	1.512	0.216	216.832	11	7	20	63945	49094
0870	3.24	28.384	1.668	0.176	103.01599999999999	13	9	20	63918	48935
0871	2.956	28.556	1.504	0.216	38.836	11	8	20	63928	48999
0872	3.396	27.684	1.448	0.32	151.076	17	14	20	63938	49009
0873	3.04	27.632	1.604	0.216	215.248	15	9	20	63951	49100
0874	3.152	28.404	1.612	0.168	89.08	19	16	20	63911	48956
0875	3.528	30.064	1.644	0.212	146.496	13	8	20	63934	49056
0876	3.536	29.624	1.568	0.364	60.292	16	14	20	63902	48957
0877	3.344	28.58	1.556	0.256	79.6	12	10	20	63925	48992
0878	3.292	29.036	1.684	0.548	37.096	11	10	20	63932	49047
0879	3.66	28.416	1.38	0.184	60.912	17	15	20	63911	48933
088	3.388	27.196	1.396	0.312	145.252	17	14	20	63937	49026
0880	3.292	27.94	1.676	0.208	71.676	17	14	20	63910	48947
0881	3.176	27.004	1.692	0.428	124.424	13	10	20	63936	48929
0882	2.94	27.812	1.504	0.812	163.676	12	8	20	63935	48984
0883	3.416	27.168	1.448	0.228	131.88	8	4	20	63947	48968
0884	3.064	27.52	1.612	0.364	109.27600000000001	18	14	20	63939	49077
0885	3.192	28.352	1.584	0.368	111.66	13	8	20	63938	49061
0886	3.304	28.984	1.66	0.26	76.136	7	4	20	63939	48965
0887	3.58	29.992	1.644	0.324	67.032	15	11	20	63923	49018
0888	3.52	28.224	1.344	0.2	162.608	15	10	20	63932	48999
0889	3.408	29.236	1.512	0.2	127.512	14	12	20	63941	49026
089	3.32	26.744	1.272	0.192	209.476	15	13	20	63947	49032
0890	3.152	27.104	1.412	0.5	60.736	13	11	20	63925	49015
0891	3.06	27.024	1.476	0.284	200.02	16	12	20	63953	49046
0892	2.972	26.36	1.448	0.228	117.25999999999999	18	14	20	63927	49033
0893	2.912	27.512	1.54	0.364	97.8	18	15	20	63924	48938
0894	2.72	27.276	1.624	0.26	69.572	16	13	20	63916	48951
0895	3.508	28.92	1.68	0.28	77.444	10	6	20	63943	48944
0896	3.572	28.972	1.52	0.284	40.14	7	5	20	63937	48993
0897	3.368	28.896	1.404	0.276	78.032	11	8	20	63942	49011
0898	3.04	27.348	1.536	0.192	97.896	11	7	20	63932	49006
0899	3.228	27.184	1.588	0.32	44.5	14	10	20	63908	48988
09	3.276	28.4	1.644	0.3	322.192	16	14	20	63957	49067
090	3.576	27.656	1.52	0.272	60.796	12	8	20	63955	49018
0900	3.512	28.888	1.592	0.38	88.84	14	11	20	63927	48976
0901	3.148	27.116	1.412	0.364	50.66	13	10	20	63906	48946
0902	3.152	27.216	1.536	0.188	41.08	7	5	20	63906	48894
0903	3.22	27.404	1.552	0.264	66.856	16	12	20	63947	49040
0904	3.088	27.88	1.608	0.516	187.136	18	15	20	63953	49021
0905	3.404	29.388	1.652	0.44	140.228	15	10	20	63956	49096
0906	3.288	28.596	1.436	0.216	167.084	15	11	20	63932	48981
0907	3.276	27.196	1.424	0.316	218.72	15	11	20	63955	49015
0908	3.348	27.784	1.452	0.232	117.932	15	11	20	63932	49026
0909	3.068	27.412	1.508	0.348	144.836	19	16	20	63929	48991
091	2.896	28.692	1.628	0.968	107.436	18	15	20	63919	48989
0910	3.48	27.388	1.4	0.308	109.52799999999999	17	14	20	63922	48968
0911	3.232	26.644	1.452	0.244	220.57999999999998	20	15	20	63955	49113
0912	3.364	27.572	1.468	0.372	95.55199999999999	14	10	20	63953	49029
0913	3.068	27.248	1.36	0.352	43.024	10	8	20	63949	49063
0914	3.02	26.432	1.444	0.188	136.156	15	10	20	63937	49024
0915	3.096	27.304	1.56	0.336	48.924	8	5	20	63914	49006
0916	2.916	28.004	1.66	0.576	146.152	15	13	20	63970	49093
0917	3.616	27.984	1.392	0.232	234.752	20	16	20	63948	48945
0918	3.612	28.432	1.432	0.28	109.944	15	10	20	63941	49092
0919	3.116	28.144	1.496	0.688	58.576	15	12	20	63910	48913
092	3.032	27.576	1.604	0.5	110.4	15	11	20	63932	49058
0920	3.264	28.004	1.648	0.416	118.344	18	13	20	63942	49020
0921	3.548	28.804	1.448	0.184	88.008	19	17	20	63906	48994
0922	3.316	27.948	1.548	0.244	211.488	18	16	20	63956	48977
0923	3.012	27.432	1.452	0.232	67.488	16	14	20	63917	49005
0924	3.036	27.74	1.528	0.284	64.7	9	6	20	63931	48998
0925	3.228	28.464	1.536	0.416	119.372	14	10	20	63928	49027
0926	3.204	28.584	1.58	0.312	44.276	9	6	20	63930	48901
0927	3.332	28.964	1.68	0.324	184.664	13	8	20	63952	49035
0928	3.548	29.344	1.368	0.296	156.464	13	8	20	63925	48866
0929	3.408	27.388	1.496	0.376	99.616	12	7	20	63945	49043
093	3.152	27.348	1.524	0.188	121.364	15	11	20	63938	49028
0930	2.956	28.2	1.584	0.252	183.776	14	9	20	63942	49042
0931	3.196	28.576	1.656	0.34	55.088	12	9	20	63916	48980
0932	3.508	29.796	1.676	0.244	147.60399999999998	17	14	20	63945	49070
0933	3.524	26.944	1.416	0.38	183.524	16	11	20	63958	49062
0934	3.208	27.14	1.56	0.336	99.132	13	12	20	63956	49047
0935	3.196	28.124	1.708	0.42	108.94	19	17	20	63940	49068
0936	3.564	27.976	1.432	0.208	58.16	11	8	20	63916	48962
0937	3.22	28.412	1.568	0.24	57.176	7	3	20	63944	48980
0938	3.168	27.7	1.592	0.336	59.668	12	10	20	63919	48917
0939	3.54	28.48	1.404	0.276	165.68	14	9	20	63961	49048
094	3.352	26.076	1.308	0.196	91.22	15	13	20	63954	49034
0940	3.32	25.808	1.368	0.348	55.224	17	12	20	63916	49034
0941	3.272	26.0	1.488	0.248	50.756	15	13	20	63912	48995
0942	2.824	26.24	1.5	0.36	121.732	19	16	20	63905	48939
0943	2.872	27.152	1.592	0.236	32.012	9	6	20	63911	48981
0944	2.9	27.04	1.604	0.436	68.632	10	7	20	63913	48974
0945	3.54	26.944	1.352	0.288	208.42000000000002	19	14	20	63961	49051
0946	3.38	27.668	1.524	0.276	124.872	17	14	20	63939	48913
0947	3.124	27.16	1.668	0.336	217.668	20	16	20	63933	49057
0948	3.02	27.76	1.536	0.416	98.664	19	15	20	63943	49052
0949	3.336	27.416	1.536	0.22	47.804	14	10	20	63902	48940
095	3.232	27.976	1.644	0.276	113.444	17	14	20	63919	49043
0950	3.564	28.528	1.564	0.232	96.768	16	12	20	63927	49056
0951	3.376	28.672	1.536	0.176	65.236	12	9	20	63910	49081
0952	3.208	28.076	1.576	0.22	54.84	13	9	20	63895	49029
0953	3.376	28.752	1.572	0.36	61.172	18	14	20	63922	48944
0954	3.352	28.424	1.52	0.324	136.76	20	16	20	63949	49053
0955	3.152	28.252	1.436	0.28	123.848	17	13	20	63942	49021
0956	3.316	27.384	1.416	0.444	117.72399999999999	20	15	20	63927	48919
0957	3.38	27.252	1.46	0.432	156.96800000000002	15	12	20	63980	49026
0958	3.228	27.316	1.548	0.244	147.356	19	15	20	63927	48982
0959	3.256	27.048	1.5	0.328	82.864	13	10	20	63908	48974
096	3.08	28.24	1.556	0.212	134.24	14	10	20	63947	48987
0960	3.14	29.348	1.656	0.248	61.044	11	8	20	63945	48970
0961	3.536	27.84	1.34	0.196	89.168	11	7	20	63933	49068
0962	3.356	26.692	1.392	0.208	68.468	14	12	20	63927	49043
0963	3.352	26.852	1.616	0.44	84.168	17	12	20	63941	49025
0964	3.18	26.512	1.62	0.292	131.532	16	12	20	63937	49038
0965	2.772	26.42	1.656	0.188	100.304	14	11	20	63916	48946
0966	3.52	28.632	1.52	0.396	78.968	15	11	20	63930	49036
0967	3.344	27.848	1.464	0.256	89.048	16	13	20	63925	48981
0968	3.092	27.24	1.64	0.332	165.008	16	13	20	63940	48977
0969	3.56	28.184	1.5	0.292	85.936	11	7	20	63935	49070
097	3.408	28.032	1.612	0.164	67.32	15	11	20	63932	49052
0970	3.24	28.172	1.572	0.308	111.25200000000001	14	10	20	63953	49010
0971	3.332	28.58	1.524	0.324	66.94800000000001	16	14	20	63941	48992
0972	3.34	27.736	1.504	0.204	75.86	12	7	20	63930	49029
0973	3.148	27.84	1.592	0.392	80.48	15	11	20	63907	48916
0974	3.188	28.116	1.616	0.524	61.188	17	15	20	63907	48879
0975	3.452	28.172	1.56	0.248	103.88	16	14	20	63945	48963
0976	3.364	28.028	1.58	0.224	79.668	12	8	20	63952	49104
0977	3.116	27.436	1.368	0.292	78.676	14	11	20	63920	49038
0978	3.364	27.252	1.308	0.34	90.44	10	6	20	63930	48980
0979	3.136	26.528	1.396	0.152	106.044	15	10	20	63934	48996
098	2.956	26.592	1.468	0.236	57.528	12	10	20	63917	49017
0980	2.82	26.468	1.58	0.164	90.804	18	15	20	63904	48997
0981	2.888	27.844	1.652	0.236	94.12	18	14	20	63943	49028
0982	3.568	27.416	1.352	0.288	91.53999999999999	13	9	20	63959	49038
0983	3.348	27.584	1.488	0.232	221.26	19	16	20	63949	49034
0984	3.088	27.784	1.5	0.224	147.276	12	8	20	63925	49032
0985	3.052	28.04	1.56	0.236	56.836	17	12	20	63890	48930
0986	3.168	27.324	1.364	0.332	132.764	17	13	20	63942	49058
0987	3.204	27.66	1.512	0.24	39.824	8	5	20	63943	49014
0988	3.236	27.612	1.572	0.208	48.18	9	6	20	63934	49067
0989	3.116	28.532	1.632	0.408	150.468	18	14	20	63939	49026
099	3.52	29.372	1.484	0.216	85.548	14	12	20	63926	49017
0990	3.32	28.816	1.512	0.612	80.44800000000001	12	8	20	63932	49042
0991	3.236	28.104	1.572	0.28	48.336	18	14	20	63888	48928
0992	3.148	28.776	1.64	0.288	162.344	19	15	20	63949	49074
0993	3.528	27.88	1.46	0.308	101.408	17	13	20	63967	49108
0994	3.176	27.952	1.46	0.76	52.412	8	5	20	63926	49026
0995	3.156	27.776	1.504	0.216	80.656	11	8	20	63945	48844
0996	3.128	27.456	1.46	0.852	21.672	10	8	20	63872	48870
0997	2.928	27.892	1.516	0.256	76.188	18	17	20	63944	49008
0998	3.204	27.252	1.512	0.276	51.952	13	10	20	63923	48894
0999	2.94	27.136	1.212	0.348	49.72	12	8	20	63916	49032
