01	2.212	0.704	224.716	20	16
010	2.256	2.012	93.916	14	12
0100	2.264	0.552	172.664	20	15
01000	2.256	0.536	128.752	15	10
0101	2.22	2.104	173.608	10	6
0102	2.252	0.564	285.256	19	15
0103	2.244	0.572	176.996	20	16
0104	2.256	0.764	159.084	19	15
0105	1.848	0.584	238.2	20	17
0106	1.844	0.528	287.18399999999997	16	12
0107	1.852	1.076	162.888	19	17
0108	1.932	0.532	237.936	16	14
0109	1.88	0.892	69.972	10	8
011	1.848	0.572	237.076	19	15
0110	1.884	0.488	202.016	16	14
0111	1.828	0.86	261.228	16	13
0112	1.872	0.568	121.948	10	5
0113	1.892	1.492	211.948	20	16
0114	1.868	0.576	303.272	20	18
0115	1.916	0.6	274.144	20	16
0116	1.864	1.04	194.32	20	15
0117	1.864	0.536	147.156	20	15
0118	1.82	0.496	111.72	11	10
0119	1.844	0.54	205.24	19	15
012	1.84	1.584	218.256	18	14
0120	1.876	2.052	235.612	16	12
0121	1.88	0.684	298.332	20	15
0122	1.892	0.944	261.912	20	15
0123	1.872	1.184	298.704	18	14
0124	1.876	0.528	117.572	16	11
0125	1.904	0.78	228.636	15	12
0126	1.86	0.584	166.484	9	5
0127	1.896	1.032	278.76800000000003	15	10
0128	1.856	1.736	233.9	16	13
0129	1.904	0.492	627.248	19	15
013	1.928	1.052	181.836	20	15
0130	1.852	0.932	178.404	18	14
0131	1.864	0.804	395.916	16	13
0132	1.888	0.616	147.272	12	11
0133	1.856	1.052	190.66	15	13
0134	1.84	0.668	272.412	18	14
0135	1.836	0.492	358.644	17	12
0136	1.88	0.776	193.032	20	17
0137	1.852	1.268	166.504	14	12
0138	1.856	0.536	289.936	20	16
0139	1.876	0.568	260.192	17	12
014	1.868	0.72	237.156	19	15
0140	1.884	0.536	214.072	18	15
0141	1.864	0.96	230.792	15	12
0142	1.888	0.572	190.716	20	18
0143	1.84	0.508	312.744	20	16
0144	1.88	0.832	292.944	15	11
0145	1.88	1.468	84.176	10	6
0146	1.884	0.528	157.768	14	10
0147	1.876	1.388	374.796	17	12
0148	1.848	1.036	135.924	16	14
0149	1.868	0.492	470.15999999999997	20	15
015	1.836	4.492	233.416	18	14
0150	1.9	0.556	77.384	13	8
0151	1.884	0.596	228.776	18	15
0152	1.876	1.168	409.36	19	14
0153	1.888	0.456	402.23199999999997	16	14
0154	1.888	1.184	195.012	15	12
0155	1.912	0.784	184.34	17	14
0156	1.864	0.452	133.18	16	15
0157	1.888	0.88	457.636	17	13
0158	1.88	0.552	146.94	16	12
0159	1.84	0.452	183.148	20	17
016	1.86	0.452	160.56	15	13
0160	1.872	1.756	221.704	19	16
0161	1.916	0.528	157.252	16	11
0162	1.876	0.54	122.392	15	12
0163	1.86	0.48	302.808	14	10
0164	1.848	0.492	354.936	20	17
0165	1.896	2.012	156.984	14	11
0166	1.876	0.884	176.03199999999998	19	15
0167	1.876	0.62	172.804	15	11
0168	1.856	0.456	199.536	14	10
0169	1.908	0.488	361.652	19	16
017	1.856	0.96	123.004	11	8
0170	1.884	1.4	595.616	16	12
0171	1.912	0.768	157.744	13	9
0172	1.872	0.572	173.252	16	12
0173	1.852	1.244	91.856	14	10
0174	1.884	1.152	514.324	15	11
0175	1.9	0.756	256.516	20	18
0176	1.876	0.516	479.06	19	14
0177	1.88	0.52	317.776	19	14
0178	1.876	0.836	510.34	19	14
0179	1.872	0.816	266.092	20	15
018	1.884	3.044	378.304	20	16
0180	1.872	0.652	167.152	19	14
0181	1.876	2.032	129.004	14	10
0182	1.844	2.268	221.828	16	11
0183	1.868	0.74	218.02	19	17
0184	1.888	0.904	254.48	19	15
0185	1.872	0.524	120.396	18	14
0186	1.896	1.356	147.256	21	17
0187	1.872	1.092	120.988	15	13
0188	1.888	0.848	562.084	10	6
0189	1.908	1.48	290.676	20	17
019	1.852	0.552	282.34000000000003	20	16
0190	1.836	0.764	286.224	20	16
0191	1.892	1.416	211.552	20	17
0192	1.84	0.62	237.076	20	16
0193	1.864	1.192	589.436	18	13
0194	1.904	0.544	316.936	20	16
0195	1.876	0.592	230.936	17	13
0196	1.86	0.508	149.524	15	11
0197	1.872	0.632	127.532	12	10
0198	1.888	0.836	125.944	20	16
0199	1.872	0.672	177.8	16	12
02	1.86	0.636	317.488	16	11
020	1.864	1.048	171.22	17	12
0200	1.86	0.508	274.29200000000003	20	15
0201	1.888	0.984	353.18	17	14
0202	1.872	1.504	259.744	20	17
0203	1.888	1.58	123.352	14	12
0204	1.868	0.524	304.952	20	16
0205	1.884	1.244	92.96000000000001	17	13
0206	1.868	0.524	256.552	20	16
0207	1.852	0.468	94.28	15	13
0208	1.884	0.504	207.796	19	15
0209	1.88	0.5	203.024	20	15
021	1.88	0.604	232.95600000000002	18	14
0210	1.888	0.472	249.86	18	15
0211	1.876	0.5	283.592	20	16
0212	1.86	0.692	195.232	20	17
0213	1.844	0.52	73.268	10	7
0214	1.848	0.672	328.172	15	13
0215	1.888	0.576	525.764	19	15
0216	1.868	0.86	246.576	18	14
0217	1.856	0.528	127.032	16	12
0218	1.924	0.592	396.344	19	14
0219	1.868	0.696	355.784	20	17
022	1.896	0.5	136.04	17	14
0220	1.884	0.592	251.088	19	17
0221	1.876	0.736	182.124	16	13
0222	1.928	0.944	325.46	17	12
0223	1.88	0.544	194.912	19	15
0224	1.892	0.544	214.42000000000002	20	16
0225	1.86	0.784	105.396	14	13
0226	1.876	0.836	180.908	8	4
0227	1.888	0.56	129.856	13	12
0228	1.852	0.96	194.284	14	9
0229	1.844	0.48	132.148	13	9
023	1.864	0.576	136.484	9	4
0230	1.912	0.96	128.208	12	8
0231	1.868	0.508	232.412	20	18
0232	1.876	0.672	93.392	16	12
0233	1.928	0.54	213.788	17	15
0234	1.904	1.72	328.20799999999997	15	11
0235	1.888	0.672	228.72	15	11
0236	1.872	0.668	299.452	20	18
0237	1.9	1.94	85.212	11	8
0238	1.852	1.06	138.708	15	12
0239	1.872	0.928	139.432	12	9
024	1.864	0.984	136.564	17	13
0240	1.868	0.6	106.036	15	11
0241	1.856	0.544	259.98	19	16
0242	1.896	1.436	189.048	11	7
0243	1.848	0.504	156.36	18	14
0244	1.884	0.752	250.684	14	10
0245	1.876	0.468	211.804	17	12
0246	1.868	0.672	257.448	14	9
0247	1.86	0.8	578.432	16	13
0248	1.888	0.592	170.7	17	14
0249	1.872	0.676	170.996	11	7
025	1.868	0.888	229.88400000000001	16	13
0250	1.852	0.54	180.248	14	10
0251	1.912	0.788	248.256	16	14
0252	1.888	0.928	266.696	20	18
0253	1.896	0.536	216.78	14	11
0254	1.844	0.668	254.432	16	13
0255	1.8	0.9	184.496	20	17
0256	1.892	0.572	72.028	11	7
0257	1.824	0.532	225.584	19	15
0258	1.86	0.468	430.7	19	16
0259	1.9	1.052	152.388	12	10
026	1.868	0.904	71.08	8	5
0260	1.9	0.852	244.632	16	12
0261	1.908	0.608	291.504	18	15
0262	1.892	0.592	204.856	15	13
0263	1.868	0.512	201.464	18	16
0264	1.884	0.612	98.744	10	7
0265	1.908	0.7	194.732	19	15
0266	1.88	0.74	423.12	19	17
0267	1.852	0.592	407.412	16	12
0268	1.88	0.92	203.544	19	15
0269	1.804	1.468	364.828	18	15
027	1.844	1.224	257.464	18	15
0270	1.844	0.728	384.56	18	14
0271	1.884	0.908	239.96800000000002	13	9
0272	1.852	0.664	452.712	16	13
0273	1.812	1.352	272.79200000000003	19	16
0274	1.876	0.544	185.308	14	11
0275	1.82	0.492	92.92	12	7
0276	1.808	0.584	232.708	20	17
0277	1.92	0.592	160.656	16	15
0278	1.876	0.52	226.848	17	13
0279	1.872	1.012	190.148	18	15
028	1.864	0.58	293.20799999999997	19	16
0280	1.904	0.552	203.1	18	16
0281	1.924	0.564	175.344	17	15
0282	1.888	0.868	269.884	15	12
0283	1.888	0.94	271.116	19	14
0284	1.936	0.552	290.948	16	13
0285	1.828	0.564	374.6	19	15
0286	1.868	0.548	144.912	15	12
0287	1.844	1.6	263.912	17	14
0288	1.912	0.504	159.188	19	14
0289	1.888	0.568	209.26	17	15
029	1.848	0.512	134.692	17	15
0290	1.888	1.104	293.916	15	11
0291	1.868	0.572	202.84	20	15
0292	1.864	0.552	189.876	18	14
0293	1.82	0.584	173.504	16	13
0294	1.888	0.424	127.05199999999999	14	11
0295	1.908	1.052	223.916	19	14
0296	1.888	0.56	120.864	13	11
0297	1.852	0.9	336.764	20	17
0298	1.872	0.908	196.008	10	5
0299	1.916	1.36	172.576	12	7
03	1.812	0.552	110.21600000000001	11	8
030	1.868	0.464	164.388	13	9
0300	1.928	0.64	189.18	16	15
0301	1.84	0.464	271.588	20	16
0302	1.916	1.204	208.888	17	15
0303	1.852	0.72	192.46	13	11
0304	1.888	0.464	183.776	16	12
0305	1.9	1.084	153.308	12	10
0306	1.868	0.596	312.1	17	14
0307	1.848	1.168	204.872	20	17
0308	1.856	0.892	214.996	15	10
0309	1.868	0.52	199.492	16	12
031	1.88	0.492	222.52	18	15
0310	1.868	0.572	485.628	18	15
0311	1.876	0.84	295.29200000000003	18	15
0312	1.864	0.544	400.092	18	14
0313	1.9	0.524	257.576	19	15
0314	1.856	0.42	259.816	20	16
0315	1.86	1.1	233.192	16	13
0316	1.852	0.776	320.472	19	15
0317	1.872	1.184	114.50800000000001	18	15
0318	1.856	0.62	396.42	17	12
0319	1.848	1.084	125.276	19	18
032	1.892	1.624	503.716	19	15
0320	1.848	0.52	162.9	10	6
0321	1.864	0.62	369.73199999999997	18	14
0322	1.868	0.492	269.124	18	13
0323	1.876	0.556	103.01599999999999	12	10
0324	1.812	0.516	167.868	19	16
0325	1.812	0.556	154.028	20	17
0326	1.84	1.172	183.848	19	16
0327	1.876	0.564	203.188	16	11
0328	1.84	1.004	434.796	20	15
0329	1.876	0.588	262.776	19	16
033	1.86	2.008	148.764	14	12
0330	1.844	0.544	187.02	16	13
0331	1.872	2.54	134.932	16	13
0332	1.872	1.172	521.064	19	15
0333	1.888	1.104	160.536	17	12
0334	1.876	0.94	460.772	15	11
0335	1.868	0.832	262.108	15	13
0336	1.892	1.168	259.892	18	14
0337	1.92	0.524	82.128	11	8
0338	1.884	1.12	143.848	18	15
0339	1.896	0.62	330.84	17	14
034	1.856	0.54	410.148	18	14
0340	1.9	0.496	253.548	14	12
0341	1.88	0.952	171.992	19	14
0342	1.888	1.304	177.02	18	16
0343	1.864	0.748	222.472	20	17
0344	1.872	1.056	180.396	19	16
0345	1.88	0.76	117.836	15	12
0346	1.884	0.84	245.48	19	15
0347	1.836	2.244	189.728	16	13
0348	1.876	0.616	256.596	12	10
0349	1.824	0.536	105.452	13	11
035	1.908	0.532	189.264	14	12
0350	1.856	0.94	351.70799999999997	18	14
0351	1.888	0.628	142.252	15	11
0352	1.864	0.8	195.296	13	10
0353	1.852	0.804	162.264	15	12
0354	1.82	0.524	172.072	17	12
0355	1.888	0.592	113.23599999999999	18	15
0356	1.852	0.56	170.756	13	10
0357	1.848	1.332	77.596	11	8
0358	1.856	0.52	173.14	18	14
0359	1.856	0.596	74.664	14	11
036	1.892	0.46	250.756	20	16
0360	1.856	0.628	84.696	14	9
0361	1.872	0.804	963.02	20	14
0362	1.848	0.924	203.868	19	16
0363	1.88	0.56	209.036	19	14
0364	1.884	1.2	303.4	17	13
0365	1.864	0.868	188.096	20	15
0366	1.876	1.564	122.316	19	15
0367	1.872	0.652	153.284	16	13
0368	1.86	0.696	355.108	19	15
0369	1.912	1.396	371.6	17	13
037	1.88	1.784	113.604	18	15
0370	1.912	0.796	361.56	18	13
0371	1.88	0.46	177.488	15	13
0372	1.876	0.956	238.38400000000001	14	9
0373	1.884	1.032	238.676	17	14
0374	1.864	0.884	87.444	11	8
0375	1.864	0.624	291.596	14	12
0376	1.872	0.5	246.072	20	16
0377	1.884	1.432	176.008	17	12
0378	1.872	0.832	268.396	16	12
0379	1.852	0.66	388.172	14	8
038	1.888	1.088	323.228	16	13
0380	1.864	1.98	372.244	19	15
0381	1.884	2.92	91.848	16	12
0382	1.912	0.896	442.56	19	15
0383	1.86	0.628	239.66	18	15
0384	1.884	1.204	133.836	11	9
0385	1.86	1.852	172.264	20	16
0386	1.828	0.62	229.088	20	16
0387	1.856	0.82	201.0	20	18
0388	1.88	1.324	223.664	17	14
0389	1.884	0.536	289.94	19	14
039	1.752	1.02	347.70799999999997	20	17
0390	1.788	0.56	347.104	20	16
0391	1.908	0.784	206.76	17	14
0392	1.912	1.676	347.312	19	15
0393	1.904	0.448	297.9	19	15
0394	1.868	0.752	225.776	10	5
0395	1.832	0.556	319.812	20	16
0396	1.868	1.58	142.344	17	15
0397	1.86	0.524	344.9	20	15
0398	1.808	0.54	180.652	11	9
0399	1.792	1.092	173.68	17	14
04	1.876	0.828	109.988	15	12
040	1.9	1.076	151.152	16	12
0400	1.876	1.072	101.804	14	13
0401	1.852	0.912	273.9	16	13
0402	1.888	0.84	327.73199999999997	17	12
0403	1.856	0.612	209.624	15	11
0404	1.864	0.568	120.616	18	15
0405	1.864	0.508	481.416	20	18
0406	1.892	0.496	96.244	11	9
0407	1.872	1.04	314.932	16	12
0408	1.856	0.416	153.28	15	12
0409	1.88	1.228	239.716	17	14
041	1.872	0.692	357.764	16	12
0410	1.92	0.828	225.9	17	13
0411	1.836	0.924	182.1	16	11
0412	1.832	1.548	236.748	20	16
0413	1.876	1.148	188.448	13	11
0414	1.884	1.112	242.476	19	16
0415	1.876	0.504	81.38	11	9
0416	1.86	0.716	281.1	17	12
0417	1.868	0.628	256.476	14	11
0418	1.884	0.732	306.54	20	17
0419	1.884	0.52	218.452	20	15
042	1.868	0.824	189.228	14	10
0420	1.856	0.916	385.684	18	14
0421	1.828	0.936	125.16	19	15
0422	1.864	0.552	182.984	17	13
0423	1.908	0.6	143.34	16	14
0424	1.848	0.628	202.068	20	15
0425	1.844	1.392	188.692	20	17
0426	1.868	0.536	220.2	18	14
0427	1.864	0.84	105.328	10	6
0428	1.868	0.52	194.324	15	11
0429	1.892	0.532	205.468	18	16
043	1.852	5.156	181.576	19	14
0430	1.88	0.884	251.488	19	16
0431	1.864	0.632	441.488	18	13
0432	1.908	1.676	241.504	15	11
0433	1.876	0.768	259.472	18	14
0434	1.876	0.784	155.88400000000001	19	15
0435	1.88	1.836	277.084	15	12
0436	1.844	0.752	96.556	11	8
0437	1.904	0.548	173.632	17	14
0438	1.896	0.568	282.4	18	16
0439	1.868	0.52	309.364	17	12
044	1.876	0.94	151.108	11	8
0440	1.876	0.536	213.168	11	7
0441	1.892	0.572	125.14	11	8
0442	1.9	0.524	317.92	18	14
0443	1.868	0.72	255.996	17	14
0444	1.912	0.572	601.068	19	15
0445	1.872	0.548	161.552	9	4
0446	1.9	0.432	391.228	19	17
0447	1.876	1.896	246.724	17	13
0448	1.884	1.088	163.716	16	13
0449	1.872	0.488	202.248	17	14
045	1.844	1.944	212.112	18	13
0450	1.872	0.428	159.296	19	16
0451	1.864	0.576	205.428	14	10
0452	1.888	0.548	243.192	19	15
0453	1.884	0.532	363.628	19	14
0454	1.848	1.308	171.516	18	15
0455	1.852	0.524	413.248	17	12
0456	1.864	0.544	292.632	19	16
0457	1.848	0.548	211.492	19	14
0458	1.868	0.504	97.71600000000001	17	13
0459	1.88	1.152	277.688	14	11
046	1.868	0.78	280.384	19	15
0460	1.88	1.0	184.708	19	15
0461	1.876	0.696	349.156	18	14
0462	1.872	1.568	91.132	13	9
0463	1.896	0.524	326.804	20	16
0464	1.836	0.728	151.068	15	12
0465	1.792	4.608	133.904	15	11
0466	1.832	0.776	208.52	18	14
0467	1.872	0.872	266.26800000000003	20	16
0468	1.924	1.072	73.36	11	8
0469	1.912	0.968	264.36	20	16
047	1.884	0.536	168.356	19	15
0470	1.856	0.56	210.628	20	16
0471	1.86	0.528	201.228	20	17
0472	1.892	0.908	170.952	17	14
0473	1.876	0.824	185.052	20	19
0474	1.904	0.552	151.02	17	15
0475	1.868	0.552	112.956	12	8
0476	1.88	0.764	152.92000000000002	12	10
0477	1.88	0.456	543.428	19	15
0478	1.86	0.66	324.912	16	13
0479	1.86	0.936	272.456	20	15
048	1.884	1.116	478.23199999999997	20	16
0480	1.884	0.964	178.248	18	14
0481	1.888	0.528	271.088	16	11
0482	1.86	0.788	156.624	14	12
0483	1.864	1.812	243.816	20	16
0484	1.792	0.504	273.628	17	14
0485	1.864	1.036	209.524	14	12
0486	1.904	0.552	114.616	14	11
0487	1.864	0.848	161.168	18	16
0488	1.856	1.06	214.09199999999998	19	14
0489	1.88	0.596	127.116	17	13
049	1.872	0.548	194.188	20	17
0490	1.844	0.74	204.96	17	14
0491	1.872	0.44	383.384	19	16
0492	1.892	0.548	252.82	16	13
0493	1.86	1.072	197.256	18	13
0494	1.84	0.532	163.024	14	11
0495	1.876	0.876	315.388	14	10
0496	1.892	0.576	125.204	18	16
0497	1.932	0.956	259.852	18	13
0498	1.86	1.152	469.76	20	16
0499	1.864	0.444	395.604	20	15
05	1.872	0.512	336.748	11	7
050	1.892	1.54	59.828	13	10
0500	1.88	0.58	129.736	16	13
0501	1.868	0.548	324.108	16	12
0502	1.892	1.18	223.388	16	12
0503	1.888	0.524	440.168	18	14
0504	1.864	0.488	193.11599999999999	15	11
0505	1.912	1.144	126.496	10	6
0506	1.904	0.844	259.696	20	17
0507	1.896	0.932	141.34	14	9
0508	1.884	1.32	222.78	14	10
0509	1.832	1.256	277.948	16	11
051	1.848	0.5	151.388	14	9
0510	1.88	0.516	334.404	17	13
0511	1.876	0.516	132.336	15	11
0512	1.88	0.46	201.672	16	14
0513	1.852	2.624	507.952	15	10
0514	1.844	0.596	214.008	19	15
0515	1.86	0.484	234.96800000000002	20	17
0516	1.892	0.52	131.512	13	9
0517	1.86	0.912	180.752	12	7
0518	1.864	1.268	191.14	16	14
0519	1.876	1.548	371.064	19	14
052	1.88	0.788	246.332	16	13
0520	1.892	0.6	537.804	15	12
0521	1.836	0.656	169.692	18	15
0522	1.848	0.448	96.656	9	5
0523	1.876	1.12	200.584	18	13
0524	1.888	0.588	154.684	18	14
0525	1.896	0.98	236.312	15	10
0526	1.84	1.044	181.528	14	12
0527	1.912	1.16	167.488	20	16
0528	1.916	0.872	159.792	18	15
0529	1.808	0.664	170.276	11	8
053	1.876	0.52	39.228	7	4
0530	1.856	0.936	247.18	15	13
0531	1.896	0.972	393.18399999999997	14	9
0532	1.9	0.544	168.224	14	10
0533	1.876	1.692	237.272	18	14
0534	1.876	0.504	180.824	15	13
0535	1.872	1.928	360.576	16	10
0536	1.852	0.532	148.484	13	9
0537	1.864	2.168	226.732	19	16
0538	1.872	0.508	168.672	19	16
0539	1.868	2.348	153.11599999999999	8	5
054	1.848	1.164	197.38400000000001	14	10
0540	1.868	0.488	270.468	18	14
0541	1.9	0.552	218.788	14	11
0542	1.896	1.24	355.29200000000003	15	12
0543	1.856	1.076	215.868	18	14
0544	1.868	0.508	166.716	7	5
0545	1.88	1.04	317.824	20	16
0546	1.9	1.192	374.904	20	16
0547	1.884	0.712	147.6	10	7
0548	1.872	0.496	163.812	14	11
0549	1.852	0.724	536.776	17	15
055	1.876	1.296	192.336	19	16
0550	1.868	0.964	261.952	16	14
0551	1.872	0.48	283.276	16	12
0552	1.872	0.88	430.236	19	14
0553	1.876	0.524	138.16	19	16
0554	1.904	0.58	201.752	20	17
0555	1.856	0.612	199.096	12	10
0556	1.88	0.544	196.636	18	13
0557	1.908	0.592	232.844	18	16
0558	1.872	0.44	236.628	19	15
0559	1.848	1.968	433.644	19	16
056	1.86	0.672	168.028	16	14
0560	1.836	0.776	162.416	11	9
0561	1.888	0.504	227.564	19	15
0562	1.86	2.048	254.028	15	13
0563	1.84	0.548	174.256	12	10
0564	1.916	1.008	286.456	15	12
0565	1.896	0.644	818.832	18	14
0566	1.88	1.384	140.864	11	7
0567	1.864	1.184	255.048	19	14
0568	1.868	0.54	199.708	20	17
0569	1.864	0.672	470.22	18	14
057	1.864	0.516	401.304	20	16
0570	1.864	0.6	284.324	15	11
0571	1.884	0.54	204.328	18	13
0572	1.836	1.612	215.528	19	15
0573	1.876	0.508	216.84	20	17
0574	1.868	0.856	338.168	19	15
0575	1.88	0.972	227.5	16	12
0576	1.868	0.444	163.164	18	14
0577	1.892	1.98	286.884	16	12
0578	1.896	1.084	175.1	18	16
0579	1.884	0.808	257.92	20	16
058	1.86	0.532	146.348	13	10
0580	1.892	0.512	207.968	18	15
0581	1.816	0.972	373.156	19	16
0582	1.896	0.932	209.828	18	16
0583	1.88	0.892	127.996	15	11
0584	1.872	0.972	174.804	16	13
0585	1.84	0.504	153.816	14	12
0586	1.856	0.564	228.764	18	12
0587	1.868	1.02	106.436	15	12
0588	1.816	0.528	300.692	17	12
0589	1.86	0.608	238.44	20	16
059	1.844	0.64	239.672	19	16
0590	1.868	1.604	128.408	11	9
0591	1.86	0.828	129.712	18	16
0592	1.792	0.612	125.176	16	14
0593	1.888	1.152	185.88	20	17
0594	1.872	0.56	259.344	17	13
0595	1.9	0.552	274.956	19	15
0596	1.864	4.076	242.776	16	12
0597	1.868	0.612	122.30799999999999	17	13
0598	1.844	0.532	219.2	18	13
0599	1.86	1.024	91.924	13	9
06	1.852	0.468	306.8	17	13
060	1.872	0.82	241.108	20	19
0600	1.836	0.552	110.18	12	10
0601	1.856	0.516	72.084	10	6
0602	1.868	0.956	379.684	19	14
0603	1.84	0.76	272.408	18	14
0604	1.852	0.532	188.132	17	12
0605	1.872	0.52	102.944	13	12
0606	1.84	1.232	48.656	8	6
0607	1.888	0.768	337.212	12	7
0608	1.876	0.456	121.268	12	9
0609	1.872	1.036	262.52	19	18
061	1.876	0.56	247.484	18	15
0610	1.864	0.74	276.96	15	11
0611	1.856	0.584	133.9	16	13
0612	1.872	0.792	149.236	20	17
0613	1.884	0.912	216.22	16	11
0614	1.936	0.956	230.508	16	12
0615	1.828	0.756	346.276	19	14
0616	1.888	0.472	322.532	18	15
0617	1.888	0.552	268.272	14	10
0618	1.852	0.452	163.66	19	17
0619	1.848	0.64	112.304	15	13
062	1.876	1.056	285.984	19	16
0620	1.868	0.752	232.864	17	13
0621	1.896	0.536	269.404	20	15
0622	1.888	0.944	217.856	20	17
0623	1.832	0.928	339.572	16	13
0624	1.86	1.304	239.328	17	13
0625	1.844	0.52	321.532	18	14
0626	1.84	0.56	255.88400000000001	15	11
0627	1.832	1.604	281.12	19	14
0628	1.892	0.972	243.268	20	16
0629	1.868	0.948	175.184	19	15
063	1.872	0.548	250.068	19	16
0630	1.896	1.032	196.272	18	16
0631	1.868	0.532	166.46800000000002	12	8
0632	1.864	0.56	112.42	12	8
0633	1.86	0.54	278.244	13	8
0634	1.892	0.696	232.948	18	15
0635	1.888	0.444	249.8	20	17
0636	1.832	0.564	208.928	19	15
0637	1.916	0.444	239.936	15	11
0638	1.884	1.244	178.1	19	16
0639	1.868	0.532	178.548	20	15
064	1.872	0.448	156.024	17	15
0640	1.844	0.612	131.668	19	17
0641	1.836	0.728	352.15999999999997	20	15
0642	1.92	0.472	262.14	16	11
0643	1.892	0.864	180.732	16	13
0644	1.836	0.824	335.24	18	14
0645	1.892	1.892	155.86	14	11
0646	1.848	0.788	166.876	18	14
0647	1.848	0.86	514.108	13	10
0648	1.872	0.524	259.928	19	14
0649	1.884	0.544	144.488	17	14
065	1.9	0.524	238.60399999999998	18	17
0650	1.88	0.872	173.976	12	8
0651	1.86	0.548	288.36	20	15
0652	1.864	0.748	225.1	16	13
0653	1.848	0.572	344.73199999999997	20	16
0654	1.832	0.544	263.488	18	15
0655	1.912	0.572	202.812	18	16
0656	1.888	1.088	242.808	20	16
0657	1.912	0.608	160.464	13	8
0658	1.812	0.936	143.02	17	13
0659	1.864	0.976	166.56	19	14
066	1.864	0.564	141.544	12	9
0660	1.86	1.144	201.956	15	14
0661	1.872	1.164	148.568	13	9
0662	1.872	1.192	134.948	13	10
0663	1.908	0.516	197.428	13	10
0664	1.892	0.984	119.672	14	12
0665	1.88	1.472	320.976	17	13
0666	1.848	0.532	498.256	20	17
0667	1.868	0.568	230.828	16	12
0668	1.888	1.132	604.448	19	16
0669	1.856	0.644	264.64	17	12
067	1.88	0.472	220.388	16	11
0670	1.876	1.604	295.36	20	17
0671	1.88	0.588	291.65999999999997	20	16
0672	1.848	0.792	261.2	10	7
0673	1.868	0.66	134.4	13	9
0674	1.876	0.5	240.024	17	13
0675	1.856	0.704	156.564	15	12
0676	1.888	0.708	155.976	14	12
0677	1.88	0.672	209.68	14	10
0678	1.92	0.844	370.524	18	14
0679	1.86	0.836	109.96000000000001	8	5
068	1.908	0.58	189.968	20	16
0680	1.86	0.584	179.224	15	12
0681	1.864	0.452	269.336	19	17
0682	1.928	1.44	228.136	18	14
0683	1.892	0.552	179.732	19	16
0684	1.84	0.58	249.436	20	16
0685	1.92	0.568	170.608	12	7
0686	1.868	0.5	192.332	20	17
0687	1.84	0.52	125.444	16	13
0688	1.904	0.972	109.412	14	9
0689	1.868	1.496	285.052	20	18
069	1.876	0.656	216.064	18	14
0690	1.86	1.456	427.748	19	14
0691	1.852	0.712	178.064	19	16
0692	1.824	0.468	138.72	15	13
0693	1.848	1.2	294.18	20	17
0694	1.888	0.596	235.38400000000001	17	12
0695	1.888	2.112	85.976	10	7
0696	1.852	0.656	280.716	20	15
0697	1.868	0.924	328.376	20	16
0698	1.876	0.476	147.876	18	14
0699	1.884	1.0	248.768	17	12
07	1.872	0.788	216.04	16	12
070	1.88	1.336	189.292	13	9
0700	1.824	1.012	410.188	18	14
0701	1.864	0.812	314.568	19	14
0702	1.892	0.572	262.264	19	15
0703	1.908	0.48	158.484	15	13
0704	1.852	2.68	96.108	14	12
0705	1.872	0.552	147.756	16	13
0706	1.86	0.54	232.424	19	18
0707	1.864	1.188	113.064	13	10
0708	1.844	0.544	123.884	17	15
0709	1.852	0.9	334.88	18	15
071	1.864	0.96	136.076	17	14
0710	1.884	0.72	323.29200000000003	16	12
0711	1.888	0.98	257.368	19	16
0712	1.872	0.948	141.892	20	16
0713	1.876	0.524	429.896	18	14
0714	1.848	0.456	146.524	15	13
0715	1.94	0.524	276.504	20	16
0716	1.884	0.544	222.824	15	11
0717	1.892	0.444	282.236	17	14
0718	1.876	0.508	260.336	18	15
0719	1.848	1.908	183.42	18	15
072	1.884	0.764	334.824	19	16
0720	1.876	0.472	216.392	16	12
0721	1.892	0.648	424.832	18	13
0722	1.9	0.864	192.144	17	13
0723	1.896	0.556	160.36	17	14
0724	1.916	0.448	238.34	20	17
0725	1.912	0.456	216.352	20	16
0726	1.876	0.78	225.804	17	15
0727	1.9	1.8	141.344	17	15
0728	1.872	0.524	179.172	18	12
0729	1.844	0.572	263.644	20	16
073	1.88	0.84	152.89600000000002	11	9
0730	1.888	1.832	211.004	17	15
0731	1.884	0.544	393.252	18	14
0732	1.884	0.52	229.888	19	16
0733	1.84	0.696	269.26800000000003	20	19
0734	1.828	0.52	400.848	19	14
0735	1.888	0.824	495.988	15	11
0736	1.872	0.548	73.572	9	8
0737	1.868	1.44	170.26	17	14
0738	1.868	0.624	288.452	13	8
0739	1.872	0.552	133.472	15	12
074	1.872	0.668	223.524	20	17
0740	1.9	0.964	700.424	18	15
0741	1.856	2.748	64.096	11	8
0742	1.876	0.692	377.22	20	15
0743	1.78	0.488	234.036	14	9
0744	1.8	1.048	327.508	17	12
0745	1.836	0.544	116.22399999999999	13	10
0746	1.904	0.928	218.54399999999998	18	16
0747	1.876	0.564	215.216	14	10
0748	1.856	0.636	319.86	19	14
0749	1.896	0.532	181.984	19	16
075	1.888	0.608	272.436	17	13
0750	1.9	0.552	268.908	20	15
0751	1.928	0.54	169.464	14	11
0752	1.852	0.552	241.24	13	10
0753	1.872	1.368	77.22	11	8
0754	1.884	0.616	206.632	20	16
0755	1.856	1.26	197.064	12	9
0756	1.884	0.5	216.516	16	13
0757	1.9	0.68	160.10399999999998	15	10
0758	1.876	0.52	207.584	13	11
0759	1.848	0.532	405.20799999999997	17	15
076	1.868	1.1	166.54399999999998	12	8
0760	1.872	1.312	220.24	16	14
0761	1.868	0.956	215.392	17	13
0762	1.88	0.528	213.752	18	15
0763	1.844	0.528	162.728	20	18
0764	1.856	0.808	139.984	15	10
0765	1.856	0.872	170.012	12	8
0766	1.848	0.784	270.008	20	16
0767	1.852	0.568	197.832	14	11
0768	1.884	1.376	76.4	10	7
0769	1.848	0.808	189.58	19	16
077	1.844	0.804	291.416	17	14
0770	1.84	0.832	153.09199999999998	17	13
0771	1.896	0.532	335.712	20	15
0772	1.9	0.908	201.86	14	9
0773	1.884	0.952	126.92	16	13
0774	1.884	1.376	184.716	18	13
0775	1.84	0.7	131.912	14	10
0776	1.888	0.516	337.412	19	16
0777	1.864	1.06	561.344	18	13
0778	1.872	1.388	488.1	19	14
0779	1.856	0.576	187.604	18	16
078	1.896	0.532	510.056	19	15
0780	1.892	0.476	175.488	14	10
0781	1.88	1.776	81.036	16	13
0782	1.9	0.44	151.788	14	11
0783	1.884	0.528	197.548	17	13
0784	1.872	0.836	202.676	19	15
0785	1.844	0.896	273.408	19	16
0786	1.868	1.028	286.82	20	17
0787	1.908	0.508	251.716	18	14
0788	1.872	0.692	106.392	11	8
0789	1.86	0.536	376.29200000000003	20	16
079	1.848	0.556	162.472	14	10
0790	1.868	1.004	232.60399999999998	20	17
0791	1.884	0.528	196.532	20	15
0792	1.852	0.816	281.172	15	10
0793	1.912	2.216	167.636	15	12
0794	1.836	0.556	279.5	15	10
0795	1.836	0.664	363.18	20	15
0796	1.852	0.952	144.796	15	12
0797	1.868	0.528	195.84	20	16
0798	1.888	0.52	124.652	10	8
0799	1.88	0.684	365.392	15	10
08	1.8	1.028	190.12	18	13
080	1.792	0.672	287.804	14	11
0800	1.904	1.096	170.712	16	14
0801	1.872	0.764	540.076	16	10
0802	1.888	0.668	349.54	19	16
0803	1.852	0.884	234.172	20	16
0804	1.892	2.096	226.064	19	17
0805	1.864	1.352	202.62	14	11
0806	1.88	0.468	226.26	16	13
0807	1.896	0.832	162.788	20	16
0808	1.868	1.176	212.552	19	15
0809	1.884	0.612	126.124	17	14
081	1.844	1.028	112.97200000000001	15	12
0810	1.912	0.504	285.656	20	17
0811	1.884	1.324	208.984	16	12
0812	1.868	0.692	159.492	12	8
0813	1.892	0.652	244.868	18	14
0814	1.892	0.54	224.912	18	14
0815	1.856	0.516	159.18	19	16
0816	1.864	0.844	310.712	19	14
0817	1.916	0.436	427.64	20	15
0818	1.892	0.988	111.056	9	4
0819	1.872	0.908	207.084	18	15
082	1.86	0.776	328.064	17	15
0820	1.892	0.844	223.768	20	17
0821	1.924	0.58	179.492	14	12
0822	1.896	1.488	191.544	19	15
0823	1.912	1.296	138.192	10	8
0824	1.892	0.44	82.768	10	6
0825	1.828	1.268	165.53199999999998	10	7
0826	1.82	0.584	218.872	16	11
0827	1.872	0.852	169.95600000000002	12	8
0828	1.9	0.892	459.752	20	15
0829	1.868	0.976	207.976	18	13
083	1.872	0.568	218.816	17	14
0830	1.856	0.972	236.536	18	14
0831	1.868	0.808	156.448	17	13
0832	1.888	1.056	227.61599999999999	20	16
0833	1.856	0.532	369.96	18	13
0834	1.884	0.516	333.728	14	10
0835	1.832	0.732	289.556	14	8
0836	1.896	0.692	258.372	19	15
0837	1.868	0.56	124.644	16	13
0838	1.888	0.724	177.188	11	8
0839	1.9	0.804	168.748	16	12
084	1.864	1.864	158.416	14	12
0840	1.904	0.544	335.116	20	15
0841	1.844	1.1	443.616	20	15
0842	1.884	0.92	259.848	10	7
0843	1.852	0.536	280.164	17	13
0844	1.86	0.56	190.88400000000001	17	14
0845	1.868	0.556	228.348	19	16
0846	1.9	0.568	207.944	15	10
0847	1.88	0.56	265.676	17	14
0848	1.876	0.716	208.692	16	13
0849	1.896	0.568	213.36	17	15
085	1.848	0.556	91.108	9	6
0850	1.824	0.86	190.748	20	16
0851	1.868	1.28	161.364	14	10
0852	1.876	0.812	353.22	15	12
0853	1.888	0.496	301.04	11	9
0854	1.884	0.98	217.48	19	16
0855	1.88	1.372	223.808	17	13
0856	1.872	0.852	128.1	17	15
0857	1.892	0.524	212.076	18	14
0858	1.828	0.996	134.344	15	10
0859	1.892	0.752	140.544	15	13
086	1.848	1.344	82.404	11	8
0860	1.896	0.524	345.956	19	15
0861	1.868	1.64	217.736	13	10
0862	1.832	1.232	451.0	20	15
0863	1.868	1.372	281.468	19	14
0864	1.808	1.632	192.808	14	11
0865	1.82	0.568	292.152	16	11
0866	1.828	1.54	84.188	9	5
0867	1.864	1.204	208.60399999999998	17	12
0868	1.888	0.472	392.752	20	16
0869	1.872	0.868	284.552	20	16
087	1.884	0.476	465.652	17	13
0870	1.86	0.728	252.084	19	15
0871	1.852	0.524	174.172	17	14
0872	1.864	0.48	159.636	9	6
0873	1.896	1.272	325.164	15	9
0874	1.876	0.556	197.64	18	15
0875	1.876	0.872	363.472	20	15
0876	1.872	1.516	160.476	19	17
0877	1.872	1.068	255.18	16	14
0878	1.848	1.172	165.22	14	13
0879	1.84	1.288	168.216	19	17
088	1.88	0.592	252.044	19	16
0880	1.892	0.536	191.08	19	16
0881	1.9	0.46	222.43200000000002	13	10
0882	1.872	1.052	363.856	20	16
0883	1.868	0.452	397.864	18	14
0884	1.828	1.208	197.808	15	11
0885	1.884	0.868	262.944	19	14
0886	1.876	0.512	270.196	20	17
0887	1.864	0.724	190.176	20	16
0888	1.876	1.204	338.664	18	13
0889	1.916	0.492	233.796	16	14
089	1.896	0.508	371.564	19	17
0890	1.904	0.876	193.872	18	16
0891	1.864	0.548	341.028	19	15
0892	1.86	1.552	236.02	19	15
0893	1.828	0.908	186.556	17	14
0894	1.848	0.556	75.66	11	8
0895	1.848	1.072	248.732	19	15
0896	1.86	0.768	206.876	19	17
0897	1.876	0.528	258.596	17	14
0898	1.836	0.872	250.864	20	16
0899	1.86	0.568	112.82	16	12
09	1.872	0.5	618.764	20	18
090	1.864	0.832	198.24	19	15
0900	1.912	0.524	235.756	19	16
0901	1.884	0.54	63.536	8	5
0902	1.848	0.556	84.32	8	6
0903	1.868	0.48	181.556	20	16
0904	1.892	0.7	390.132	19	16
0905	1.86	0.532	138.768	10	5
0906	1.876	0.556	198.68	11	7
0907	1.856	0.44	508.928	20	16
0908	1.884	0.568	224.276	17	13
0909	1.9	1.116	271.68	17	14
091	1.884	0.54	220.1	19	16
0910	1.904	0.636	205.308	20	17
0911	1.896	1.576	359.08	19	14
0912	1.9	1.04	210.172	15	11
0913	1.864	2.784	138.916	15	13
0914	1.84	0.544	297.15999999999997	18	13
0915	1.864	0.484	182.856	18	15
0916	1.892	0.556	250.10399999999998	18	16
0917	1.892	0.472	475.536	19	15
0918	1.852	0.58	246.132	20	15
0919	1.88	0.536	93.832	14	11
092	1.864	0.908	188.892	14	10
0920	1.86	0.832	209.224	18	13
0921	1.86	0.58	61.744	10	8
0922	1.856	1.012	344.524	17	15
0923	1.9	0.572	147.836	15	13
0924	1.86	0.568	290.336	20	17
0925	1.888	0.8	294.328	20	16
0926	1.876	0.712	158.696	14	11
0927	1.856	1.02	342.928	20	15
0928	1.868	0.572	334.048	19	14
0929	1.86	0.596	245.068	17	12
093	1.868	1.552	225.828	18	14
0930	1.872	0.984	195.432	10	5
0931	1.86	0.624	182.204	18	15
0932	1.852	0.68	305.68	20	17
0933	1.852	1.144	327.968	15	10
0934	1.892	0.412	386.808	18	17
0935	1.888	0.524	253.148	19	17
0936	1.884	0.872	131.28	15	12
0937	1.816	0.444	254.98	19	15
0938	1.884	1.756	111.42	12	10
0939	1.892	2.316	388.26800000000003	20	15
094	1.884	0.48	235.752	18	16
0940	1.868	0.78	78.748	13	8
0941	1.876	0.704	70.668	11	9
0942	1.828	0.612	222.348	17	14
0943	1.844	0.564	129.304	15	12
0944	1.88	0.884	143.528	14	11
0945	1.872	0.528	356.068	14	9
0946	1.864	0.56	252.0	19	16
0947	1.892	0.912	354.604	19	15
0948	1.86	0.448	114.372	10	6
0949	1.868	0.556	137.448	20	16
095	1.916	0.52	174.864	18	15
0950	1.888	0.54	188.008	16	12
0951	1.868	1.284	100.908	10	7
0952	1.904	0.888	123.944	17	13
0953	1.872	0.532	161.46800000000002	20	16
0954	1.872	0.944	250.876	19	15
0955	1.86	0.752	114.05199999999999	9	5
0956	1.852	0.556	217.38	17	12
0957	1.864	0.568	352.444	19	16
0958	1.88	1.084	236.548	16	12
0959	1.888	0.84	223.94400000000002	20	17
096	1.856	1.144	236.472	14	10
0960	1.884	1.248	132.932	12	9
0961	1.884	1.444	215.964	15	11
0962	1.852	2.056	185.364	17	15
0963	1.872	1.356	175.252	16	11
0964	1.864	0.804	293.852	20	16
0965	1.912	1.728	206.656	16	13
0966	1.896	0.516	136.596	14	10
0967	1.896	0.664	183.588	16	13
0968	1.876	1.264	281.364	12	9
0969	1.852	1.208	185.54	14	10
097	1.82	0.572	166.732	17	13
0970	1.86	0.528	195.62	11	7
0971	1.876	0.548	129.924	15	13
0972	1.876	0.556	178.672	18	13
0973	1.88	0.576	205.584	16	12
0974	1.848	0.524	84.744	15	13
0975	1.884	1.0	298.868	19	17
0976	1.836	0.52	235.548	17	13
0977	1.856	0.932	147.004	13	10
0978	1.86	0.556	199.61599999999999	14	10
0979	1.86	0.408	234.404	16	11
098	1.86	0.544	142.292	18	16
0980	1.88	0.768	188.956	20	17
0981	1.852	0.904	166.784	16	12
0982	1.856	0.456	301.792	17	13
0983	1.88	0.82	486.948	20	17
0984	1.84	0.768	477.152	17	13
0985	1.852	0.488	136.824	17	12
0986	1.884	0.672	225.324	16	12
0987	1.852	1.116	73.78	8	5
0988	1.832	1.508	201.48	16	13
0989	1.876	1.444	368.62	19	15
099	1.924	0.532	293.24	20	18
0990	1.888	1.136	134.88400000000001	12	8
0991	1.884	0.724	123.684	18	14
0992	1.876	0.872	226.036	15	11
0993	1.86	1.676	242.672	18	14
0994	1.852	0.52	282.652	18	15
0995	1.876	2.828	184.74	13	10
0996	1.872	0.54	102.99199999999999	18	16
0997	1.884	0.604	120.784	16	15
0998	1.868	1.16	116.572	18	15
0999	1.876	0.648	116.72800000000001	17	13
