01	4.48	24.08	1.856	0.2	121.616	17	13	20	62499	47664
010	4.508	23.94	1.876	0.196	38.476	15	13	20	62481	47565
0100	4.528	23.748	1.816	0.508	74.94800000000001	17	12	20	62481	47640
01000	4.556	24.084	1.892	0.292	68.544	17	12	20	62489	47678
0101	4.528	23.952	1.84	0.2	93.28399999999999	14	10	20	62502	47634
0102	4.544	23.332	1.556	0.22	124.076	19	15	20	62494	47552
0103	4.46	23.924	1.86	0.152	89.968	18	14	20	62491	47729
0104	4.5	23.092	1.688	1.504	45.812	11	7	20	62486	47612
0105	3.264	27.988	1.432	0.336	51.628	10	7	20	62489	47632
0106	3.108	27.592	1.348	0.268	147.528	15	11	20	62518	47721
0107	2.908	27.136	1.432	0.308	47.616	14	12	20	62485	47644
0108	2.876	27.552	1.428	0.312	118.436	17	15	20	62502	47691
0109	2.944	25.964	1.544	0.728	39.544	9	7	20	62484	47692
011	2.684	26.472	1.456	0.428	60.616	10	6	20	62508	47686
0110	3.116	26.004	1.328	0.508	160.488	18	16	20	62505	47681
0111	3.152	27.388	1.388	0.324	172.976	17	14	20	62529	47780
0112	2.848	26.228	1.524	0.272	78.896	14	9	20	62493	47665
0113	2.656	27.868	1.528	0.232	77.656	16	12	20	62512	47716
0114	3.128	26.816	1.4	0.268	112.788	10	8	20	62518	47605
0115	2.996	27.884	1.588	0.416	85.588	14	10	20	62486	47633
0116	3.228	26.696	1.388	0.264	69.684	14	9	20	62515	47714
0117	3.08	26.56	1.48	0.78	39.352	13	8	20	62495	47568
0118	2.968	27.196	1.516	0.312	51.588	10	9	20	62498	47607
0119	3.036	28.988	1.544	0.24	110.536	20	16	20	62481	47440
012	3.28	26.2	1.22	0.212	54.988	10	6	20	62503	47691
0120	3.056	25.312	1.264	0.192	146.208	18	14	20	62519	47667
0121	3.028	25.024	1.308	0.172	161.7	15	10	20	62527	47659
0122	2.756	25.96	1.408	0.292	102.152	14	9	20	62509	47658
0123	2.66	25.488	1.432	0.288	120.128	17	13	20	62512	47708
0124	2.468	25.916	1.516	0.96	44.884	11	6	20	62506	47674
0125	2.416	26.7	1.584	0.248	136.064	16	13	20	62500	47641
0126	3.26	28.152	1.448	0.24	146.124	18	14	20	62525	47772
0127	3.112	27.572	1.52	0.328	171.94400000000002	17	12	20	62526	47776
0128	2.952	27.736	1.596	0.356	109.176	13	10	20	62516	47643
0129	3.288	29.152	1.512	0.292	259.328	18	14	20	62522	47633
013	3.1	26.828	1.444	0.276	82.30799999999999	15	10	20	62493	47725
0130	3.08	27.288	1.476	0.24	57.912	15	11	20	62514	47661
0131	2.9	26.576	1.548	0.22	197.348	16	13	20	62531	47692
0132	2.964	26.624	1.552	0.276	131.412	15	14	20	62525	47564
0133	3.284	27.508	1.364	0.28	64.384	10	8	20	62526	47613
0134	3.1	27.096	1.472	0.504	100.408	12	8	20	62506	47686
0135	2.868	26.708	1.592	0.468	171.38	16	11	20	62521	47678
0136	2.94	27.972	1.516	0.844	85.832	15	12	20	62502	47692
0137	3.14	28.46	1.588	0.364	55.272	11	9	20	62483	47612
0138	3.28	27.772	1.508	0.812	97.24000000000001	14	10	20	62492	47727
0139	3.136	29.004	1.592	0.364	111.048	18	13	20	62516	47647
014	3.208	27.88	1.356	0.66	69.044	10	6	20	62525	47774
0140	3.076	27.192	1.424	0.512	89.3	18	15	20	62490	47651
0141	2.904	27.12	1.496	0.192	110.168	18	15	20	62506	47555
0142	2.672	26.976	1.512	0.34	35.892	9	7	20	62509	47729
0143	2.852	27.704	1.552	0.428	86.71600000000001	13	9	20	62519	47634
0144	3.184	27.0	1.304	0.264	219.88	18	14	20	62507	47639
0145	2.96	26.308	1.388	0.204	65.664	12	8	20	62497	47606
0146	2.928	25.58	1.404	0.136	67.048	13	9	20	62506	47659
0147	2.7	26.544	1.416	0.592	168.904	11	6	20	62517	47653
0148	2.684	27.208	1.508	0.448	73.19200000000001	19	17	20	62484	47572
0149	2.924	27.344	1.496	0.24	210.256	15	10	20	62537	47662
015	3.1	27.912	1.44	0.5	119.708	12	8	20	62527	47607
0150	2.936	28.036	1.524	0.444	35.836	11	6	20	62501	47730
0151	2.928	27.712	1.54	0.252	114.50399999999999	20	17	20	62508	47610
0152	3.112	28.264	1.568	0.748	227.72	19	14	20	62532	47742
0153	3.088	28.368	1.492	0.388	202.168	15	13	20	62523	47718
0154	3.192	28.864	1.592	0.204	78.752	12	9	20	62528	47737
0155	3.264	27.592	1.436	0.352	65.228	19	16	20	62497	47687
0156	3.092	26.592	1.384	0.292	68.636	15	14	20	62500	47723
0157	2.916	27.436	1.544	0.216	162.68	9	5	20	62519	47679
0158	3.02	27.472	1.484	0.48	42.2	10	6	20	62505	47638
0159	2.968	26.816	1.436	0.188	94.06	20	17	20	62513	47566
016	2.972	28.724	1.62	0.592	37.96	10	8	20	62491	47616
0160	3.188	27.328	1.44	0.34	67.572	13	10	20	62493	47726
0161	3.18	27.784	1.508	0.86	72.816	17	12	20	62511	47661
0162	2.968	27.564	1.56	0.396	69.132	18	15	20	62483	47657
0163	3.216	26.884	1.336	0.656	186.804	18	14	20	62506	47630
0164	3.112	27.324	1.456	0.296	154.524	17	14	20	62533	47588
0165	2.924	27.1	1.5	0.224	84.16	17	14	20	62498	47771
0166	2.644	27.548	1.624	0.3	66.8	16	12	20	62486	47663
0167	3.252	26.552	1.328	0.408	121.516	19	15	20	62520	47740
0168	3.16	26.512	1.448	0.268	61.476	10	6	20	62501	47691
0169	3.18	27.088	1.516	0.184	125.512	15	12	20	62529	47680
017	2.74	26.7	1.572	0.24	89.836	15	12	20	62480	47676
0170	3.356	27.608	1.544	0.484	267.764	15	11	20	62556	47680
0171	3.34	27.672	1.676	0.456	83.86	13	9	20	62514	47640
0172	3.216	28.336	1.404	1.232	94.416	18	14	20	62505	47690
0173	3.1	27.44	1.432	0.264	34.408	11	7	20	62475	47655
0174	3.1	27.58	1.388	0.212	324.172	13	9	20	62543	47782
0175	2.972	26.072	1.396	0.344	73.668	18	16	20	62491	47627
0176	2.688	26.276	1.464	0.248	246.796	11	6	20	62509	47665
0177	2.82	27.096	1.516	0.296	167.912	20	15	20	62521	47651
0178	2.968	27.66	1.524	0.344	237.364	19	14	20	62537	47735
0179	3.052	27.732	1.472	0.216	145.692	18	13	20	62513	47659
018	2.944	28.284	1.544	0.508	130.892	9	5	20	62522	47552
0180	3.14	28.768	1.592	0.284	84.3	17	12	20	62495	47648
0181	3.28	26.296	1.372	0.352	39.984	8	4	20	62488	47664
0182	3.24	26.112	1.392	0.2	68.556	11	6	20	62516	47670
0183	3.04	26.66	1.58	0.252	104.82	19	17	20	62481	47688
0184	3.048	26.252	1.544	0.472	121.532	19	15	20	62489	47718
0185	2.572	26.508	1.592	0.492	40.056	11	7	20	62500	47715
0186	3.232	27.576	1.52	0.364	70.212	20	16	20	62485	47589
0187	3.084	27.512	1.348	0.724	43.396	15	13	20	62494	47708
0188	2.94	27.544	1.476	0.184	420.488	19	15	20	62541	47651
0189	2.764	26.488	1.464	0.344	125.46	19	16	20	62495	47667
019	2.804	27.552	1.512	1.172	144.976	18	14	20	62514	47675
0190	2.92	27.584	1.448	0.212	118.3	16	12	20	62514	47705
0191	3.148	27.296	1.504	0.484	83.888	15	12	20	62502	47626
0192	3.084	25.8	1.432	0.188	106.988	17	13	20	62509	47674
0193	2.784	26.556	1.516	0.232	299.528	13	8	20	62510	47696
0194	2.772	27.488	1.58	0.36	112.7	13	9	20	62518	47589
0195	3.256	26.532	1.392	0.216	167.328	17	13	20	62507	47655
0196	2.928	26.812	1.452	0.464	41.468	9	5	20	62507	47594
0197	2.972	26.592	1.508	0.628	70.644	15	13	20	62482	47580
0198	2.828	25.972	1.532	0.232	49.288	18	14	20	62474	47546
0199	2.84	27.536	1.448	0.42	80.16	18	14	20	62498	47631
02	2.944	27.508	1.532	0.188	170.744	17	12	20	62519	47732
020	3.144	28.588	1.524	0.28	55.136	8	3	20	62521	47707
0200	3.18	27.62	1.508	0.236	141.776	17	12	20	62516	47651
0201	3.08	28.06	1.504	0.324	115.872	14	11	20	62535	47731
0202	3.136	28.572	1.54	0.236	78.244	10	7	20	62513	47628
0203	3.096	28.16	1.56	0.212	54.32	10	8	20	62489	47575
0204	3.1	28.152	1.604	0.18	111.66	13	9	20	62515	47631
0205	3.256	28.02	1.456	0.504	16.4	8	4	20	62464	47559
0206	3.072	26.708	1.288	0.184	82.124	11	7	20	62525	47695
0207	2.968	24.9	1.308	0.224	54.444	12	10	20	62511	47628
0208	2.692	25.64	1.376	0.22	79.28	15	11	20	62501	47714
0209	2.796	24.62	1.344	0.312	64.296	13	8	20	62496	47685
021	2.556	25.004	1.432	0.408	78.70400000000001	13	9	20	62507	47654
0210	2.576	25.912	1.44	0.536	93.72399999999999	19	16	20	62514	47698
0211	2.384	27.26	1.58	0.248	129.66	19	15	20	62496	47609
0212	3.232	27.46	1.332	0.236	101.668	19	16	20	62515	47681
0213	3.116	26.772	1.384	0.624	96.312	19	16	20	62501	47714
0214	2.94	26.388	1.384	0.364	196.76	19	17	20	62506	47715
0215	2.728	26.376	1.512	0.276	264.78	18	14	20	62539	47681
0216	2.688	26.572	1.46	0.216	106.648	15	11	20	62516	47609
0217	2.816	26.096	1.42	0.388	86.444	17	13	20	62491	47652
0218	2.804	27.444	1.576	0.212	182.408	17	12	20	62528	47649
0219	3.232	27.764	1.444	0.196	139.2	16	13	20	62512	47670
022	3.224	27.276	1.588	0.336	85.212	17	14	20	62499	47637
0220	3.216	27.64	1.536	0.472	132.372	13	11	20	62506	47666
0221	2.952	27.848	1.504	0.212	70.844	15	12	20	62487	47690
0222	3.06	28.768	1.564	0.244	168.692	14	9	20	62531	47710
0223	3.208	27.612	1.312	0.196	96.132	18	14	20	62494	47611
0224	3.072	27.904	1.432	0.46	79.52	12	8	20	62495	47598
0225	2.944	26.46	1.5	0.44	52.128	15	14	20	62501	47558
0226	2.68	27.124	1.48	0.4	174.53199999999998	18	14	20	62514	47659
0227	2.572	26.248	1.512	0.204	68.284	15	14	20	62494	47595
0228	3.04	28.024	1.412	0.448	119.50800000000001	12	7	20	62511	47647
0229	2.996	28.296	1.524	0.216	59.104	12	8	20	62518	47672
023	3.144	27.724	1.364	0.196	78.872	10	5	20	62514	47714
0230	3.06	26.232	1.332	0.492	107.936	18	14	20	62505	47740
0231	2.856	26.308	1.444	0.256	108.988	17	15	20	62512	47720
0232	2.828	25.504	1.476	0.432	35.288	11	7	20	62472	47676
0233	2.6	26.068	1.588	0.452	39.52	9	7	20	62507	47512
0234	3.276	28.332	1.52	0.26	229.59199999999998	19	15	20	62527	47690
0235	3.144	26.692	1.308	0.212	99.136	9	5	20	62511	47743
0236	3.156	26.164	1.396	0.24	118.36	14	12	20	62495	47744
0237	2.996	26.508	1.456	0.176	79.156	18	15	20	62486	47504
0238	2.816	26.204	1.44	0.256	52.356	12	9	20	62499	47602
0239	2.632	28.504	1.44	0.34	84.996	13	10	20	62514	47730
024	3.12	27.144	1.428	0.224	47.6	13	9	20	62508	47745
0240	2.876	26.76	1.584	0.432	63.976	20	16	20	62472	47624
0241	3.22	27.94	1.428	0.32	125.156	18	15	20	62509	47633
0242	3.116	26.244	1.372	0.224	96.868	11	7	20	62524	47691
0243	2.836	26.548	1.436	0.228	63.652	12	8	20	62492	47537
0244	2.956	25.788	1.312	0.184	88.328	8	4	20	62527	47686
0245	2.9	26.048	1.452	0.32	121.196	20	15	20	62525	47675
0246	2.872	25.592	1.48	0.192	142.792	13	8	20	62536	47684
0247	2.648	26.34	1.572	0.248	279.324	15	12	20	62538	47649
0248	3.316	26.172	1.416	0.548	111.436	18	15	20	62504	47664
0249	3.208	27.756	1.504	0.216	146.644	18	14	20	62523	47734
025	2.836	26.292	1.452	0.196	119.916	10	7	20	62506	47635
0250	3.06	27.944	1.52	0.524	113.844	17	13	20	62502	47746
0251	3.04	27.68	1.584	0.336	124.028	15	13	20	62526	47647
0252	3.272	27.732	1.48	0.344	122.588	18	16	20	62504	47743
0253	2.924	28.34	1.588	0.288	146.072	16	13	20	62530	47674
0254	3.26	28.592	1.44	0.204	129.324	16	13	20	62505	47617
0255	2.976	28.152	1.404	0.308	92.112	18	15	20	62512	47700
0256	3.204	27.132	1.536	0.284	83.292	18	14	20	62494	47687
0257	3.196	26.132	1.464	0.472	87.656	14	10	20	62514	47718
0258	2.704	26.448	1.584	0.264	234.276	20	17	20	62546	47748
0259	3.26	27.596	1.548	0.188	111.436	14	12	20	62523	47628
026	3.128	27.524	1.58	0.26	64.328	13	10	20	62500	47582
0260	3.2	27.436	1.328	0.236	99.77199999999999	12	8	20	62499	47534
0261	3.156	26.3	1.42	0.232	138.888	16	13	20	62518	47606
0262	3.088	26.504	1.456	0.156	135.312	14	12	20	62523	47596
0263	2.856	27.016	1.524	0.292	142.11599999999999	20	18	20	62502	47542
0264	2.556	26.324	1.572	0.32	85.02799999999999	14	11	20	62494	47658
0265	3.236	29.12	1.588	1.1	94.892	18	14	20	62491	47657
0266	3.228	29.04	1.54	0.396	150.076	17	15	20	62526	47591
0267	3.128	27.228	1.408	0.328	175.692	14	10	20	62538	47717
0268	3.0	27.632	1.616	0.264	67.648	13	9	20	62500	47658
0269	3.264	26.316	1.288	0.236	164.088	11	8	20	62509	47641
027	3.144	25.824	1.316	0.272	110.464	16	13	20	62510	47649
0270	3.152	26.572	1.44	0.42	211.012	19	15	20	62529	47718
0271	2.752	25.192	1.492	0.196	113.696	11	7	20	62511	47654
0272	2.66	26.264	1.592	0.48	296.284	19	16	20	62524	47743
0273	3.304	29.608	1.62	0.276	94.79599999999999	12	9	20	62514	47756
0274	3.26	28.624	1.584	0.3	122.248	20	17	20	62487	47723
0275	3.304	27.04	1.464	0.144	57.824	14	9	20	62500	47595
0276	3.156	27.308	1.508	0.304	82.664	15	12	20	62506	47652
0277	3.036	27.384	1.552	0.5	54.44	13	12	20	62525	47708
0278	3.268	27.176	1.492	0.884	82.268	10	6	20	62485	47649
0279	3.176	27.58	1.568	0.792	88.596	18	15	20	62485	47698
028	3.22	26.62	1.364	0.2	149.676	20	17	20	62491	47730
0280	3.204	26.956	1.472	0.18	81.988	16	14	20	62493	47569
0281	3.188	26.052	1.372	0.3	38.732	13	11	20	62503	47661
0282	2.748	26.156	1.496	0.232	77.416	8	5	20	62532	47656
0283	2.7	27.172	1.564	0.28	151.84	19	14	20	62528	47620
0284	3.22	27.316	1.484	0.184	158.504	12	9	20	62509	47667
0285	3.156	26.668	1.456	0.436	172.648	15	11	20	62503	47606
0286	3.132	27.352	1.524	0.512	107.404	18	15	20	62490	47548
0287	2.864	27.736	1.5	0.204	151.248	17	14	20	62504	47675
0288	3.064	27.408	1.508	0.204	63.128	15	10	20	62495	47762
0289	2.924	28.332	1.572	0.644	130.268	20	18	20	62505	47733
029	3.228	28.748	1.516	0.264	56.26	14	12	20	62495	47700
0290	3.108	26.908	1.448	0.208	157.424	16	12	20	62523	47712
0291	3.016	27.336	1.524	0.556	117.188	20	15	20	62505	47636
0292	3.048	27.016	1.536	0.344	103.864	18	14	20	62499	47645
0293	3.224	26.884	1.396	0.188	121.788	20	17	20	62514	47606
0294	2.988	26.368	1.408	0.436	103.908	17	14	20	62484	47624
0295	2.912	26.312	1.44	0.224	78.952	11	6	20	62494	47508
0296	2.788	27.296	1.516	0.244	23.244	7	5	20	62476	47679
0297	2.748	25.876	1.552	0.34	118.36	12	9	20	62538	47741
0298	3.216	27.78	1.448	0.488	149.684	17	12	20	62505	47562
0299	3.124	27.6	1.54	0.304	135.284	17	12	20	62492	47583
03	3.008	27.012	1.456	0.26	82.108	17	14	20	62514	47781
030	2.984	26.956	1.412	0.128	73.184	11	7	20	62492	47637
0300	3.152	27.148	1.456	0.236	122.932	19	18	20	62520	47622
0301	2.948	26.5	1.46	0.224	108.324	15	11	20	62509	47636
0302	2.704	26.636	1.512	0.264	120.772	18	16	20	62527	47759
0303	3.128	28.5	1.544	0.224	109.32	15	13	20	62538	47650
0304	3.224	27.0	1.508	0.232	98.97999999999999	17	13	20	62525	47708
0305	2.928	27.268	1.472	0.304	79.096	13	11	20	62491	47683
0306	3.18	27.412	1.484	0.212	105.672	13	10	20	62521	47699
0307	3.044	27.38	1.512	0.2	75.5	17	14	20	62487	47564
0308	2.94	27.268	1.392	0.204	135.3	13	8	20	62524	47791
0309	2.984	26.536	1.448	0.428	54.516	8	4	20	62519	47734
031	2.892	26.16	1.532	0.176	69.236	13	10	20	62491	47605
0310	2.956	27.904	1.42	0.18	273.108	14	11	20	62525	47662
0311	3.072	26.64	1.424	0.188	152.812	19	16	20	62524	47746
0312	2.836	26.828	1.424	0.28	182.244	16	12	20	62514	47734
0313	3.012	27.208	1.376	0.3	89.168	16	12	20	62506	47655
0314	2.872	27.332	1.432	0.216	126.404	15	11	20	62517	47667
0315	2.908	27.528	1.424	0.212	144.196	19	16	20	62513	47692
0316	2.8	27.088	1.572	0.404	121.044	14	10	20	62513	47701
0317	3.304	28.388	1.572	0.308	46.548	14	11	20	62481	47681
0318	3.292	28.348	1.604	0.316	154.848	16	11	20	62515	47650
0319	3.22	27.36	1.376	0.68	31.368	10	9	20	62502	47628
032	3.108	26.952	1.4	0.376	234.752	18	14	20	62532	47679
0320	2.928	26.304	1.46	0.484	95.288	11	7	20	62504	47706
0321	2.812	26.38	1.4	0.404	186.7	14	10	20	62529	47683
0322	2.688	26.64	1.48	0.26	118.62	17	12	20	62502	47619
0323	2.764	27.936	1.508	0.62	54.852	15	13	20	62489	47693
0324	3.052	29.308	1.54	0.544	85.544	17	14	20	62504	47682
0325	3.12	28.456	1.576	0.332	42.436	12	9	20	62486	47620
0326	3.256	27.508	1.496	0.22	48.416	14	11	20	62503	47664
0327	3.08	27.092	1.448	0.196	146.04	19	14	20	62520	47637
0328	2.884	27.2	1.576	0.208	155.212	12	7	20	62517	47634
0329	3.128	27.524	1.468	0.628	123.38	17	14	20	62503	47563
033	3.128	26.8	1.488	0.448	94.01599999999999	15	13	20	62488	47657
0330	2.792	27.204	1.532	0.308	85.132	17	14	20	62486	47608
0331	3.096	27.468	1.452	0.496	55.372	10	7	20	62470	47648
0332	2.932	28.996	1.544	0.208	285.004	19	15	20	62519	47573
0333	3.116	28.18	1.568	0.632	52.436	11	6	20	62498	47613
0334	3.38	27.316	1.388	0.228	234.704	13	9	20	62548	47776
0335	3.34	25.904	1.32	0.184	194.992	17	15	20	62554	47648
0336	2.804	26.3	1.424	0.196	83.064	11	7	20	62511	47700
0337	2.788	25.888	1.364	0.224	58.612	14	11	20	62501	47627
0338	2.744	26.56	1.4	0.192	58.864	16	13	20	62501	47623
0339	2.58	26.7	1.536	0.404	162.664	16	13	20	62517	47614
034	2.804	27.484	1.6	1.232	205.652	18	14	20	62510	47674
0340	3.308	27.952	1.456	0.336	190.892	17	15	20	62526	47679
0341	3.1	27.66	1.528	0.172	84.656	18	13	20	62498	47735
0342	2.996	27.708	1.592	0.56	89.06	17	15	20	62479	47564
0343	3.34	27.176	1.332	0.18	86.176	12	9	20	62506	47648
0344	3.408	26.524	1.436	0.3	86.604	18	15	20	62514	47663
0345	2.908	27.284	1.4	0.396	34.376	8	5	20	62469	47555
0346	2.728	26.728	1.46	0.324	120.868	19	15	20	62520	47696
0347	2.644	26.888	1.468	0.216	77.66	17	14	20	62505	47638
0348	2.76	26.66	1.524	0.284	122.24	11	9	20	62523	47593
0349	3.092	27.248	1.54	0.316	52.344	15	13	20	62495	47542
035	2.912	27.14	1.52	0.436	86.036	16	14	20	62512	47671
0350	3.168	27.808	1.476	0.248	191.736	15	11	20	62510	47607
0351	3.156	27.352	1.62	0.296	71.46000000000001	15	11	20	62495	47614
0352	3.184	26.6	1.576	0.304	84.596	10	7	20	62526	47679
0353	2.944	26.152	1.484	0.704	76.624	17	14	20	62509	47658
0354	2.912	26.708	1.516	0.532	69.324	17	12	20	62504	47670
0355	3.076	27.668	1.464	0.368	47.584	14	11	20	62495	47602
0356	3.024	27.86	1.5	0.332	70.832	14	11	20	62503	47669
0357	2.956	27.956	1.516	0.272	66.844	19	16	20	62480	47652
0358	3.008	27.48	1.292	0.352	93.936	15	11	20	62503	47635
0359	3.104	26.704	1.404	0.208	14.624	7	4	20	62482	47701
036	2.944	26.968	1.448	0.344	86.01599999999999	12	8	20	62511	47651
0360	2.724	26.972	1.588	0.252	38.988	14	9	20	62503	47702
0361	2.836	27.176	1.624	0.244	464.624	14	8	20	62552	47814
0362	3.224	26.548	1.384	0.272	103.06	20	17	20	62491	47571
0363	2.968	25.952	1.416	0.2	98.62	20	15	20	62508	47634
0364	3.048	27.684	1.464	0.58	109.652	13	9	20	62514	47666
0365	2.884	28.48	1.436	0.656	43.696	10	5	20	62496	47598
0366	2.816	27.38	1.416	0.208	49.452	17	13	20	62469	47577
0367	2.828	27.46	1.536	0.28	79.72	18	15	20	62489	47601
0368	3.008	27.956	1.648	0.216	177.64	14	10	20	62513	47672
0369	3.26	27.66	1.448	0.416	111.468	8	4	20	62538	47785
037	3.14	27.18	1.46	0.44	53.932	15	12	20	62474	47598
0370	2.952	26.904	1.388	0.184	192.36	16	11	20	62517	47511
0371	2.736	27.036	1.508	0.544	85.828	15	13	20	62502	47653
0372	2.888	27.616	1.508	0.376	141.14	15	10	20	62509	47670
0373	3.092	28.484	1.66	0.372	99.612	14	11	20	62492	47622
0374	3.316	27.944	1.616	0.572	52.636	15	12	20	62483	47607
0375	3.364	27.56	1.496	0.332	126.568	11	9	20	62529	47565
0376	3.3	28.208	1.54	0.344	102.488	18	14	20	62495	47664
0377	3.04	27.36	1.456	0.292	83.72	17	12	20	62510	47547
0378	3.104	27.096	1.444	0.22	82.036	9	5	20	62496	47678
0379	2.992	27.528	1.508	0.236	238.992	16	10	20	62515	47638
038	2.912	28.14	1.556	0.664	133.844	12	9	20	62516	47495
0380	3.096	28.4	1.58	0.912	78.96000000000001	10	6	20	62506	47604
0381	3.26	27.2	1.428	0.212	42.8	17	13	20	62468	47652
0382	3.148	27.384	1.444	0.36	166.2	14	10	20	62525	47659
0383	3.036	26.524	1.528	0.252	63.1	13	10	20	62512	47667
0384	2.916	27.444	1.568	0.52	96.408	15	13	20	62496	47766
0385	3.264	27.712	1.472	0.496	34.476	9	5	20	62479	47585
0386	3.1	26.536	1.432	0.24	74.264	16	12	20	62484	47499
0387	2.816	26.428	1.508	0.464	101.28	16	14	20	62494	47571
0388	2.996	27.304	1.328	0.196	55.728	11	8	20	62532	47658
0389	3.012	26.86	1.568	0.216	120.292	18	13	20	62490	47629
039	2.96	28.476	1.532	0.208	169.992	15	12	20	62525	47683
0390	3.136	28.368	1.46	0.196	161.924	15	11	20	62527	47669
0391	3.12	26.36	1.264	1.376	85.844	19	16	20	62487	47671
0392	3.052	26.752	1.4	0.308	234.728	17	13	20	62527	47637
0393	2.912	26.94	1.428	0.188	110.56	15	11	20	62535	47671
0394	2.66	27.48	1.604	0.296	219.732	14	9	20	62508	47687
0395	2.672	26.432	1.6	0.228	131.688	20	16	20	62487	47586
0396	3.256	29.308	1.532	0.352	26.2	8	6	20	62500	47614
0397	3.176	28.976	1.396	0.436	143.436	17	12	20	62517	47717
0398	3.312	27.296	1.58	0.24	142.7	19	17	20	62517	47713
0399	3.168	26.0	1.516	0.224	83.256	19	16	20	62477	47674
04	3.1	26.148	1.512	0.34	50.088	16	13	20	62474	47701
040	2.824	26.54	1.516	0.372	52.92	13	9	20	62492	47647
0400	3.068	28.152	1.552	0.632	51.332	16	15	20	62499	47742
0401	3.196	28.088	1.332	0.196	80.608	9	6	20	62520	47629
0402	3.096	27.044	1.308	0.46	164.852	18	13	20	62533	47710
0403	2.78	25.424	1.44	0.36	73.484	14	10	20	62490	47539
0404	2.764	25.964	1.404	0.196	65.84	16	13	20	62486	47607
0405	2.832	26.348	1.508	0.18	195.372	16	14	20	62524	47595
0406	2.804	26.08	1.404	0.2	38.16	6	4	20	62534	47674
0407	2.764	27.744	1.52	0.188	170.828	17	13	20	62523	47812
0408	3.084	28.96	1.448	0.348	64.72	16	13	20	62499	47651
0409	3.204	27.332	1.492	0.188	59.86	11	8	20	62498	47551
041	3.196	25.764	1.452	0.644	209.064	17	13	20	62507	47777
0410	2.764	26.768	1.512	0.268	95.53999999999999	13	9	20	62503	47771
0411	2.8	26.992	1.552	0.724	79.724	13	8	20	62498	47694
0412	3.248	27.752	1.484	0.76	79.548	12	8	20	62502	47509
0413	3.144	27.188	1.5	0.524	165.72	19	17	20	62518	47663
0414	3.016	27.12	1.568	0.228	92.512	15	12	20	62475	47578
0415	3.264	27.908	1.424	0.644	71.764	15	13	20	62491	47572
0416	3.128	26.856	1.516	0.236	176.8	20	15	20	62519	47597
0417	2.956	26.456	1.524	0.4	147.92000000000002	15	12	20	62549	47674
0418	2.82	27.196	1.58	0.388	117.404	18	15	20	62504	47728
0419	3.216	28.476	1.64	0.416	104.02000000000001	19	14	20	62529	47693
042	3.232	27.608	1.368	0.296	75.268	12	8	20	62487	47629
0420	3.188	26.876	1.644	0.216	221.40800000000002	17	13	20	62525	47640
0421	3.06	26.808	1.608	0.524	38.972	14	10	20	62480	47621
0422	3.252	27.608	1.412	0.232	69.364	13	9	20	62490	47678
0423	3.108	27.232	1.344	0.224	43.504	12	10	20	62525	47713
0424	2.908	26.416	1.328	0.288	83.28	20	15	20	62495	47643
0425	2.976	26.512	1.488	0.404	55.848	13	10	20	62489	47655
0426	3.0	25.648	1.432	0.252	130.296	16	12	20	62478	47652
0427	2.62	26.64	1.496	0.496	71.452	13	9	20	62497	47724
0428	2.636	27.136	1.516	0.256	164.93200000000002	18	14	20	62525	47743
0429	3.1	27.796	1.56	0.288	46.544	13	11	20	62514	47681
043	3.092	26.84	1.504	0.6	78.288	19	14	20	62499	47660
0430	2.964	27.192	1.476	0.184	131.888	20	17	20	62515	47667
0431	3.14	28.384	1.408	0.232	263.26	20	15	20	62518	47659
0432	2.848	27.832	1.512	0.22	136.76	17	13	20	62517	47715
0433	2.984	27.532	1.412	0.26	138.02	19	15	20	62516	47581
0434	3.108	27.84	1.48	0.192	46.588	11	7	20	62493	47519
0435	2.808	26.972	1.5	0.568	121.024	14	11	20	62509	47666
0436	2.936	27.912	1.592	0.412	74.248	18	15	20	62482	47590
0437	3.276	27.616	1.368	0.304	68.836	14	11	20	62472	47641
0438	2.96	27.996	1.536	0.556	119.22	15	13	20	62508	47674
0439	2.924	28.272	1.492	0.396	182.16	18	13	20	62513	47726
044	3.108	27.316	1.444	0.292	61.256	11	8	20	62500	47594
0440	3.084	27.272	1.452	0.308	125.064	17	13	20	62525	47670
0441	2.884	26.812	1.388	0.576	77.80799999999999	12	9	20	62508	47677
0442	2.86	27.068	1.52	0.204	142.356	12	8	20	62512	47636
0443	2.956	29.384	1.628	0.888	172.168	17	14	20	62526	47698
0444	3.26	28.856	1.444	0.36	287.476	15	11	20	62515	47752
0445	3.012	27.064	1.476	0.212	115.876	15	10	20	62511	47665
0446	3.092	27.048	1.548	0.476	110.092	15	13	20	62543	47736
0447	2.936	28.748	1.552	0.628	114.47200000000001	13	9	20	62528	47672
0448	3.064	27.488	1.452	0.312	77.71600000000001	17	14	20	62489	47613
0449	2.992	27.388	1.528	0.492	94.048	17	14	20	62522	47647
045	3.116	27.82	1.596	0.224	110.47200000000001	17	12	20	62466	47645
0450	3.272	26.36	1.38	0.292	58.736	15	12	20	62484	47514
0451	2.92	26.384	1.428	0.504	93.096	13	9	20	62491	47662
0452	2.936	27.344	1.368	0.472	102.316	18	14	20	62515	47672
0453	2.676	26.952	1.504	0.624	164.26	16	11	20	62509	47625
0454	2.824	26.66	1.504	0.464	73.42	15	12	20	62488	47610
0455	3.108	29.216	1.528	0.308	200.352	16	11	20	62528	47766
0456	3.144	27.444	1.552	0.216	102.20400000000001	11	8	20	62501	47671
0457	3.012	27.812	1.536	0.524	90.128	18	13	20	62515	47608
0458	3.124	27.488	1.396	0.264	45.164	16	12	20	62492	47565
0459	3.1	27.412	1.432	0.204	139.792	17	14	20	62537	47712
046	3.008	27.18	1.492	0.432	136.492	16	12	20	62520	47672
0460	2.848	27.168	1.58	0.224	53.844	11	7	20	62491	47647
0461	3.3	27.068	1.356	0.412	167.288	17	13	20	62533	47627
0462	3.116	26.412	1.428	0.204	48.404	16	12	20	62483	47507
0463	3.032	26.388	1.516	0.684	160.57999999999998	19	15	20	62511	47705
0464	2.764	26.74	1.536	0.516	93.25200000000001	17	14	20	62499	47663
0465	2.768	28.072	1.596	0.428	47.096	13	9	20	62482	47659
0466	3.244	28.172	1.356	0.368	107.136	20	16	20	62497	47615
0467	3.108	26.12	1.316	0.32	88.748	13	9	20	62481	47634
0468	2.944	26.092	1.448	0.192	32.048	10	7	20	62479	47598
0469	2.788	25.472	1.512	0.34	101.50800000000001	14	10	20	62524	47637
047	2.644	26.828	1.528	0.74	77.676	18	14	20	62509	47591
0470	3.1	28.652	1.48	0.34	90.324	17	13	20	62500	47651
0471	3.072	27.616	1.656	0.296	56.088	12	9	20	62519	47550
0472	3.276	26.912	1.296	0.372	120.992	17	14	20	62511	47674
0473	2.92	26.42	1.272	0.204	28.524	12	11	20	62496	47569
0474	2.928	25.664	1.392	0.208	80.66	18	16	20	62472	47509
0475	2.808	25.344	1.396	0.192	73.79599999999999	17	13	20	62494	47647
0476	2.568	26.556	1.432	0.208	95.69200000000001	17	15	20	62473	47623
0477	2.668	26.396	1.564	0.336	267.1	13	9	20	62529	47678
0478	2.92	26.936	1.364	0.276	104.932	10	7	20	62542	47711
0479	3.084	26.924	1.524	0.288	117.58	17	12	20	62523	47640
048	3.092	28.036	1.572	0.264	149.412	12	8	20	62521	47767
0480	3.276	26.948	1.368	0.216	84.368	18	14	20	62499	47652
0481	3.096	27.172	1.416	0.476	159.108	18	13	20	62495	47597
0482	2.816	27.612	1.452	0.236	95.024	18	16	20	62496	47639
0483	2.764	26.98	1.548	0.344	98.892	18	14	20	62503	47717
0484	3.224	27.88	1.436	0.212	99.444	13	10	20	62514	47594
0485	2.98	27.8	1.532	0.456	66.252	12	10	20	62514	47680
0486	3.056	27.924	1.532	0.312	57.252	14	11	20	62503	47510
0487	3.068	27.46	1.704	0.276	38.428	11	9	20	62490	47575
0488	3.276	27.38	1.444	0.524	94.928	14	9	20	62500	47703
0489	2.96	26.936	1.6	0.268	47.084	18	14	20	62483	47639
049	3.124	25.184	1.304	0.2	72.348	15	12	20	62511	47628
0490	3.108	24.82	1.304	0.224	133.4	16	13	20	62527	47549
0491	3.036	24.652	1.288	0.176	193.624	18	15	20	62501	47710
0492	2.648	25.492	1.484	0.4	119.27600000000001	15	12	20	62491	47663
0493	2.6	25.348	1.504	0.384	94.084	15	10	20	62507	47691
0494	2.456	26.872	1.604	0.224	97.28	17	14	20	62512	47723
0495	3.248	29.096	1.576	0.552	217.152	20	16	20	62534	47741
0496	3.22	28.252	1.548	0.484	41.576	11	9	20	62492	47713
0497	3.116	27.712	1.604	0.212	99.856	13	8	20	62530	47640
0498	3.228	27.788	1.464	0.284	186.44	14	10	20	62534	47465
0499	3.08	27.372	1.412	0.244	182.056	18	13	20	62536	47648
05	3.0	25.86	1.364	0.408	255.808	12	8	20	62544	47721
050	2.72	26.036	1.524	0.508	24.104	7	4	20	62459	47555
0500	2.884	26.572	1.576	0.196	71.356	16	13	20	62509	47652
0501	3.268	26.812	1.484	0.232	135.732	10	6	20	62523	47650
0502	3.14	27.352	1.544	0.24	131.808	17	13	20	62501	47535
0503	2.984	27.924	1.568	0.252	179.704	15	11	20	62529	47745
0504	3.26	28.364	1.456	0.976	140.92000000000002	19	15	20	62520	47567
0505	2.88	28.04	1.596	0.212	80.392	18	14	20	62493	47735
0506	3.236	27.528	1.56	0.228	82.208	12	9	20	62497	47603
0507	3.052	27.892	1.564	0.632	80.496	16	11	20	62502	47657
0508	3.256	27.556	1.54	0.428	86.368	11	7	20	62536	47670
0509	3.288	27.504	1.532	0.472	135.048	19	14	20	62517	47680
051	2.904	28.236	1.324	0.472	65.116	11	6	20	62522	47727
0510	3.108	26.024	1.416	0.164	185.024	18	14	20	62519	47684
0511	2.952	26.456	1.328	0.356	44.228	10	6	20	62502	47678
0512	2.876	27.176	1.452	0.18	69.864	12	10	20	62500	47667
0513	2.808	27.164	1.552	0.3	271.26800000000003	14	9	20	62543	47711
0514	2.672	27.74	1.564	0.308	122.268	20	16	20	62498	47747
0515	3.268	26.964	1.516	0.148	117.944	19	16	20	62509	47452
0516	3.1	27.676	1.44	0.348	94.532	19	15	20	62509	47794
0517	2.944	27.244	1.568	0.24	118.616	18	13	20	62526	47683
0518	3.0	27.064	1.54	0.276	67.756	11	9	20	62495	47622
0519	3.068	27.656	1.636	0.236	138.492	13	8	20	62511	47775
052	3.236	27.844	1.396	0.228	132.788	18	15	20	62519	47663
0520	3.148	26.592	1.296	0.256	167.436	10	7	20	62524	47756
0521	2.844	25.596	1.424	0.324	29.776	7	4	20	62496	47599
0522	2.908	26.512	1.488	0.164	58.772	12	8	20	62521	47763
0523	2.796	27.248	1.512	0.28	71.568	10	5	20	62505	47605
0524	2.724	28.472	1.596	0.272	83.032	18	14	20	62488	47620
0525	3.232	27.688	1.436	0.476	129.76	18	13	20	62506	47613
0526	3.108	27.812	1.432	0.948	111.44800000000001	17	15	20	62489	47579
0527	2.876	26.688	1.468	0.236	33.528	11	7	20	62467	47517
0528	3.084	26.324	1.372	0.364	88.88	19	16	20	62487	47754
0529	2.812	26.032	1.496	0.22	160.052	16	13	20	62520	47688
053	2.96	26.132	1.4	0.296	40.448	15	12	20	62491	47686
0530	2.836	26.372	1.456	0.392	49.148	9	7	20	62533	47690
0531	2.976	28.672	1.556	0.316	190.64	10	5	20	62532	47703
0532	3.092	28.328	1.4	0.208	142.404	19	15	20	62505	47752
0533	3.116	25.42	1.312	0.216	122.1	16	12	20	62523	47716
0534	2.916	26.12	1.424	0.408	110.28399999999999	14	12	20	62499	47724
0535	2.68	26.44	1.476	0.228	190.11599999999999	16	10	20	62523	47760
0536	2.772	26.652	1.524	0.62	113.708	14	10	20	62513	47625
0537	2.712	26.472	1.564	0.224	111.148	16	13	20	62504	47674
0538	3.268	28.744	1.608	0.412	50.524	14	11	20	62491	47678
0539	3.284	26.512	1.188	0.276	124.708	11	8	20	62529	47699
054	3.112	25.524	1.348	0.22	85.38	9	5	20	62522	47716
0540	3.108	26.592	1.26	0.208	105.78399999999999	11	7	20	62500	47750
0541	2.836	25.536	1.48	0.292	112.28	15	12	20	62521	47704
0542	2.836	25.232	1.368	0.204	112.792	10	7	20	62540	47627
0543	2.56	26.644	1.508	0.3	115.732	17	13	20	62501	47620
0544	2.44	26.372	1.584	0.344	130.072	11	9	20	62522	47642
0545	3.316	28.312	1.604	0.26	142.556	17	13	20	62514	47687
0546	3.284	29.348	1.764	0.6	171.89600000000002	16	12	20	62527	47572
0547	3.08	25.936	1.284	0.672	99.376	17	14	20	62468	47547
0548	3.328	26.66	1.612	0.228	68.184	13	10	20	62492	47577
0549	3.248	26.012	1.604	0.24	295.336	15	13	20	62553	47707
055	3.268	25.956	1.544	1.136	84.736	15	12	20	62489	47577
0550	2.528	25.896	1.564	0.3	146.612	12	10	20	62511	47549
0551	3.064	28.64	1.584	0.252	135.1	10	6	20	62515	47592
0552	3.212	26.856	1.428	0.38	185.492	19	14	20	62526	47598
0553	3.168	26.304	1.42	0.176	53.272	13	10	20	62484	47701
0554	2.936	27.304	1.536	0.364	65.956	10	7	20	62489	47661
0555	2.976	27.94	1.572	0.296	153.54	19	17	20	62528	47755
0556	3.232	28.808	1.344	0.484	101.356	17	12	20	62489	47638
0557	3.176	26.972	1.448	0.456	79.712	12	10	20	62515	47701
0558	2.92	26.436	1.392	0.252	64.352	13	9	20	62514	47659
0559	2.76	27.356	1.536	0.344	128.74	9	6	20	62528	47568
056	2.712	28.6	1.58	0.56	95.172	17	15	20	62507	47726
0560	3.284	27.44	1.412	0.268	83.684	10	8	20	62525	47696
0561	3.072	25.796	1.32	0.76	79.20400000000001	14	10	20	62505	47591
0562	2.92	25.372	1.348	0.224	174.848	16	14	20	62510	47754
0563	2.8	25.072	1.388	0.136	116.99600000000001	17	15	20	62527	47692
0564	2.552	26.424	1.556	0.3	179.12	19	16	20	62517	47660
0565	2.708	26.972	1.544	0.408	354.676	11	7	20	62530	47689
0566	3.052	28.108	1.504	0.636	116.928	20	16	20	62502	47672
0567	3.072	28.084	1.568	0.224	115.804	18	13	20	62520	47656
0568	3.188	27.992	1.516	0.284	50.368	16	13	20	62491	47678
0569	3.116	27.816	1.556	0.252	167.90800000000002	12	8	20	62519	47611
057	3.292	28.796	1.604	0.352	184.34	16	12	20	62518	47672
0570	3.268	26.876	1.404	0.216	167.208	16	12	20	62532	47759
0571	2.964	26.572	1.436	0.852	128.276	16	11	20	62492	47574
0572	2.956	26.564	1.492	0.204	126.52	19	15	20	62507	47666
0573	2.796	26.676	1.508	0.212	43.14	6	3	20	62506	47648
0574	2.84	27.552	1.628	0.224	146.684	13	9	20	62510	47651
0575	3.332	29.064	1.552	0.56	130.252	17	13	20	62492	47686
0576	3.128	27.924	1.58	1.144	61.12	14	10	20	62502	47706
0577	3.24	27.732	1.444	0.504	131.48	16	12	20	62524	47692
0578	3.084	26.292	1.408	0.488	45.2	11	9	20	62496	47690
0579	2.8	26.788	1.644	0.38	119.756	19	15	20	62501	47684
058	2.892	26.568	1.376	0.46	64.0	11	8	20	62516	47675
0580	3.236	25.944	1.408	0.272	99.068	17	14	20	62525	47667
0581	3.296	26.268	1.52	0.492	122.744	17	14	20	62532	47615
0582	2.66	26.528	1.572	0.248	57.256	12	10	20	62503	47614
0583	3.256	26.728	1.404	0.308	53.94	14	10	20	62519	47666
0584	2.92	26.712	1.6	0.204	23.04	8	5	20	62490	47766
0585	3.164	27.84	1.472	0.204	70.42	15	13	20	62496	47610
0586	3.064	27.372	1.38	0.28	89.86	18	12	20	62520	47746
0587	2.912	27.072	1.312	0.268	80.436	18	15	20	62478	47723
0588	2.828	26.412	1.392	1.092	138.672	12	7	20	62507	47663
0589	2.92	26.1	1.428	0.196	79.136	11	7	20	62507	47727
059	2.896	27.064	1.524	0.34	87.568	17	14	20	62505	47721
0590	2.776	26.78	1.532	0.296	83.136	15	13	20	62499	47706
0591	2.956	28.556	1.664	0.372	51.708	17	15	20	62494	47660
0592	3.256	28.804	1.564	0.368	48.06	12	10	20	62481	47613
0593	3.052	27.136	1.32	0.26	69.228	15	12	20	62462	47606
0594	3.116	27.072	1.396	0.28	97.49199999999999	11	7	20	62509	47706
0595	2.964	26.12	1.312	0.208	142.732	16	12	20	62508	47692
0596	2.796	25.836	1.48	0.332	111.372	16	12	20	62518	47682
0597	2.68	26.76	1.452	0.164	53.932	14	10	20	62473	47586
0598	2.636	27.148	1.492	0.268	94.50399999999999	16	11	20	62512	47633
0599	2.808	28.016	1.524	0.26	51.252	16	12	20	62505	47649
06	3.072	27.752	1.64	0.212	101.348	13	9	20	62520	47592
060	3.256	28.02	1.616	0.272	73.092	16	15	20	62514	47616
0600	3.156	27.636	1.488	0.248	29.844	8	6	20	62507	47614
0601	3.156	27.724	1.408	0.3	72.276	17	13	20	62511	47582
0602	2.908	27.192	1.44	0.368	124.7	10	5	20	62508	47766
0603	2.948	27.0	1.408	0.192	79.476	11	7	20	62522	47690
0604	2.836	25.928	1.416	0.176	103.01599999999999	19	14	20	62495	47663
0605	2.78	26.048	1.396	0.22	76.912	18	17	20	62513	47642
0606	2.816	26.956	1.464	0.244	26.34	10	8	20	62506	47624
0607	2.92	27.932	1.516	0.224	159.856	11	6	20	62520	47690
0608	2.876	27.64	1.648	0.312	71.196	16	13	20	62509	47617
0609	3.268	27.448	1.464	0.328	88.27199999999999	14	13	20	62512	47739
061	3.132	27.552	1.516	0.324	67.5	8	5	20	62482	47608
0610	2.964	27.8	1.392	0.224	143.868	17	13	20	62528	47713
0611	3.124	26.14	1.344	0.188	84.572	16	13	20	62493	47660
0612	2.964	27.332	1.484	0.196	36.02	11	8	20	62501	47532
0613	2.752	26.5	1.536	0.296	112.52799999999999	17	12	20	62509	47525
0614	2.832	27.28	1.624	0.252	122.852	19	15	20	62515	47673
0615	3.24	27.924	1.432	0.6	150.132	17	12	20	62501	47651
0616	3.08	27.236	1.48	0.62	131.048	18	15	20	62504	47699
0617	2.812	27.024	1.496	0.34	113.97200000000001	12	8	20	62539	47685
0618	2.912	27.196	1.416	0.272	73.116	15	13	20	62499	47606
0619	2.972	27.696	1.568	0.272	52.216	13	11	20	62506	47610
062	3.22	27.248	1.5	0.38	140.14	16	13	20	62512	47660
0620	3.1	26.172	1.456	0.228	133.584	19	15	20	62506	47674
0621	2.904	27.992	1.456	0.572	123.46	18	13	20	62496	47534
0622	3.1	27.2	1.428	0.948	98.868	16	13	20	62493	47618
0623	2.964	26.896	1.356	0.32	111.172	15	12	20	62524	47635
0624	2.84	26.444	1.484	0.184	132.004	20	16	20	62526	47630
0625	2.856	27.024	1.528	0.248	170.772	18	14	20	62530	47739
0626	2.94	27.564	1.604	0.484	126.136	14	10	20	62503	47723
0627	3.26	27.596	1.304	0.18	107.732	19	14	20	62500	47746
0628	3.012	26.408	1.424	0.24	72.444	10	6	20	62500	47752
0629	2.92	26.128	1.436	0.404	106.664	20	16	20	62502	47636
063	2.852	25.728	1.444	0.324	77.916	13	10	20	62502	47648
0630	2.736	27.804	1.644	0.348	42.292	11	9	20	62488	47661
0631	3.292	27.172	1.448	0.24	106.544	16	12	20	62514	47685
0632	2.888	27.14	1.644	0.244	56.62	12	8	20	62504	47601
0633	3.356	26.508	1.324	0.24	253.564	20	15	20	62522	47660
0634	3.176	26.792	1.304	0.544	55.192	11	8	20	62497	47683
0635	2.84	26.16	1.468	0.292	112.18	18	15	20	62505	47658
0636	2.788	26.82	1.428	0.496	92.256	17	13	20	62504	47712
0637	2.716	27.488	1.46	0.58	122.72	15	11	20	62521	47613
0638	2.936	27.236	1.556	0.4	36.076	10	7	20	62484	47561
0639	2.928	27.864	1.672	0.268	50.972	14	9	20	62494	47590
064	3.356	27.624	1.456	1.004	34.104	9	7	20	62510	47702
0640	3.076	27.06	1.408	0.296	19.9	9	7	20	62489	47601
0641	2.852	28.144	1.476	0.208	143.344	16	11	20	62512	47681
0642	3.04	26.212	1.328	0.248	104.62	13	8	20	62534	47616
0643	2.84	25.456	1.38	0.26	97.00399999999999	20	17	20	62519	47615
0644	2.952	25.892	1.524	0.456	186.064	19	15	20	62518	47646
0645	2.92	25.512	1.52	0.396	70.712	13	10	20	62511	47613
0646	2.668	26.168	1.444	0.288	65.472	11	7	20	62508	47688
0647	2.94	28.528	1.612	0.54	304.48	14	11	20	62519	47693
0648	3.324	27.496	1.292	0.848	115.376	14	9	20	62509	47615
0649	3.1	27.048	1.46	0.176	57.276	14	11	20	62480	47600
065	3.012	25.508	1.36	0.236	87.404	15	14	20	62513	47593
0650	2.732	25.768	1.436	0.212	126.05199999999999	18	14	20	62521	47696
0651	2.564	26.316	1.544	0.296	154.368	19	14	20	62496	47625
0652	2.824	27.24	1.58	0.272	128.044	15	12	20	62513	47644
0653	3.312	27.98	1.504	0.216	138.09199999999998	20	16	20	62525	47708
0654	3.136	28.176	1.504	0.528	51.14	9	6	20	62510	47634
0655	3.064	27.72	1.54	0.34	56.56	12	10	20	62493	47626
0656	3.056	27.46	1.652	0.384	124.584	17	13	20	62483	47597
0657	3.26	28.004	1.472	0.208	90.556	14	9	20	62508	47663
0658	3.156	26.904	1.44	0.348	68.956	15	11	20	62479	47633
0659	3.076	27.272	1.584	0.396	54.916	12	7	20	62478	47630
066	2.904	28.024	1.528	0.3	91.236	15	12	20	62508	47612
0660	3.048	28.492	1.692	0.332	131.944	20	19	20	62510	47604
0661	3.4	27.716	1.608	0.428	44.524	11	7	20	62501	47707
0662	3.38	27.172	1.564	0.68	67.044	17	14	20	62503	47700
0663	2.816	26.752	1.392	0.156	84.16	13	10	20	62492	47665
0664	3.012	27.004	1.48	0.244	72.668	17	15	20	62502	47662
0665	3.048	27.044	1.624	0.176	145.252	13	9	20	62527	47668
0666	3.028	27.056	1.7	0.344	207.748	16	13	20	62528	47719
0667	3.172	27.464	1.48	0.18	111.612	17	13	20	62516	47637
0668	3.08	28.108	1.528	0.224	301.496	20	17	20	62505	47729
0669	2.944	27.828	1.52	0.228	115.55199999999999	15	10	20	62509	47641
067	3.1	26.48	1.368	0.424	91.08	11	6	20	62526	47692
0670	3.192	27.208	1.596	0.376	107.2	13	10	20	62498	47601
0671	3.112	26.828	1.604	0.404	113.94	16	12	20	62516	47699
0672	3.232	28.248	1.588	0.644	126.544	7	4	20	62520	47735
0673	3.208	27.364	1.592	0.164	67.916	14	10	20	62499	47686
0674	3.256	26.712	1.324	0.388	132.472	17	13	20	62493	47634
0675	3.028	26.96	1.396	0.188	37.312	10	7	20	62495	47564
0676	3.008	26.596	1.524	0.292	109.244	18	16	20	62509	47726
0677	2.876	27.124	1.572	0.592	141.332	12	8	20	62518	47576
0678	2.756	27.8	1.66	0.232	123.952	12	8	20	62500	47600
0679	3.324	29.464	1.504	0.372	103.184	13	10	20	62527	47606
068	3.108	27.74	1.568	0.656	107.25999999999999	17	13	20	62493	47688
0680	3.284	28.944	1.536	0.248	102.356	16	13	20	62512	47737
0681	3.116	26.472	1.416	0.164	116.56	12	10	20	62501	47629
0682	3.06	27.36	1.456	0.224	113.47999999999999	20	16	20	62488	47633
0683	2.78	26.508	1.604	0.296	59.512	12	9	20	62506	47565
0684	2.968	27.556	1.336	0.38	85.428	14	10	20	62493	47620
0685	3.12	27.056	1.444	0.228	60.304	10	5	20	62520	47601
0686	2.936	27.388	1.54	0.208	82.05199999999999	17	14	20	62500	47624
0687	2.756	26.856	1.608	0.2	67.272	13	10	20	62502	47643
0688	3.272	27.528	1.58	0.244	56.208	17	12	20	62497	47622
0689	3.18	27.608	1.532	0.276	130.628	16	14	20	62519	47539
069	3.104	26.66	1.264	0.488	116.912	20	16	20	62491	47721
0690	3.084	25.812	1.356	0.168	236.53199999999998	18	13	20	62528	47635
0691	2.86	25.6	1.408	0.232	88.072	16	13	20	62519	47725
0692	2.896	25.816	1.36	0.272	55.22	15	13	20	62494	47654
0693	2.596	26.056	1.544	0.328	138.836	13	10	20	62524	47678
0694	2.592	27.276	1.524	0.26	104.392	15	10	20	62501	47644
0695	3.108	27.856	1.604	0.26	107.968	19	16	20	62485	47680
0696	3.3	28.392	1.48	0.276	134.204	17	12	20	62522	47588
0697	3.092	27.848	1.472	0.32	134.772	15	11	20	62516	47643
0698	2.984	26.824	1.444	0.204	71.904	15	11	20	62513	47670
0699	2.884	26.228	1.496	0.228	106.712	18	13	20	62499	47684
07	2.94	27.82	1.56	0.22	86.4	11	7	20	62531	47683
070	3.116	26.384	1.436	0.22	92.356	14	10	20	62525	47690
0700	2.952	27.58	1.544	0.284	247.1	15	11	20	62500	47572
0701	3.228	28.528	1.608	0.236	151.12	18	13	20	62521	47663
0702	3.168	26.296	1.332	0.368	105.0	16	12	20	62507	47633
0703	2.984	25.56	1.396	0.396	51.092	11	9	20	62506	47616
0704	3.0	26.736	1.468	0.62	65.764	19	17	20	62466	47560
0705	2.968	26.296	1.532	1.412	80.212	19	16	20	62490	47650
0706	2.624	26.656	1.504	0.764	27.488	8	7	20	62505	47501
0707	3.032	28.308	1.604	0.712	91.836	18	15	20	62472	47625
0708	3.416	27.044	1.444	0.204	56.776	16	14	20	62502	47713
0709	3.404	27.22	1.56	0.208	154.848	19	16	20	62511	47727
071	2.872	27.356	1.48	0.24	26.172	9	6	20	62508	47667
0710	3.12	27.208	1.364	0.232	144.40800000000002	16	12	20	62508	47690
0711	2.984	27.332	1.58	0.22	71.876	11	8	20	62495	47628
0712	2.824	27.44	1.42	0.276	49.264	15	11	20	62485	47683
0713	3.136	26.248	1.336	0.208	201.828	14	10	20	62524	47668
0714	3.128	26.204	1.404	0.508	35.58	10	8	20	62498	47619
0715	2.648	25.82	1.496	0.304	68.596	8	4	20	62500	47656
0716	2.684	28.516	1.556	0.216	104.77600000000001	13	9	20	62507	47645
0717	3.168	27.68	1.488	0.696	94.012	13	10	20	62518	47749
0718	3.1	28.336	1.452	0.508	113.97999999999999	17	14	20	62524	47706
0719	2.996	27.504	1.536	0.344	79.26	11	8	20	62486	47749
072	2.98	27.796	1.46	0.296	102.616	15	12	20	62531	47683
0720	3.112	27.812	1.5	0.232	104.488	13	9	20	62530	47721
0721	2.944	28.924	1.6	0.3	221.648	19	14	20	62532	47754
0722	3.264	27.464	1.428	0.48	87.53999999999999	16	12	20	62501	47679
0723	2.896	27.248	1.512	0.224	63.76	15	12	20	62486	47627
0724	2.912	27.764	1.532	0.172	89.236	19	16	20	62500	47711
0725	2.996	27.34	1.404	0.42	56.352	10	6	20	62494	47594
0726	3.08	27.38	1.428	0.296	129.7	15	13	20	62508	47703
0727	2.84	26.776	1.508	0.392	45.372	10	8	20	62509	47618
0728	2.808	27.676	1.592	0.208	97.02000000000001	18	12	20	62512	47662
0729	3.224	27.148	1.432	0.184	117.292	20	16	20	62515	47669
073	2.984	26.132	1.324	0.236	111.51599999999999	17	15	20	62477	47630
0730	2.84	26.58	1.388	0.664	75.14	11	9	20	62512	47628
0731	2.708	26.304	1.508	0.376	232.14	19	15	20	62526	47631
0732	2.684	27.028	1.576	0.624	114.812	19	16	20	62527	47660
0733	3.232	27.78	1.44	0.268	71.056	14	13	20	62513	47676
0734	3.112	26.472	1.468	0.356	167.88400000000001	18	13	20	62516	47465
0735	2.82	27.476	1.528	0.928	293.516	18	14	20	62536	47666
0736	3.096	27.676	1.424	0.176	55.252	13	12	20	62513	47697
0737	3.156	27.896	1.544	0.192	70.036	15	12	20	62490	47747
0738	3.168	28.056	1.524	0.4	158.61599999999999	16	11	20	62525	47657
0739	3.0	27.516	1.516	0.272	69.768	15	12	20	62494	47667
074	3.052	27.296	1.532	0.316	100.38	18	15	20	62504	47529
0740	3.072	27.804	1.664	0.392	232.72	12	9	20	62536	47591
0741	3.288	28.6	1.468	0.268	22.868	11	8	20	62471	47660
0742	3.092	27.124	1.376	0.168	207.672	19	14	20	62539	47773
0743	3.04	26.956	1.376	0.256	110.616	13	8	20	62497	47637
0744	3.012	27.472	1.616	0.196	209.532	18	13	20	62520	47709
0745	2.768	27.484	1.468	0.212	37.084	7	4	20	62493	47624
0746	3.072	26.952	1.456	1.512	141.844	18	16	20	62479	47562
0747	2.872	27.228	1.584	0.268	103.98400000000001	13	9	20	62503	47497
0748	3.268	27.908	1.608	0.268	149.18	16	11	20	62513	47589
0749	3.316	27.312	1.516	0.208	49.072	10	7	20	62514	47646
075	3.12	27.704	1.592	0.288	132.596	14	10	20	62520	47739
0750	3.216	26.732	1.376	0.356	99.348	13	8	20	62524	47645
0751	2.94	26.952	1.536	0.68	59.916	13	10	20	62519	47639
0752	2.984	26.892	1.344	0.272	80.01599999999999	13	10	20	62507	47754
0753	2.984	26.468	1.38	0.272	53.564	15	12	20	62486	47739
0754	2.852	26.468	1.492	0.364	90.288	19	15	20	62505	47703
0755	2.784	28.48	1.508	0.376	166.196	19	16	20	62507	47714
0756	3.128	28.124	1.388	0.316	106.656	16	13	20	62486	47553
0757	3.076	28.364	1.416	0.18	115.036	20	15	20	62503	47640
0758	2.864	25.788	1.408	0.22	124.488	15	13	20	62516	47650
0759	2.984	26.58	1.46	0.668	168.736	15	13	20	62534	47721
076	2.816	26.612	1.524	0.624	84.836	11	7	20	62493	47676
0760	2.832	26.268	1.44	0.588	103.34	15	13	20	62512	47665
0761	2.956	28.52	1.576	0.252	124.844	19	15	20	62501	47709
0762	3.332	27.596	1.424	0.256	77.428	15	12	20	62509	47602
0763	3.048	26.832	1.292	0.252	66.896	17	15	20	62496	47618
0764	2.88	26.116	1.4	0.224	77.996	16	11	20	62487	47580
0765	2.812	26.96	1.476	0.236	126.532	19	15	20	62502	47564
0766	2.856	26.812	1.524	0.192	81.872	11	7	20	62529	47566
0767	2.688	26.472	1.572	0.18	85.304	11	8	20	62506	47711
0768	3.328	27.78	1.468	0.24	87.156	16	13	20	62482	47631
0769	3.288	26.912	1.476	0.192	75.664	18	15	20	62505	47485
077	2.92	26.16	1.392	0.288	96.124	12	9	20	62517	47503
0770	2.872	27.052	1.54	0.228	40.232	8	4	20	62475	47667
0771	2.788	27.132	1.516	0.268	157.728	19	14	20	62516	47601
0772	3.08	27.756	1.524	0.26	144.596	19	14	20	62526	47733
0773	3.076	27.128	1.396	0.624	35.96	13	10	20	62464	47644
0774	2.932	26.916	1.336	0.164	73.404	14	9	20	62515	47695
0775	2.776	26.996	1.456	0.232	75.056	14	10	20	62495	47520
0776	2.98	27.028	1.604	0.332	174.472	17	14	20	62528	47756
0777	2.728	26.928	1.44	0.224	309.58	20	15	20	62526	47675
0778	3.116	27.844	1.516	0.288	272.256	15	10	20	62540	47693
0779	2.944	27.66	1.588	0.152	84.964	16	14	20	62495	47674
078	3.272	27.58	1.488	1.0	178.18	12	8	20	62526	47751
0780	3.08	27.372	1.568	0.34	129.7	17	13	20	62508	47572
0781	2.964	27.708	1.548	0.212	38.664	16	13	20	62470	47560
0782	3.104	29.132	1.508	0.248	74.684	13	10	20	62522	47752
0783	3.148	27.648	1.476	0.364	68.19200000000001	13	9	20	62526	47671
0784	3.072	28.064	1.528	0.228	109.58	20	16	20	62503	47622
0785	3.116	28.252	1.564	0.248	123.976	16	13	20	62537	47705
0786	3.224	28.392	1.48	0.66	78.604	11	8	20	62509	47639
0787	3.068	27.3	1.504	0.312	113.604	19	15	20	62525	47675
0788	2.972	27.628	1.572	0.184	61.92	16	13	20	62490	47594
0789	3.24	28.432	1.68	0.3	184.836	13	9	20	62516	47646
079	3.38	26.98	1.36	0.264	101.212	17	13	20	62495	47597
0790	3.356	27.148	1.288	0.284	71.532	13	10	20	62505	47526
0791	2.972	26.532	1.416	0.42	101.316	17	12	20	62499	47736
0792	2.784	25.948	1.396	0.184	133.332	16	11	20	62502	47719
0793	2.68	25.52	1.492	0.44	122.96	19	16	20	62478	47625
0794	2.496	26.296	1.572	0.444	152.788	15	10	20	62523	47741
0795	3.276	28.668	1.648	0.296	143.648	15	10	20	62518	47633
0796	3.256	29.052	1.528	0.396	58.092	11	8	20	62482	47673
0797	3.08	28.892	1.556	0.6	37.712	10	6	20	62500	47602
0798	3.164	28.62	1.616	0.776	44.344	11	9	20	62491	47607
0799	3.196	26.416	1.344	0.988	217.224	18	13	20	62513	47566
08	3.088	26.78	1.384	0.376	59.388	13	8	20	62506	47550
080	2.956	26.068	1.42	0.196	144.192	10	7	20	62515	47603
0800	2.652	25.968	1.436	0.292	91.564	18	16	20	62492	47519
0801	2.7	27.556	1.456	0.588	331.872	19	13	20	62549	47827
0802	2.628	26.856	1.536	0.288	140.90800000000002	10	7	20	62496	47688
0803	2.796	27.624	1.532	0.18	97.128	15	11	20	62508	47728
0804	3.056	28.424	1.536	0.248	104.096	14	12	20	62504	47625
0805	3.096	28.132	1.6	0.588	96.636	14	11	20	62502	47665
0806	3.312	29.252	1.532	1.088	99.404	14	11	20	62511	47476
0807	3.112	28.016	1.408	0.5	56.976	16	12	20	62486	47583
0808	3.16	26.972	1.42	0.244	88.108	15	11	20	62516	47707
0809	2.76	26.984	1.492	0.392	45.968	16	13	20	62481	47556
081	2.784	26.872	1.516	0.236	44.852	15	12	20	62472	47693
0810	2.968	27.812	1.532	0.212	76.588	12	9	20	62514	47548
0811	3.052	27.484	1.504	0.26	49.008	9	5	20	62501	47700
0812	3.04	26.264	1.352	0.352	147.276	19	15	20	62502	47751
0813	2.844	26.104	1.396	0.22	133.28	18	14	20	62527	47691
0814	2.964	25.78	1.396	1.12	114.72	15	11	20	62506	47666
0815	2.9	26.428	1.512	0.684	86.968	17	14	20	62497	47627
0816	2.772	27.948	1.556	0.268	141.668	17	12	20	62525	47757
0817	3.056	26.736	1.412	0.252	206.16	15	10	20	62520	47617
0818	2.948	26.772	1.576	0.256	106.408	14	9	20	62507	47721
0819	3.276	27.972	1.496	0.608	53.856	9	6	20	62504	47726
082	3.112	28.068	1.492	0.564	104.816	12	10	20	62510	47662
0820	3.12	27.28	1.376	0.176	118.4	18	15	20	62490	47611
0821	3.08	27.584	1.576	0.196	113.62	18	16	20	62521	47687
0822	2.832	28.004	1.4	0.596	74.496	15	11	20	62501	47693
0823	3.092	27.208	1.6	0.572	60.168	12	10	20	62492	47609
0824	3.26	26.732	1.6	0.408	82.496	18	14	20	62501	47714
0825	3.16	26.988	1.576	0.22	107.652	17	14	20	62498	47717
0826	3.264	27.692	1.4	0.216	98.544	15	10	20	62499	47560
0827	3.024	27.184	1.34	0.2	107.47999999999999	12	8	20	62504	47715
0828	2.992	26.02	1.256	0.168	220.632	17	12	20	62512	47662
0829	2.932	25.704	1.364	0.272	85.368	17	12	20	62527	47709
083	2.732	26.668	1.476	0.344	120.944	19	16	20	62508	47654
0830	2.708	26.908	1.456	0.168	80.51599999999999	11	7	20	62522	47684
0831	2.664	26.572	1.512	0.18	45.344	12	8	20	62511	47705
0832	2.916	28.612	1.572	0.696	87.592	16	12	20	62508	47642
0833	3.232	27.536	1.348	0.616	230.304	18	13	20	62531	47686
0834	3.108	26.468	1.388	0.456	214.192	16	12	20	62522	47775
0835	3.0	26.416	1.388	0.164	173.476	18	12	20	62512	47693
0836	2.832	26.528	1.528	0.356	98.62	12	8	20	62480	47564
0837	2.58	27.204	1.504	0.572	64.94800000000001	15	12	20	62492	47703
0838	3.084	27.644	1.508	0.264	92.768	10	7	20	62510	47611
0839	3.08	28.24	1.572	0.372	90.584	15	11	20	62502	47638
084	3.24	28.784	1.492	1.008	69.572	14	12	20	62523	47705
0840	3.132	26.952	1.552	0.292	147.18	17	12	20	62515	47598
0841	3.024	27.116	1.516	0.232	197.736	14	9	20	62523	47745
0842	3.076	27.596	1.516	0.492	239.964	18	15	20	62533	47637
0843	3.096	27.052	1.42	0.64	126.696	16	12	20	62528	47727
0844	2.896	26.912	1.464	0.284	100.20400000000001	15	12	20	62516	47704
0845	3.112	26.612	1.348	0.184	70.516	11	8	20	62516	47610
0846	2.848	27.164	1.488	0.836	101.624	14	9	20	62520	47646
0847	2.976	27.9	1.58	0.484	177.784	19	16	20	62497	47642
0848	3.232	27.976	1.428	1.112	70.736	11	8	20	62480	47617
0849	3.132	27.292	1.444	0.256	74.708	15	13	20	62494	47625
085	2.936	26.652	1.444	0.276	81.696	12	9	20	62507	47706
0850	2.92	27.14	1.432	0.208	70.236	17	13	20	62497	47657
0851	2.976	27.392	1.516	0.324	54.212	9	5	20	62496	47638
0852	2.972	27.564	1.588	0.236	194.992	17	14	20	62536	47736
0853	3.276	28.08	1.432	0.176	138.09199999999998	12	10	20	62529	47664
0854	3.072	26.384	1.308	0.336	148.072	20	17	20	62487	47709
0855	3.008	26.416	1.392	0.184	137.156	18	14	20	62503	47673
0856	3.028	25.776	1.328	0.3	55.12	18	16	20	62482	47612
0857	2.772	25.928	1.444	0.26	117.924	14	10	20	62501	47679
0858	2.936	26.392	1.596	0.52	91.28399999999999	16	11	20	62525	47719
0859	2.732	26.072	1.6	0.264	77.84	16	14	20	62509	47661
086	3.228	28.4	1.652	0.324	47.76	20	17	20	62485	47700
0860	3.308	27.144	1.384	0.168	162.89600000000002	14	10	20	62528	47735
0861	3.032	26.248	1.368	0.432	148.496	13	10	20	62534	47681
0862	2.824	25.832	1.304	0.444	211.52	16	11	20	62525	47669
0863	2.808	26.172	1.348	0.256	101.756	12	7	20	62509	47764
0864	2.816	25.52	1.348	0.184	76.916	15	12	20	62515	47601
0865	2.668	25.156	1.496	0.604	207.464	20	15	20	62496	47609
0866	2.744	26.352	1.54	0.408	54.512	8	4	20	62479	47651
0867	2.528	25.624	1.596	0.292	101.952	13	8	20	62513	47555
0868	3.276	28.204	1.452	0.2	185.352	16	12	20	62509	47744
0869	3.136	28.004	1.516	0.996	110.132	16	12	20	62515	47744
087	2.928	28.252	1.444	0.176	201.28	11	7	20	62519	47691
0870	3.076	27.208	1.448	0.22	122.424	18	14	20	62492	47738
0871	2.972	27.184	1.548	0.548	47.184	10	7	20	62501	47711
0872	2.896	27.716	1.56	0.884	135.68	15	12	20	62512	47732
0873	3.248	27.232	1.344	0.292	179.548	12	6	20	62526	47692
0874	2.988	27.696	1.452	0.232	72.62	14	11	20	62485	47628
0875	2.94	26.584	1.512	0.264	199.468	20	15	20	62507	47646
0876	2.888	28.056	1.556	0.252	65.908	17	15	20	62478	47679
0877	3.248	27.46	1.436	0.256	70.344	12	10	20	62498	47619
0878	3.136	26.608	1.384	0.24	83.288	18	17	20	62507	47599
0879	2.872	26.288	1.48	0.58	50.092	11	9	20	62486	47652
088	2.988	27.208	1.46	0.24	156.54399999999998	19	16	20	62512	47599
0880	2.96	26.696	1.504	0.268	49.408	8	5	20	62485	47664
0881	2.988	27.112	1.564	0.452	159.144	20	17	20	62510	47669
0882	3.272	26.964	1.284	0.16	203.856	16	12	20	62508	47559
0883	3.196	27.084	1.36	0.192	158.6	13	9	20	62523	47705
0884	2.832	25.96	1.456	0.248	53.672	10	6	20	62515	47694
0885	2.78	26.584	1.54	0.236	121.368	19	14	20	62513	47607
0886	2.62	27.244	1.612	0.24	106.62	13	10	20	62514	47688
0887	3.276	29.008	1.608	0.376	66.372	14	10	20	62498	47603
0888	3.252	28.832	1.468	0.204	183.1	17	12	20	62507	47674
0889	3.116	28.776	1.5	0.46	108.38	15	13	20	62515	47665
089	3.016	28.272	1.356	0.256	170.528	14	12	20	62521	47650
0890	3.032	27.248	1.396	0.324	43.692	10	8	20	62499	47663
0891	2.924	27.5	1.48	0.264	193.62	17	13	20	62529	47714
0892	2.952	26.352	1.472	0.36	139.60399999999998	19	15	20	62501	47676
0893	2.848	27.584	1.6	0.556	102.968	18	15	20	62498	47698
0894	3.264	27.956	1.48	0.372	59.884	14	11	20	62490	47657
0895	3.068	27.676	1.54	0.984	82.964	12	8	20	62518	47724
0896	3.016	28.144	1.556	0.368	60.508	10	8	20	62516	47705
0897	3.244	26.224	1.284	0.152	90.492	13	10	20	62515	47780
0898	3.132	26.136	1.388	0.232	90.096	14	10	20	62506	47630
0899	3.04	26.868	1.496	0.344	57.832	20	16	20	62482	47669
09	2.812	26.672	1.344	0.216	302.308	17	15	20	62530	47730
090	2.608	26.008	1.464	0.396	84.292	16	12	20	62532	47747
0900	2.908	27.204	1.664	0.348	84.936	13	10	20	62502	47703
0901	2.928	26.4	1.688	0.236	62.452	16	13	20	62480	47634
0902	3.288	27.984	1.424	0.312	73.964	12	10	20	62480	47618
0903	3.032	28.436	1.464	0.188	82.588	19	15	20	62521	47649
0904	3.152	26.136	1.384	0.204	87.004	10	7	20	62526	47644
0905	3.016	26.568	1.34	0.596	95.32	14	9	20	62529	47682
0906	2.936	27.084	1.452	0.264	138.584	12	8	20	62507	47695
0907	2.752	26.964	1.516	0.28	239.53199999999998	17	13	20	62531	47723
0908	2.716	27.82	1.528	0.248	133.244	20	16	20	62508	47630
0909	3.104	27.96	1.6	0.216	114.836	14	11	20	62504	47721
091	3.184	29.14	1.536	0.252	88.21600000000001	16	13	20	62492	47691
0910	3.112	28.428	1.52	0.54	80.376	14	11	20	62496	47646
0911	3.124	27.192	1.548	0.304	193.508	20	15	20	62531	47656
0912	3.264	28.632	1.492	0.156	108.58	18	14	20	62527	47717
0913	3.036	26.932	1.424	0.22	29.308	6	4	20	62525	47712
0914	2.932	26.048	1.364	0.232	154.004	18	13	20	62512	47712
0915	2.832	26.092	1.464	0.164	63.136	15	12	20	62488	47686
0916	2.836	26.684	1.508	0.28	65.556	10	8	20	62548	47632
0917	2.856	27.524	1.532	0.42	233.324	20	16	20	62522	47661
0918	3.048	28.76	1.524	0.544	120.852	18	13	20	62517	47696
0919	3.144	27.708	1.512	0.196	48.068	17	14	20	62484	47565
092	3.1	27.404	1.444	0.2	91.004	15	11	20	62507	47628
0920	3.032	26.52	1.456	0.496	95.656	15	10	20	62516	47683
0921	2.824	26.46	1.516	0.236	71.824	18	16	20	62480	47635
0922	2.964	27.748	1.532	0.968	202.88400000000001	17	15	20	62531	47750
0923	3.072	28.228	1.52	0.316	67.30799999999999	17	15	20	62491	47627
0924	3.052	28.404	1.532	0.26	129.532	17	14	20	62507	47599
0925	3.092	27.416	1.52	0.176	121.088	13	9	20	62502	47601
0926	3.1	26.832	1.44	0.22	66.872	11	8	20	62505	47610
0927	2.944	27.584	1.584	0.212	205.56	17	12	20	62527	47672
0928	2.804	27.228	1.564	0.272	161.428	15	10	20	62500	47521
0929	3.136	27.772	1.416	0.256	121.572	13	8	20	62519	47662
093	2.996	27.772	1.572	0.34	76.536	15	11	20	62512	47626
0930	3.2	28.536	1.532	1.316	200.224	19	14	20	62515	47778
0931	3.088	27.868	1.488	0.22	41.304	11	8	20	62490	47610
0932	3.112	27.592	1.44	0.248	102.176	8	5	20	62518	47598
0933	2.868	27.856	1.524	0.288	175.112	15	10	20	62531	47596
0934	3.108	28.284	1.472	0.552	104.73599999999999	12	11	20	62531	47711
0935	3.08	26.428	1.344	0.152	70.268	14	12	20	62514	47662
0936	3.052	27.08	1.572	0.244	82.964	19	16	20	62490	47750
0937	2.84	27.216	1.64	0.52	63.216	9	5	20	62519	47633
0938	3.272	28.364	1.52	0.236	44.08	10	8	20	62493	47651
0939	3.08	27.604	1.528	0.452	151.832	16	11	20	62537	47556
094	3.132	26.432	1.312	0.192	59.412	10	8	20	62528	47641
0940	2.952	26.596	1.36	0.276	40.692	13	8	20	62492	47673
0941	2.968	25.824	1.344	0.212	68.53999999999999	17	15	20	62488	47633
0942	2.884	26.008	1.472	0.684	102.25999999999999	16	13	20	62480	47633
0943	2.668	26.3	1.544	0.456	67.144	18	15	20	62486	47573
0944	2.604	26.788	1.664	0.212	82.77199999999999	15	12	20	62486	47610
0945	3.248	27.936	1.476	0.508	234.2	20	15	20	62536	47671
0946	3.096	26.212	1.496	0.588	147.708	19	16	20	62514	47603
0947	2.832	27.56	1.58	1.336	199.928	20	16	20	62507	47737
0948	3.156	27.636	1.408	0.204	138.932	20	16	20	62516	47614
0949	3.068	27.832	1.432	0.4	33.86	12	8	20	62476	47580
095	2.876	26.756	1.464	0.192	107.4	13	10	20	62492	47634
0950	2.948	26.8	1.544	0.796	84.848	13	9	20	62502	47571
0951	2.888	27.56	1.552	0.208	114.056	19	16	20	62484	47730
0952	3.168	28.904	1.596	0.564	71.292	17	13	20	62471	47577
0953	3.204	27.312	1.396	0.3	29.192	9	5	20	62497	47620
0954	3.056	27.588	1.4	0.212	85.928	14	10	20	62525	47750
0955	2.88	26.612	1.424	0.596	97.344	15	11	20	62517	47668
0956	2.88	25.896	1.424	0.312	99.576	17	12	20	62501	47585
0957	2.808	25.804	1.28	0.192	114.896	12	9	20	62553	47626
0958	2.708	25.468	1.408	0.196	95.596	10	6	20	62503	47616
0959	2.936	25.564	1.388	0.2	78.368	12	9	20	62481	47599
096	2.648	26.848	1.544	0.352	140.348	14	10	20	62522	47537
0960	2.592	26.6	1.596	0.312	108.388	17	14	20	62519	47718
0961	3.252	28.092	1.464	0.308	136.57999999999998	19	15	20	62507	47693
0962	3.112	26.636	1.3	0.252	103.732	16	14	20	62501	47671
0963	2.86	26.06	1.392	0.404	85.30799999999999	15	10	20	62515	47621
0964	3.052	25.692	1.452	0.248	130.596	17	13	20	62511	47676
0965	2.988	26.96	1.528	0.468	116.156	16	13	20	62489	47573
0966	2.596	27.168	1.516	0.148	95.668	18	14	20	62504	47644
0967	3.06	28.572	1.516	0.228	91.02799999999999	17	14	20	62503	47679
0968	3.104	28.188	1.58	0.3	176.924	19	16	20	62516	47694
0969	3.232	27.056	1.392	0.208	129.468	17	13	20	62510	47574
097	2.928	26.988	1.424	0.212	71.016	18	14	20	62506	47753
0970	3.008	27.708	1.552	0.4	112.27199999999999	11	7	20	62526	47599
0971	2.948	27.076	1.336	0.268	68.996	18	16	20	62516	47652
0972	2.788	25.684	1.424	0.22	110.232	20	15	20	62507	47665
0973	2.896	27.468	1.504	0.232	95.62	18	14	20	62481	47639
0974	2.66	26.124	1.576	0.208	41.52	12	10	20	62482	47529
0975	3.212	27.496	1.452	0.236	47.884	6	4	20	62520	47716
0976	3.132	27.344	1.46	0.232	82.688	11	7	20	62528	47800
0977	2.972	27.068	1.476	0.212	91.336	19	16	20	62495	47661
0978	2.928	27.32	1.352	0.376	85.836	11	7	20	62504	47640
0979	2.964	26.028	1.344	0.164	120.036	17	12	20	62508	47714
098	2.72	25.616	1.484	0.268	80.012	18	16	20	62492	47748
0980	2.86	26.76	1.476	0.772	89.55199999999999	19	16	20	62478	47512
0981	2.816	27.244	1.504	0.304	67.404	14	10	20	62516	47632
0982	2.976	28.432	1.56	0.3	146.052	18	14	20	62533	47668
0983	3.26	27.212	1.476	0.42	172.204	16	13	20	62526	47621
0984	3.04	27.132	1.4	0.74	173.428	16	12	20	62501	47701
0985	2.948	26.488	1.424	0.28	79.152	20	15	20	62463	47577
0986	2.94	26.56	1.464	0.248	147.788	19	15	20	62515	47634
0987	2.792	26.932	1.548	0.196	53.276	10	7	20	62518	47650
0988	2.808	27.0	1.536	0.304	100.668	15	12	20	62510	47773
0989	3.052	27.872	1.6	0.312	125.892	13	9	20	62514	47681
099	3.296	27.22	1.436	0.368	88.16	14	12	20	62503	47645
0990	3.068	26.176	1.408	0.148	96.432	16	12	20	62507	47645
0991	2.76	27.252	1.596	0.36	56.524	18	14	20	62462	47601
0992	3.22	27.368	1.368	0.732	141.064	18	14	20	62523	47576
0993	3.128	26.804	1.352	0.328	124.08	20	16	20	62543	47733
0994	2.952	26.236	1.336	0.336	91.788	12	9	20	62501	47648
0995	2.672	26.22	1.396	0.224	111.444	18	15	20	62519	47693
0996	2.756	26.168	1.428	1.092	49.348	16	14	20	62446	47553
0997	2.812	26.552	1.4	0.596	97.19200000000001	17	16	20	62519	47806
0998	2.812	26.468	1.544	0.232	75.596	17	14	20	62499	47618
0999	2.664	28.444	1.612	0.2	60.352	12	8	20	62490	47667
