01	5.92	35.36	2.368	0.508	157.984	17	13	20	79606	64744
010	5.92	36.236	2.472	0.556	35.98	9	7	20	79575	64649
0100	5.884	35.828	2.584	0.504	70.156	11	6	20	79576	64579
01000	5.916	36.64	2.452	0.404	88.044	15	10	20	79585	64734
0101	5.904	35.164	2.588	0.32	98.912	11	7	20	79603	64750
0102	5.908	35.716	2.584	0.316	146.2	15	11	20	79598	64692
0103	5.9	35.488	2.568	0.796	57.576	11	7	20	79589	64652
0104	5.904	35.436	2.552	0.42	89.132	16	12	20	79582	64732
0105	4.44	39.952	2.12	0.356	103.28	15	12	20	79586	64727
0106	4.184	39.752	1.884	0.316	174.88400000000001	16	12	20	79624	64690
0107	3.948	39.808	1.948	0.288	62.364	16	14	20	79585	64727
0108	4.028	39.1	2.148	0.356	116.584	17	15	20	79607	64699
0109	3.832	37.7	2.148	0.372	70.564	15	13	20	79577	64678
011	3.6	40.952	2.284	0.316	105.24000000000001	16	12	20	79616	64742
0110	4.304	41.392	1.848	0.572	122.912	16	14	20	79606	64685
0111	4.124	40.34	2.056	0.312	94.668	12	9	20	79640	64754
0112	3.896	39.524	2.072	0.336	112.332	19	14	20	79591	64691
0113	3.78	40.728	2.168	0.364	50.776	7	3	20	79621	64747
0114	3.964	41.4	2.152	0.364	154.54399999999998	13	11	20	79628	64801
0115	4.364	40.2	1.896	0.66	114.70400000000001	18	14	20	79581	64700
0116	4.392	41.116	1.852	0.312	117.968	19	14	20	79622	64756
0117	4.004	39.984	1.996	0.332	64.664	15	10	20	79592	64698
0118	3.532	39.628	2.048	0.304	71.248	15	14	20	79596	64649
0119	3.516	38.772	2.104	0.304	93.62	15	11	20	79578	64658
012	3.748	39.16	2.008	0.348	96.97999999999999	15	11	20	79603	64699
0120	3.904	41.164	2.296	0.82	180.208	19	15	20	79624	64779
0121	4.364	38.712	1.836	0.344	99.32	10	5	20	79638	64772
0122	3.988	38.384	2.04	0.468	105.144	14	9	20	79614	64692
0123	4.116	37.108	1.892	0.636	108.636	12	8	20	79611	64746
0124	3.508	36.788	2.056	0.936	64.456	15	10	20	79612	64703
0125	3.608	38.48	1.94	0.472	94.52799999999999	13	10	20	79601	64717
0126	3.312	39.972	2.18	0.6	158.984	19	15	20	79635	64751
0127	3.96	41.844	2.272	0.572	182.92	18	13	20	79640	64748
0128	4.392	39.688	1.78	0.248	144.472	17	14	20	79626	64656
0129	4.152	39.24	1.852	0.264	287.892	18	14	20	79629	64786
013	3.94	37.872	2.1	0.5	78.636	13	8	20	79595	64690
0130	3.856	37.292	2.084	0.452	60.444	12	8	20	79617	64692
0131	3.564	38.624	2.156	0.312	269.616	17	14	20	79639	64770
0132	3.432	39.48	2.26	0.276	168.368	20	19	20	79637	64836
0133	4.412	42.364	2.072	0.364	62.36	10	8	20	79640	64761
0134	4.116	41.388	2.172	0.436	137.324	14	10	20	79607	64704
0135	3.976	39.164	1.988	0.32	231.36	19	14	20	79631	64786
0136	3.796	39.764	2.16	0.312	90.02	17	14	20	79602	64690
0137	3.772	42.192	2.172	0.356	167.55599999999998	19	17	20	79582	64709
0138	4.172	42.368	2.148	0.484	134.708	18	14	20	79593	64665
0139	4.184	42.2	2.044	0.8	149.452	17	12	20	79623	64689
014	4.044	41.216	2.016	0.976	110.28399999999999	16	12	20	79641	64740
0140	4.204	39.608	1.96	0.308	124.86	20	17	20	79589	64677
0141	3.72	39.552	2.18	0.324	131.8	14	11	20	79610	64689
0142	3.78	40.78	2.292	0.888	92.536	13	11	20	79614	64795
0143	4.444	39.968	1.984	0.308	187.688	20	16	20	79629	64782
0144	4.104	40.812	2.036	0.324	131.716	10	6	20	79609	64709
0145	3.804	39.756	2.104	0.532	86.748	17	13	20	79598	64708
0146	3.904	39.404	1.88	0.452	57.916	10	6	20	79611	64741
0147	3.68	40.02	2.1	0.36	135.216	11	6	20	79625	64680
0148	3.892	40.34	2.056	0.364	56.972	14	12	20	79582	64715
0149	3.828	39.56	2.124	0.348	158.736	12	7	20	79651	64760
015	3.712	41.272	2.208	0.42	96.44800000000001	11	7	20	79633	64692
0150	4.144	41.704	2.004	0.404	36.572	11	6	20	79608	64720
0151	4.12	40.112	2.08	0.364	116.576	18	15	20	79610	64662
0152	3.944	39.736	2.104	0.496	206.7	17	12	20	79642	64775
0153	3.652	40.644	2.184	0.252	226.016	18	16	20	79636	64817
0154	4.008	39.764	1.984	0.384	108.22800000000001	17	14	20	79643	64780
0155	4.132	38.652	2.02	0.72	71.364	15	12	20	79595	64772
0156	3.696	38.736	2.18	0.292	130.22	20	19	20	79601	64770
0157	3.764	40.324	2.032	0.94	222.716	17	13	20	79630	64728
0158	3.94	40.18	2.172	0.404	91.824	15	11	20	79612	64695
0159	4.244	42.044	2.204	0.348	53.432	14	11	20	79621	64820
016	4.116	39.796	2.096	0.508	88.164	16	14	20	79591	64698
0160	3.936	40.496	2.136	0.344	98.696	15	12	20	79593	64755
0161	4.128	39.456	1.82	0.572	76.084	14	9	20	79619	64714
0162	3.744	39.404	1.96	0.388	81.92	17	14	20	79583	64707
0163	4.004	38.74	2.096	0.44	170.912	17	13	20	79612	64713
0164	3.752	38.944	2.16	0.572	157.684	18	15	20	79644	64707
0165	3.608	39.356	2.188	0.332	59.844	9	6	20	79600	64704
0166	4.212	40.56	2.164	0.884	65.468	10	6	20	79583	64745
0167	4.128	40.32	1.896	0.344	122.9	19	15	20	79628	64798
0168	3.976	39.308	1.888	0.372	142.472	18	14	20	79602	64715
0169	4.0	38.396	1.912	0.332	209.59199999999998	20	17	20	79638	64784
017	3.652	38.564	2.156	0.408	89.16	12	9	20	79572	64651
0170	3.508	41.028	2.184	0.376	338.636	18	14	20	79677	64780
0171	4.176	41.968	1.98	0.424	63.576	9	5	20	79621	64634
0172	3.96	40.088	2.152	0.616	108.73599999999999	18	14	20	79610	64761
0173	3.928	40.888	1.924	1.052	62.084	17	13	20	79566	64683
0174	4.256	41.08	2.104	0.996	342.23199999999997	14	10	20	79664	64787
0175	4.14	40.648	2.072	0.916	76.42	12	10	20	79587	64744
0176	4.144	39.432	2.216	0.468	290.984	19	14	20	79613	64755
0177	4.144	40.392	2.204	0.556	168.124	14	9	20	79629	64695
0178	3.928	41.196	2.092	0.46	270.148	16	11	20	79651	64755
0179	4.228	40.008	2.12	0.328	149.224	19	14	20	79625	64768
018	4.056	39.832	2.212	0.356	196.404	15	11	20	79633	64733
0180	4.024	41.44	2.28	0.436	91.788	17	12	20	79594	64731
0181	4.496	39.496	1.94	0.36	43.304	9	5	20	79583	64685
0182	4.036	39.924	2.088	1.268	142.816	18	13	20	79622	64666
0183	3.94	40.796	2.172	0.476	87.104	17	15	20	79575	64686
0184	3.996	42.192	2.26	0.4	125.484	16	12	20	79586	64695
0185	4.164	40.044	2.068	0.316	44.364	10	6	20	79603	64790
0186	4.18	38.92	1.984	0.54	93.856	20	16	20	79581	64657
0187	3.76	40.348	1.984	0.472	82.992	16	14	20	79594	64710
0188	3.84	38.592	1.988	0.436	379.124	20	16	20	79661	64801
0189	3.884	39.044	2.212	0.372	61.544	10	7	20	79595	64676
019	3.552	40.488	2.076	0.384	145.216	19	15	20	79618	64786
0190	4.196	40.564	2.06	0.376	89.096	14	10	20	79617	64785
0191	3.864	40.74	2.016	0.332	77.764	15	12	20	79605	64667
0192	3.924	39.78	1.968	0.304	79.98400000000001	13	9	20	79613	64676
0193	3.928	39.212	2.032	0.44	321.084	20	15	20	79612	64667
0194	3.988	39.576	2.348	0.532	145.472	14	10	20	79630	64726
0195	3.78	38.792	2.34	0.4	195.632	19	15	20	79611	64744
0196	4.516	41.052	2.128	0.448	72.352	14	10	20	79608	64800
0197	4.532	39.616	2.108	0.3	63.852	12	10	20	79577	64687
0198	4.044	40.476	2.192	0.32	76.532	16	12	20	79563	64682
0199	3.832	41.532	2.264	0.464	108.932	19	15	20	79598	64673
02	4.544	41.496	2.104	0.62	128.664	12	7	20	79628	64793
020	4.532	38.304	1.868	0.788	85.836	13	8	20	79630	64763
0200	3.856	39.312	2.092	0.316	153.804	15	10	20	79626	64729
0201	3.672	40.672	2.044	0.3	125.164	17	14	20	79656	64761
0202	3.948	41.244	2.048	0.336	79.276	11	8	20	79621	64719
0203	3.892	41.8	2.176	0.532	74.228	14	12	20	79589	64653
0204	4.156	41.44	2.252	0.268	75.176	10	6	20	79626	64794
0205	4.208	41.06	2.004	0.348	28.496	13	9	20	79555	64653
0206	4.192	40.188	1.888	0.316	131.856	18	14	20	79637	64765
0207	4.1	39.36	1.94	0.348	59.436	12	10	20	79618	64767
0208	4.08	39.032	1.828	0.34	85.648	11	7	20	79606	64738
0209	3.524	37.016	1.916	0.784	105.168	14	9	20	79596	64714
021	3.608	37.944	1.992	0.316	192.28	19	15	20	79613	64718
0210	3.456	38.224	2.164	0.636	160.156	20	17	20	79623	64768
0211	3.42	37.704	2.16	0.4	122.716	19	15	20	79593	64706
0212	3.6	41.668	1.984	0.3	123.724	19	16	20	79622	64768
0213	4.028	42.0	2.16	0.436	109.8	18	15	20	79605	64719
0214	4.172	39.648	1.968	0.364	124.232	15	13	20	79608	64685
0215	4.124	40.572	2.1	0.344	230.324	17	13	20	79656	64771
0216	3.74	40.568	2.152	0.392	132.06	14	10	20	79622	64805
0217	3.964	40.408	2.088	0.468	65.112	16	12	20	79590	64738
0218	4.18	40.24	2.048	0.308	223.748	18	13	20	79641	64783
0219	4.068	39.792	2.056	0.392	202.656	16	13	20	79614	64734
022	3.992	40.268	2.088	0.376	95.5	16	13	20	79603	64723
0220	3.92	40.864	2.044	0.416	164.392	16	14	20	79611	64717
0221	3.82	42.48	2.092	0.392	61.436	14	11	20	79586	64664
0222	4.116	40.752	2.172	0.484	177.288	15	10	20	79645	64784
0223	4.032	41.34	2.252	0.372	115.524	20	16	20	79595	64757
0224	4.396	40.644	2.104	0.684	91.888	15	11	20	79593	64613
0225	4.152	40.52	2.176	0.948	83.008	18	17	20	79602	64765
0226	3.944	41.28	1.94	0.34	80.05199999999999	9	5	20	79620	64727
0227	4.224	40.356	1.984	0.464	99.20400000000001	19	18	20	79592	64759
0228	3.844	40.372	2.068	0.288	126.972	16	11	20	79615	64676
0229	4.004	39.504	2.108	0.388	73.076	14	10	20	79626	64795
023	3.792	39.448	1.864	0.424	91.2	11	6	20	79623	64705
0230	3.732	39.876	2.004	0.976	147.94	20	16	20	79610	64586
0231	4.0	38.924	2.24	0.36	143.924	19	17	20	79616	64763
0232	3.864	38.588	2.144	0.32	30.8	8	4	20	79560	64655
0233	3.736	40.868	2.272	1.524	40.712	10	8	20	79610	64664
0234	4.476	40.196	1.94	0.28	214.812	15	11	20	79639	64785
0235	4.412	38.264	1.824	0.556	89.088	10	6	20	79620	64734
0236	3.996	38.532	1.908	0.236	57.976	8	6	20	79596	64763
0237	3.576	38.32	2.056	0.54	61.176	16	13	20	79584	64607
0238	3.368	38.6	2.224	0.436	73.32	15	12	20	79602	64754
0239	3.392	39.796	2.252	0.54	62.608	8	5	20	79620	64744
024	4.552	38.86	1.784	0.572	77.6	17	13	20	79608	64702
0240	4.552	38.12	1.76	0.912	95.164	20	16	20	79563	64665
0241	4.168	39.312	1.916	0.516	177.89600000000002	19	16	20	79609	64757
0242	3.736	37.356	2.056	0.616	150.508	15	11	20	79635	64715
0243	3.872	37.608	1.928	0.344	99.55199999999999	17	13	20	79590	64721
0244	3.26	39.636	2.124	0.348	158.256	17	13	20	79637	64774
0245	3.232	38.8	2.304	0.336	118.132	13	8	20	79633	64687
0246	4.412	39.768	2.112	0.336	209.888	17	12	20	79647	64733
0247	4.208	41.556	2.052	0.344	383.672	18	15	20	79652	64682
0248	3.936	40.944	2.184	1.224	140.624	19	16	20	79607	64764
0249	3.956	40.668	2.088	0.648	134.584	15	11	20	79634	64675
025	4.04	40.412	2.044	0.344	131.132	16	13	20	79610	64753
0250	4.16	40.028	2.096	0.352	132.372	19	15	20	79607	64686
0251	3.988	40.168	2.152	0.448	147.708	14	12	20	79640	64698
0252	3.748	40.728	2.276	0.34	121.228	13	11	20	79610	64720
0253	4.4	41.824	2.164	0.292	188.172	18	15	20	79642	64807
0254	4.252	39.9	2.012	0.228	96.316	11	8	20	79605	64728
0255	3.952	40.064	1.836	0.308	109.968	18	15	20	79617	64735
0256	3.748	39.66	2.052	0.356	90.576	17	13	20	79599	64692
0257	3.756	39.156	1.96	0.348	144.4	19	15	20	79623	64675
0258	3.556	38.436	2.16	0.336	194.308	14	11	20	79664	64765
0259	3.356	40.768	2.232	0.364	151.0	16	14	20	79634	64772
026	4.388	40.912	1.988	0.588	43.248	8	5	20	79603	64752
0260	3.98	41.564	2.076	1.064	169.992	18	14	20	79603	64632
0261	3.988	40.392	2.056	0.332	102.788	15	12	20	79628	64716
0262	3.9	38.932	1.836	0.32	83.416	10	8	20	79633	64703
0263	3.732	40.368	2.012	0.544	90.928	13	11	20	79608	64707
0264	4.052	39.14	1.976	0.844	98.268	14	11	20	79589	64693
0265	3.784	39.376	2.148	0.304	75.576	15	11	20	79584	64676
0266	3.584	40.936	2.208	0.412	219.4	19	17	20	79640	64768
0267	4.1	42.008	2.196	0.348	132.404	13	9	20	79657	64788
0268	3.972	40.192	1.888	0.304	107.47200000000001	18	14	20	79602	64619
0269	4.104	39.516	1.988	0.216	164.348	16	13	20	79615	64699
027	3.924	39.204	1.964	0.448	108.756	13	10	20	79617	64630
0270	3.748	38.832	2.068	0.36	238.94	16	12	20	79641	64818
0271	3.716	41.544	2.196	1.772	120.192	13	9	20	79614	64764
0272	3.528	40.904	2.276	0.376	258.632	16	13	20	79633	64748
0273	4.408	40.748	2.02	0.536	110.24000000000001	19	16	20	79619	64750
0274	3.976	40.492	2.064	0.316	106.944	13	10	20	79586	64598
0275	3.948	40.38	2.0	0.288	79.47200000000001	16	11	20	79603	64627
0276	3.888	39.02	1.996	0.336	111.28	19	16	20	79607	64762
0277	4.02	41.108	2.272	0.448	20.98	6	5	20	79636	64781
0278	3.824	40.276	2.272	0.968	137.084	18	14	20	79580	64742
0279	4.408	39.472	1.884	0.248	110.2	16	13	20	79580	64743
028	4.152	37.992	1.892	0.312	127.444	17	14	20	79587	64693
0280	4.016	39.408	2.028	0.308	99.64	14	12	20	79594	64738
0281	3.756	38.26	2.096	0.404	98.688	15	13	20	79605	64647
0282	3.632	38.988	2.116	0.396	138.052	14	11	20	79645	64792
0283	3.804	42.132	2.184	0.356	172.236	19	14	20	79638	64775
0284	3.936	42.236	2.18	0.36	196.272	17	14	20	79612	64719
0285	4.12	40.624	2.156	0.424	210.72	16	12	20	79606	64720
0286	4.24	38.64	1.848	0.88	125.904	15	12	20	79590	64686
0287	4.312	40.212	2.028	0.572	161.388	17	14	20	79603	64778
0288	4.172	38.656	2.028	0.92	89.088	12	7	20	79597	64778
0289	3.832	37.972	2.084	0.348	153.836	19	17	20	79607	64756
029	3.528	41.356	2.276	0.392	70.968	17	15	20	79594	64715
0290	4.432	40.716	1.912	1.016	124.76	13	9	20	79633	64707
0291	4.152	38.656	1.84	0.276	72.652	13	8	20	79605	64732
0292	4.004	38.88	1.92	0.272	106.592	15	11	20	79606	64700
0293	3.74	39.1	2.228	0.384	137.22	19	16	20	79622	64775
0294	3.672	39.208	2.156	0.54	112.436	16	13	20	79580	64711
0295	3.992	40.056	2.108	0.508	75.368	10	5	20	79593	64688
0296	4.016	39.048	2.052	0.324	58.884	11	9	20	79566	64728
0297	3.76	39.464	2.156	0.316	124.456	12	9	20	79659	64761
0298	4.132	41.032	2.056	0.544	179.45600000000002	17	12	20	79606	64751
0299	4.16	39.436	1.808	0.72	135.856	18	13	20	79592	64686
03	3.956	39.908	1.952	0.372	94.212	13	10	20	79624	64725
030	4.008	39.116	2.04	0.704	85.724	12	8	20	79592	64730
0300	3.8	38.52	2.052	0.704	136.216	18	17	20	79629	64729
0301	3.408	40.196	2.152	0.4	132.024	15	11	20	79612	64807
0302	3.644	41.784	2.152	1.036	114.056	12	10	20	79637	64728
0303	4.184	41.48	2.272	0.56	128.132	17	15	20	79655	64796
0304	4.376	41.328	1.976	0.304	144.768	20	16	20	79635	64744
0305	4.152	40.272	2.06	0.48	112.1	18	16	20	79582	64736
0306	3.968	38.908	1.788	0.636	184.92	19	16	20	79628	64759
0307	3.776	38.868	1.912	0.276	40.292	10	7	20	79584	64741
0308	3.748	38.944	2.096	1.268	152.55599999999998	14	9	20	79637	64767
0309	3.792	39.232	2.156	0.452	142.59199999999998	19	15	20	79631	64727
031	3.68	39.5	2.256	0.576	117.00399999999999	16	13	20	79589	64712
0310	4.376	41.448	1.988	0.32	338.728	16	13	20	79633	64738
0311	4.188	41.048	2.156	0.332	127.024	15	12	20	79637	64745
0312	3.836	40.784	2.168	0.4	168.12	16	12	20	79620	64735
0313	4.124	40.732	2.184	0.732	144.696	16	12	20	79615	64708
0314	3.948	41.168	1.968	0.352	166.164	18	14	20	79629	64771
0315	4.192	37.96	1.972	0.312	146.548	19	16	20	79621	64747
0316	3.888	39.284	2.26	0.596	176.4	19	15	20	79617	64711
0317	4.016	40.452	2.172	0.384	60.532	18	15	20	79578	64687
0318	4.228	44.324	2.248	0.572	131.064	11	6	20	79623	64694
0319	4.436	38.976	2.032	0.572	63.808	15	14	20	79603	64752
032	4.252	40.752	2.264	0.816	250.712	20	16	20	79653	64802
0320	3.956	39.708	2.268	0.388	96.688	13	9	20	79609	64762
0321	4.556	40.74	1.928	0.308	216.176	18	14	20	79642	64820
0322	4.528	39.96	1.884	0.62	152.892	14	9	20	79604	64566
0323	3.932	39.192	2.032	0.504	105.456	17	15	20	79587	64658
0324	3.836	38.86	2.044	0.472	114.84	19	16	20	79608	64737
0325	3.456	38.752	2.068	0.32	97.036	20	17	20	79582	64754
0326	3.796	40.652	2.164	0.38	84.768	15	12	20	79608	64652
0327	3.772	41.048	2.26	0.256	150.828	20	15	20	79630	64761
0328	4.468	39.352	2.012	0.352	223.22	17	12	20	79625	64754
0329	4.408	37.172	1.968	0.62	106.596	12	9	20	79605	64749
033	3.944	37.988	1.884	0.36	75.42	13	11	20	79584	64705
0330	3.824	39.268	2.148	0.556	162.88	20	17	20	79584	64707
0331	3.64	37.488	2.196	0.316	118.21600000000001	19	16	20	79558	64682
0332	3.4	40.552	2.184	0.36	241.048	18	14	20	79628	64779
0333	4.152	40.396	2.196	0.692	82.05199999999999	12	7	20	79598	64716
0334	4.164	41.58	2.156	0.296	269.116	17	13	20	79669	64706
0335	4.188	41.68	2.236	0.36	181.5	14	12	20	79675	64690
0336	4.148	42.172	2.18	0.48	144.12	14	10	20	79619	64787
0337	4.12	41.44	2.068	0.428	35.208	7	4	20	79600	64667
0338	4.172	40.628	2.168	0.46	74.884	12	9	20	79603	64723
0339	3.96	41.444	1.968	0.388	104.292	12	9	20	79628	64723
034	3.996	39.908	2.204	0.408	140.868	12	8	20	79618	64715
0340	4.036	41.1	2.312	0.4	153.88400000000001	17	15	20	79636	64772
0341	4.58	38.648	1.792	0.28	92.58	20	15	20	79601	64726
0342	4.58	40.92	1.992	1.148	54.908	13	11	20	79567	64631
0343	3.916	39.072	2.072	0.508	71.716	12	9	20	79611	64733
0344	3.684	39.192	2.156	0.352	97.956	19	16	20	79622	64692
0345	3.656	40.484	2.144	0.788	82.916	19	16	20	79558	64701
0346	4.192	41.468	2.08	0.408	120.884	17	13	20	79627	64753
0347	4.196	39.128	1.904	0.368	110.864	17	14	20	79610	64714
0348	3.916	39.208	1.948	0.432	232.164	18	16	20	79628	64755
0349	3.956	37.984	1.98	0.308	58.536	14	12	20	79598	64684
035	3.844	38.944	1.9	0.352	92.20400000000001	15	13	20	79613	64732
0350	3.536	39.532	1.972	0.444	188.072	16	12	20	79618	64691
0351	3.74	41.22	2.208	0.348	90.79599999999999	17	13	20	79598	64715
0352	3.56	42.12	2.264	0.784	158.06799999999998	16	13	20	79638	64719
0353	4.432	39.828	1.908	0.564	124.256	19	16	20	79615	64721
0354	3.944	39.148	2.06	0.344	93.644	18	13	20	79610	64637
0355	3.92	40.152	2.092	0.292	36.956	10	7	20	79589	64596
0356	3.764	41.98	2.168	0.828	93.088	14	11	20	79605	64786
0357	4.124	41.732	2.032	0.56	49.396	13	10	20	79572	64735
0358	4.12	41.644	1.948	0.296	85.936	13	9	20	79604	64720
0359	4.12	39.812	1.748	0.84	36.424	11	8	20	79577	64612
036	3.956	38.304	1.78	0.604	87.02799999999999	12	8	20	79615	64711
0360	3.784	38.448	1.908	0.376	88.584	19	14	20	79606	64720
0361	3.42	37.456	1.96	0.304	525.1	18	12	20	79672	64762
0362	3.472	37.756	2.272	0.388	93.02799999999999	17	14	20	79587	64767
0363	3.636	39.096	2.164	0.324	82.1	16	11	20	79613	64794
0364	3.316	39.884	2.108	0.36	151.916	16	12	20	79620	64737
0365	3.82	40.792	2.152	0.584	51.008	11	6	20	79599	64720
0366	4.196	40.724	2.088	0.74	36.88	11	7	20	79560	64603
0367	4.192	40.76	1.904	0.816	107.75200000000001	17	14	20	79584	64622
0368	3.916	39.944	1.928	7.54	144.108	12	8	20	79623	64766
0369	3.992	38.508	1.872	0.272	133.276	13	9	20	79654	64720
037	3.728	38.688	2.108	0.776	79.076	19	16	20	79561	64725
0370	3.52	38.856	2.176	0.324	201.124	18	13	20	79631	64689
0371	3.708	40.78	2.0	0.408	116.01599999999999	15	13	20	79603	64727
0372	4.056	42.172	2.284	0.588	164.764	20	15	20	79612	64735
0373	4.336	40.872	2.144	0.376	79.384	13	10	20	79589	64713
0374	4.172	39.784	1.984	0.364	44.816	12	9	20	79578	64634
0375	3.772	39.88	2.1	0.38	81.248	9	7	20	79641	64731
0376	3.992	40.228	2.156	0.572	150.788	20	16	20	79595	64716
0377	4.004	39.968	2.168	0.936	82.764	17	12	20	79616	64728
0378	4.16	41.236	2.068	0.58	108.648	14	10	20	79593	64730
0379	4.244	41.164	2.028	0.46	235.256	20	14	20	79626	64783
038	4.052	40.82	2.124	0.316	226.28	14	11	20	79624	64812
0380	4.016	38.792	2.012	0.296	86.69200000000001	12	8	20	79609	64706
0381	3.868	41.04	2.264	0.436	54.3	17	13	20	79555	64657
0382	3.724	42.112	2.352	0.388	198.42000000000002	17	13	20	79637	64761
0383	4.488	41.028	1.924	0.316	153.48	20	17	20	79621	64660
0384	4.204	39.612	1.9	0.332	65.516	11	9	20	79598	64690
0385	3.872	38.052	2.188	0.516	75.876	17	13	20	79576	64646
0386	4.02	39.916	2.152	0.364	106.312	17	13	20	79585	64734
0387	3.604	40.368	2.292	0.492	48.688	7	5	20	79593	64673
0388	4.424	39.484	1.856	0.276	43.972	9	6	20	79647	64808
0389	4.204	39.232	1.892	0.36	130.568	14	9	20	79584	64636
039	4.012	39.036	1.908	0.28	139.728	16	13	20	79638	64800
0390	3.844	37.648	2.048	0.32	179.272	17	13	20	79639	64779
0391	3.588	38.456	1.828	0.368	57.892	11	8	20	79584	64736
0392	3.536	39.132	1.976	0.5	204.02	17	13	20	79641	64791
0393	3.58	40.548	2.084	0.544	157.352	17	13	20	79650	64757
0394	3.5	40.912	2.172	0.4	217.168	19	14	20	79612	64737
0395	3.828	41.208	2.328	0.46	153.92000000000002	19	15	20	79583	64689
0396	4.348	42.512	2.28	0.528	118.392	19	17	20	79604	64680
0397	4.428	41.4	2.164	0.46	177.812	18	13	20	79626	64704
0398	4.188	41.284	2.16	0.316	128.9	17	15	20	79630	64746
0399	4.164	41.76	1.952	0.968	52.352	12	9	20	79574	64706
04	4.164	40.156	2.0	0.452	70.008	14	11	20	79568	64753
040	3.744	39.608	1.988	0.304	50.276	10	6	20	79589	64683
0400	3.908	38.384	2.012	0.392	80.74	19	18	20	79603	64706
0401	3.716	38.428	2.2	0.232	142.44	15	12	20	79631	64702
0402	3.74	41.168	2.152	0.66	165.172	16	11	20	79652	64815
0403	4.168	40.076	1.88	0.344	123.676	20	16	20	79589	64666
0404	4.336	38.348	1.912	0.4	22.532	8	5	20	79583	64703
0405	4.328	39.532	2.116	0.32	205.356	18	16	20	79629	64790
0406	3.864	38.22	2.032	0.528	58.828	9	7	20	79650	64748
0407	3.636	39.604	1.96	0.436	186.416	17	13	20	79635	64781
0408	3.696	41.416	2.148	0.564	97.73599999999999	20	17	20	79601	64701
0409	3.908	41.692	2.052	0.4	117.056	14	11	20	79600	64718
041	4.18	39.928	2.08	0.672	253.14	20	16	20	79610	64726
0410	4.108	39.272	2.064	0.488	84.352	11	7	20	79601	64735
0411	3.804	40.088	2.168	0.556	81.532	11	6	20	79600	64716
0412	4.176	42.22	2.14	0.476	116.524	17	13	20	79606	64710
0413	4.18	41.468	2.276	0.524	122.656	13	11	20	79629	64778
0414	4.192	37.704	1.9	0.512	74.212	13	10	20	79562	64714
0415	4.284	39.236	1.924	0.288	39.484	9	7	20	79591	64785
0416	3.932	39.328	2.056	0.32	114.964	10	5	20	79624	64691
0417	3.548	38.616	2.12	0.492	238.724	19	16	20	79671	64841
0418	3.524	39.044	2.276	0.48	98.1	14	11	20	79608	64784
0419	4.448	40.768	1.996	0.84	102.628	14	9	20	79641	64828
042	4.164	40.632	2.032	0.352	74.244	9	5	20	79584	64732
0420	3.984	40.216	2.068	0.412	220.028	20	16	20	79634	64783
0421	3.74	41.872	2.236	0.444	47.6	16	12	20	79575	64632
0422	3.736	39.492	2.048	0.424	56.5	8	4	20	79592	64704
0423	4.34	39.972	2.248	0.512	67.264	17	15	20	79638	64747
0424	4.36	39.792	2.16	0.608	122.816	20	15	20	79595	64716
0425	3.792	40.28	2.06	0.376	88.0	18	15	20	79587	64668
0426	4.172	39.008	2.124	0.348	141.864	18	14	20	79569	64653
0427	3.944	40.52	2.176	0.376	94.332	18	14	20	79598	64670
0428	3.984	40.9	2.1	1.22	156.224	17	13	20	79634	64756
0429	4.156	41.216	2.14	0.3	54.864	10	8	20	79624	64761
043	3.928	40.856	2.124	0.376	49.828	10	5	20	79603	64653
0430	4.148	40.04	1.9	0.32	140.5	19	16	20	79618	64794
0431	3.996	40.848	2.048	0.332	236.368	19	14	20	79624	64725
0432	4.0	39.256	1.812	0.352	190.036	18	14	20	79623	64765
0433	3.74	38.008	1.888	0.444	119.112	17	13	20	79623	64681
0434	3.676	38.156	2.124	0.324	81.14	20	16	20	79592	64726
0435	3.604	38.656	2.152	0.568	126.512	11	8	20	79617	64720
0436	3.54	40.252	2.24	0.36	71.328	15	12	20	79580	64619
0437	4.404	41.868	2.204	0.836	50.428	12	9	20	79566	64671
0438	4.292	40.12	1.98	0.332	160.272	18	16	20	79614	64671
0439	4.272	38.956	1.996	0.344	156.736	16	11	20	79621	64675
044	4.272	39.076	1.956	0.308	128.608	16	13	20	79603	64707
0440	3.784	38.248	2.08	0.524	96.53999999999999	8	4	20	79639	64732
0441	3.68	39.888	2.108	0.384	100.612	14	11	20	79611	64684
0442	3.692	39.612	2.16	0.46	167.96800000000002	15	11	20	79620	64719
0443	3.916	40.788	2.184	0.32	242.988	18	15	20	79639	64807
0444	4.208	42.408	2.292	0.42	291.604	17	13	20	79621	64723
0445	4.432	40.408	1.916	0.476	158.644	17	12	20	79616	64720
0446	4.144	39.84	1.988	0.828	185.352	19	17	20	79660	64787
0447	3.916	38.64	2.024	0.696	214.94400000000002	19	15	20	79638	64684
0448	3.752	39.076	2.224	1.272	107.06	17	14	20	79590	64676
0449	3.544	38.8	2.228	0.336	162.06799999999998	18	15	20	79628	64780
045	4.444	43.14	2.284	0.84	100.77600000000001	13	8	20	79556	64694
0450	4.384	40.8	2.06	0.288	74.804	18	15	20	79578	64736
0451	4.22	38.344	1.904	0.22	49.18	8	4	20	79592	64727
0452	3.716	39.212	2.008	0.388	116.392	20	16	20	79618	64696
0453	3.976	39.996	1.952	0.372	212.128	19	14	20	79614	64741
0454	3.996	39.248	2.056	0.268	44.388	12	9	20	79583	64714
0455	3.976	38.392	1.988	0.348	194.5	13	8	20	79638	64748
0456	3.588	39.152	1.964	0.292	89.004	12	9	20	79601	64702
0457	3.344	39.836	2.08	0.308	64.86	10	5	20	79624	64758
0458	4.012	39.816	2.044	0.344	26.604	11	7	20	79591	64693
0459	3.776	39.388	2.064	0.512	180.396	19	16	20	79658	64798
046	3.768	41.2	2.092	0.332	162.712	19	15	20	79626	64761
0460	4.18	40.056	1.968	0.308	47.852	10	6	20	79587	64687
0461	3.804	39.08	2.116	0.348	164.656	18	14	20	79643	64810
0462	3.972	41.064	2.2	0.384	74.94	20	16	20	79578	64700
0463	3.752	41.12	2.296	0.444	157.90800000000002	16	12	20	79618	64765
0464	4.42	41.832	2.092	0.948	101.844	15	12	20	79604	64704
0465	4.132	39.464	2.08	1.172	63.872	15	11	20	79575	64680
0466	3.928	40.528	2.188	0.372	103.312	18	14	20	79597	64706
0467	3.936	41.0	2.028	0.808	112.00399999999999	18	14	20	79574	64702
0468	3.952	39.82	2.012	0.432	30.992	7	4	20	79574	64630
0469	3.828	39.268	2.252	0.548	160.88400000000001	20	16	20	79637	64749
047	3.96	40.964	1.896	0.796	60.548	10	6	20	79614	64690
0470	4.164	38.98	1.94	0.28	82.344	15	11	20	79604	64736
0471	3.96	39.68	1.876	0.308	72.136	12	9	20	79628	64662
0472	3.604	39.024	2.088	0.272	131.32	20	17	20	79622	64649
0473	3.664	38.688	2.176	1.124	112.78	17	16	20	79597	64584
0474	3.648	41.296	2.052	0.316	97.768	19	17	20	79562	64629
0475	4.128	39.804	1.94	0.444	59.152	15	11	20	79591	64668
0476	3.748	41.804	2.024	0.292	23.396	7	5	20	79565	64586
0477	3.908	40.792	1.972	0.292	251.356	17	13	20	79648	64787
0478	3.888	40.808	1.964	0.364	156.90800000000002	17	14	20	79662	64757
0479	3.916	38.124	1.748	0.428	164.04	20	15	20	79632	64771
048	3.808	38.068	1.84	0.336	231.496	19	15	20	79630	64674
0480	3.624	38.724	2.0	0.284	108.75200000000001	19	15	20	79604	64669
0481	3.564	38.4	2.052	0.48	139.324	12	7	20	79596	64592
0482	3.644	39.488	2.192	0.384	82.444	14	12	20	79591	64694
0483	3.596	39.588	2.284	0.368	103.176	16	12	20	79609	64805
0484	4.384	40.032	1.948	0.388	84.312	9	6	20	79620	64706
0485	4.22	37.948	1.808	0.288	34.688	9	7	20	79623	64758
0486	4.08	38.516	1.852	0.22	47.352	10	7	20	79604	64711
0487	3.624	37.784	2.06	0.368	33.972	10	8	20	79590	64713
0488	3.512	39.224	2.196	0.408	107.856	17	12	20	79598	64676
0489	3.556	40.596	2.292	0.404	48.556	12	8	20	79575	64701
049	4.232	39.732	1.984	0.48	75.156	13	10	20	79612	64783
0490	4.372	37.728	1.856	0.412	140.848	15	12	20	79639	64724
0491	3.928	37.712	1.848	0.264	121.336	14	11	20	79605	64578
0492	3.552	38.02	1.94	0.376	164.816	17	14	20	79591	64687
0493	3.564	39.196	2.04	0.328	140.032	18	13	20	79610	64590
0494	3.256	39.072	2.04	0.228	141.912	19	16	20	79619	64769
0495	3.404	40.9	2.224	0.312	207.504	18	14	20	79649	64744
0496	4.224	40.744	2.116	0.368	67.268	18	16	20	79592	64608
0497	3.924	41.608	2.288	0.512	162.416	17	12	20	79646	64773
0498	4.328	42.28	1.98	0.436	192.204	18	14	20	79651	64801
0499	4.184	40.392	1.884	0.256	233.22	19	14	20	79649	64678
05	3.68	38.216	2.004	0.556	342.15999999999997	17	13	20	79659	64739
050	3.768	37.936	1.972	0.392	52.74	17	14	20	79545	64682
0500	3.484	38.904	2.176	0.744	112.51599999999999	19	16	20	79613	64816
0501	3.536	39.36	2.268	0.664	236.872	18	14	20	79632	64682
0502	4.404	41.088	2.056	0.476	125.1	13	9	20	79606	64757
0503	4.192	41.124	2.148	0.376	206.44	16	12	20	79640	64654
0504	4.012	40.912	2.344	0.368	144.776	19	15	20	79629	64715
0505	4.436	42.516	2.16	1.448	73.072	15	11	20	79593	64714
0506	4.156	41.736	2.216	0.792	126.768	15	12	20	79598	64754
0507	4.22	40.844	1.968	0.296	97.688	16	11	20	79601	64659
0508	4.22	40.416	1.944	0.372	117.268	12	8	20	79652	64785
0509	4.1	39.796	2.204	0.384	143.388	16	11	20	79625	64775
051	3.936	39.148	2.176	0.656	134.86	17	12	20	79630	64741
0510	3.86	41.424	2.212	0.36	190.252	20	16	20	79630	64786
0511	4.184	40.872	1.992	0.312	105.656	20	16	20	79604	64773
0512	4.184	38.944	2.016	0.264	65.26	10	8	20	79601	64697
0513	3.964	40.1	2.16	1.856	347.26	18	13	20	79661	64728
0514	3.58	40.756	2.172	0.376	121.28	17	13	20	79598	64716
0515	4.208	42.88	2.252	0.552	53.884	9	6	20	79616	64734
0516	4.204	39.068	1.876	0.552	116.50800000000001	19	15	20	79614	64690
0517	4.22	39.0	2.08	0.312	111.28399999999999	13	8	20	79637	64768
0518	3.984	39.948	2.152	0.388	63.7	14	12	20	79597	64685
0519	3.812	39.976	2.08	0.8	219.86	19	14	20	79623	64724
052	3.96	40.588	2.072	0.328	159.464	17	14	20	79627	64775
0520	3.92	40.564	2.18	0.404	367.028	18	15	20	79637	64716
0521	3.992	40.616	2.18	1.18	40.44	8	5	20	79593	64737
0522	4.2	42.272	2.06	0.428	137.048	20	16	20	79633	64634
0523	4.192	39.04	2.032	0.328	100.068	14	9	20	79609	64697
0524	3.94	40.26	2.144	0.468	73.048	11	7	20	79583	64719
0525	4.0	40.532	2.284	0.352	94.42	9	4	20	79611	64753
0526	4.428	41.512	1.816	0.344	116.024	16	14	20	79588	64649
0527	4.204	37.416	1.776	0.56	54.012	11	7	20	79557	64605
0528	3.72	38.064	1.884	0.248	34.48	10	7	20	79581	64643
0529	3.712	37.82	1.92	0.292	176.484	19	16	20	79631	64731
053	3.368	38.584	2.068	0.732	30.144	9	6	20	79588	64685
0530	3.476	38.82	2.144	1.06	113.368	15	13	20	79645	64766
0531	3.292	38.22	2.26	0.348	266.364	18	13	20	79648	64730
0532	4.388	40.98	2.12	0.468	140.4	16	12	20	79608	64720
0533	4.148	39.28	2.108	0.316	118.24000000000001	16	12	20	79634	64719
0534	4.14	39.76	2.084	0.308	141.92000000000002	16	14	20	79596	64718
0535	4.02	42.24	2.284	0.296	217.228	19	13	20	79634	64810
0536	4.196	40.364	1.916	0.568	152.42000000000002	20	16	20	79622	64721
0537	4.008	39.204	2.144	0.328	126.464	19	16	20	79608	64701
0538	3.984	41.34	2.008	0.564	59.392	14	11	20	79591	64714
0539	4.208	39.872	2.036	0.488	106.72	11	8	20	79643	64770
054	4.036	40.384	2.148	0.884	166.59199999999998	17	13	20	79634	64708
0540	3.732	40.932	2.272	0.248	164.288	19	15	20	79602	64684
0541	4.408	40.0	1.968	0.404	98.196	15	12	20	79630	64708
0542	3.98	40.296	2.072	0.408	200.536	14	11	20	79659	64716
0543	3.976	40.112	2.044	0.292	96.632	12	8	20	79604	64765
0544	3.828	40.96	2.072	0.732	145.524	12	10	20	79632	64744
0545	3.964	40.236	2.228	1.072	168.43200000000002	17	13	20	79622	64819
0546	3.904	41.548	2.264	0.408	207.044	17	13	20	79641	64799
0547	4.544	39.4	2.056	0.348	98.612	15	12	20	79558	64698
0548	4.516	40.628	2.1	0.256	65.108	9	6	20	79592	64739
0549	3.916	40.032	2.14	1.624	256.956	14	12	20	79676	64644
055	3.784	40.292	2.236	0.352	93.94800000000001	17	14	20	79586	64724
0550	4.44	41.196	1.968	0.316	163.512	17	15	20	79614	64744
0551	4.168	40.244	1.872	0.552	190.584	19	15	20	79621	64704
0552	3.936	38.644	2.028	0.312	181.816	16	11	20	79640	64730
0553	3.556	39.468	2.112	0.332	96.78399999999999	20	17	20	79579	64742
0554	3.584	39.032	2.104	0.824	108.544	15	12	20	79587	64684
0555	3.932	40.648	2.04	0.604	104.0	10	8	20	79636	64812
0556	3.78	40.808	2.288	0.636	113.99199999999999	16	11	20	79582	64653
0557	4.4	41.184	1.924	1.12	93.58	17	15	20	79626	64751
0558	4.272	37.26	1.756	0.264	36.932	7	3	20	79622	64731
0559	4.288	38.54	1.852	0.36	277.088	18	15	20	79639	64676
056	3.544	37.88	1.924	0.488	106.19200000000001	14	12	20	79613	64741
0560	3.6	37.392	1.924	0.332	152.744	17	15	20	79635	64729
0561	3.432	38.452	2.132	0.248	142.336	15	11	20	79610	64716
0562	3.312	38.9	2.02	0.508	133.968	14	12	20	79613	64788
0563	3.412	39.284	2.172	0.672	107.188	15	13	20	79644	64832
0564	3.9	41.388	2.16	0.336	195.58	17	14	20	79626	64738
0565	4.132	42.168	2.156	0.484	396.284	18	14	20	79643	64802
0566	4.16	41.352	2.208	0.4	108.164	17	13	20	79602	64675
0567	4.264	38.704	1.964	0.916	135.824	18	13	20	79629	64767
0568	3.92	39.068	2.084	1.152	76.356	17	14	20	79591	64737
0569	3.908	39.308	2.196	0.412	199.568	13	9	20	79632	64696
057	3.744	39.344	2.272	0.772	220.584	16	12	20	79632	64758
0570	4.384	39.776	1.868	0.964	134.368	13	9	20	79649	64835
0571	4.012	38.572	2.064	0.336	122.776	13	8	20	79587	64660
0572	3.984	39.636	2.168	0.432	99.044	12	8	20	79609	64705
0573	3.764	39.696	2.044	0.772	104.52799999999999	16	13	20	79613	64756
0574	4.048	42.752	2.312	0.372	156.864	20	16	20	79610	64682
0575	4.36	38.896	1.732	0.252	123.316	15	11	20	79588	64689
0576	3.96	38.816	1.928	0.236	54.028	9	5	20	79606	64612
0577	3.948	38.884	1.996	0.444	164.024	19	15	20	79641	64760
0578	3.888	38.072	2.06	0.304	63.344	14	12	20	79599	64618
0579	3.876	38.532	2.172	0.304	124.372	16	12	20	79601	64736
058	3.328	39.408	2.252	1.2	77.21600000000001	14	11	20	79623	64643
0580	4.304	40.956	1.992	0.312	92.092	14	11	20	79636	64747
0581	4.176	40.092	2.068	0.356	58.468	8	5	20	79645	64826
0582	3.952	40.196	1.956	0.436	58.464	14	12	20	79608	64761
0583	3.736	38.824	2.0	0.316	86.5	16	12	20	79628	64733
0584	3.752	39.108	2.04	0.432	69.124	16	13	20	79589	64722
0585	3.792	40.764	2.104	0.62	79.468	15	13	20	79595	64775
0586	3.968	40.808	1.772	0.392	72.96000000000001	15	9	20	79627	64715
0587	4.06	38.88	1.972	0.32	64.12	14	11	20	79571	64627
0588	4.016	38.024	2.032	0.276	172.94	15	10	20	79613	64745
0589	3.892	39.64	2.072	0.368	120.484	20	16	20	79610	64748
059	3.428	38.108	2.052	0.656	87.676	12	9	20	79606	64679
0590	3.724	40.332	2.108	0.352	133.284	19	17	20	79601	64765
0591	3.592	39.884	2.072	0.376	59.692	19	17	20	79591	64722
0592	4.056	39.268	2.08	0.756	91.03999999999999	19	17	20	79577	64731
0593	4.012	41.224	2.184	0.424	85.096	18	15	20	79551	64678
0594	3.988	41.452	2.176	0.82	134.468	18	14	20	79614	64736
0595	4.148	40.996	2.116	1.244	94.01599999999999	12	8	20	79616	64771
0596	4.188	41.016	2.16	0.348	107.288	17	13	20	79625	64773
0597	3.96	40.812	2.192	0.308	55.576	13	9	20	79563	64686
0598	3.996	39.772	2.028	0.244	118.49199999999999	18	13	20	79618	64738
0599	4.192	39.396	2.112	1.132	35.008	10	6	20	79610	64688
06	4.064	39.548	2.156	0.296	116.524	15	11	20	79627	64706
060	3.936	40.14	2.256	0.348	151.952	15	14	20	79619	64731
0600	4.388	39.664	1.924	0.32	66.376	11	9	20	79607	64680
0601	4.292	37.956	2.088	0.464	95.036	15	11	20	79617	64710
0602	4.296	37.88	2.008	0.52	148.472	9	4	20	79613	64741
0603	3.568	38.952	2.172	0.62	73.088	8	4	20	79636	64756
0604	3.568	41.092	2.22	0.324	89.584	13	8	20	79598	64706
0605	4.376	41.188	2.128	0.404	43.376	11	10	20	79623	64736
0606	4.132	39.056	1.816	0.284	27.184	9	7	20	79611	64814
0607	3.752	38.484	1.996	0.876	188.432	13	8	20	79631	64795
0608	3.944	38.068	1.804	0.232	80.748	18	15	20	79616	64723
0609	4.14	38.892	2.008	0.716	109.468	18	17	20	79616	64727
061	3.936	38.776	1.984	0.312	149.448	19	16	20	79581	64714
0610	3.776	37.708	1.948	0.352	178.10399999999998	19	15	20	79636	64771
0611	3.564	38.88	2.096	0.388	128.768	19	16	20	79592	64743
0612	3.292	38.232	2.192	0.456	65.82	15	12	20	79603	64783
0613	3.792	41.028	2.304	0.58	105.084	15	10	20	79613	64729
0614	4.464	41.924	1.956	0.64	106.844	14	10	20	79620	64757
0615	4.304	40.152	2.052	0.356	143.696	12	7	20	79603	64739
0616	4.204	41.524	2.044	0.332	83.572	15	12	20	79611	64759
0617	3.86	39.832	1.972	0.936	172.492	14	10	20	79657	64724
0618	3.86	38.292	2.008	0.952	48.136	10	8	20	79600	64749
0619	3.852	40.308	2.076	1.384	54.756	13	11	20	79606	64732
062	3.592	39.572	2.148	0.28	121.956	15	12	20	79620	64743
0620	3.948	42.916	1.992	0.316	141.192	17	13	20	79609	64751
0621	4.208	38.98	1.992	0.292	125.98	17	12	20	79596	64720
0622	3.928	38.976	2.008	0.312	129.72	18	15	20	79591	64721
0623	3.808	40.088	2.268	0.536	82.408	10	7	20	79635	64757
0624	3.616	39.492	2.144	0.28	143.316	19	15	20	79641	64709
0625	4.184	42.5	2.164	0.416	187.88400000000001	18	14	20	79642	64711
0626	4.192	41.084	2.028	0.34	111.072	16	12	20	79608	64704
0627	4.16	40.568	1.828	0.32	67.66	9	4	20	79603	64622
0628	3.8	38.876	2.04	0.312	123.284	18	14	20	79602	64701
0629	3.852	39.708	2.048	1.08	102.0	14	10	20	79604	64730
063	3.828	40.232	2.044	0.308	111.876	14	11	20	79600	64776
0630	3.756	40.776	2.16	0.3	50.044	12	10	20	79580	64718
0631	4.004	40.38	2.044	0.28	160.804	20	16	20	79620	64738
0632	3.932	41.996	2.124	0.368	75.352	16	12	20	79607	64734
0633	3.932	40.212	2.144	0.796	168.74	14	9	20	79631	64727
0634	4.008	39.276	1.9	0.348	130.792	18	15	20	79596	64745
0635	3.908	40.04	1.88	0.42	111.00800000000001	14	11	20	79605	64724
0636	3.8	38.004	2.072	1.004	101.00399999999999	16	12	20	79610	64728
0637	3.752	39.312	2.176	0.32	114.712	13	9	20	79631	64710
0638	3.644	41.396	2.192	0.572	79.82	15	12	20	79576	64642
0639	4.168	41.432	2.22	0.784	67.984	14	9	20	79594	64683
064	4.324	41.888	1.9	0.344	72.968	17	15	20	79616	64719
0640	4.264	36.848	1.72	0.24	19.104	7	5	20	79589	64660
0641	4.108	36.516	1.704	0.348	182.152	17	12	20	79619	64752
0642	3.556	35.948	1.94	0.332	146.976	15	10	20	79650	64798
0643	3.484	37.236	1.98	0.312	100.708	14	11	20	79626	64691
0644	3.408	36.596	2.024	0.324	193.088	16	12	20	79630	64745
0645	3.244	37.748	2.192	0.456	57.532	11	8	20	79616	64717
0646	3.256	40.472	2.188	0.808	73.06	12	8	20	79612	64729
0647	4.148	41.98	2.188	0.828	360.964	17	14	20	79623	64800
0648	4.208	41.148	2.188	0.48	156.152	19	14	20	79612	64760
0649	4.18	40.936	1.992	0.416	62.54	11	8	20	79574	64706
065	4.22	40.612	2.1	0.4	23.844	8	7	20	79619	64732
0650	3.84	40.172	2.18	0.368	84.148	12	8	20	79630	64733
0651	3.948	41.68	2.048	0.728	138.548	18	13	20	79592	64518
0652	4.112	38.9	1.984	0.392	152.148	18	15	20	79617	64735
0653	3.752	38.972	2.064	1.388	94.47200000000001	12	8	20	79639	64741
0654	3.764	40.372	2.148	0.692	57.208	10	7	20	79613	64717
0655	3.748	40.356	2.0	0.316	84.012	14	12	20	79589	64708
0656	4.164	42.468	2.112	0.336	124.704	19	15	20	79579	64637
0657	3.816	41.532	2.296	0.292	115.812	19	14	20	79613	64675
0658	4.216	41.368	1.968	1.196	52.28	10	6	20	79574	64577
0659	4.156	40.716	2.048	0.552	75.512	15	10	20	79575	64630
066	4.008	40.352	2.108	0.428	72.216	15	12	20	79609	64734
0660	3.776	41.076	2.184	0.308	90.708	14	13	20	79615	64735
0661	3.88	40.64	1.916	0.296	60.864	12	8	20	79603	64701
0662	4.144	39.78	1.876	0.612	53.364	11	8	20	79609	64686
0663	3.904	38.176	1.896	0.7	136.904	16	13	20	79590	64600
0664	3.752	37.304	2.016	0.316	83.008	17	15	20	79604	64706
0665	3.676	38.376	1.936	0.436	132.852	12	8	20	79643	64625
0666	3.724	40.776	1.864	0.344	172.38	13	10	20	79640	64824
0667	3.464	39.332	2.16	0.376	96.812	12	8	20	79622	64790
0668	3.932	39.892	2.016	0.356	286.828	16	13	20	79613	64684
0669	3.64	39.768	2.12	0.336	113.97200000000001	11	6	20	79615	64736
067	4.012	39.928	2.048	0.344	127.56	16	11	20	79633	64723
0670	4.036	41.772	2.436	0.316	174.548	20	17	20	79600	64752
0671	4.572	39.476	2.092	0.728	158.628	20	16	20	79622	64798
0672	4.4	39.352	2.312	0.64	212.32	17	14	20	79626	64772
0673	4.244	39.148	2.336	0.708	107.476	17	13	20	79605	64623
0674	4.476	40.636	2.04	0.4	81.248	13	9	20	79594	64712
0675	3.964	41.356	2.112	0.412	83.69200000000001	15	12	20	79589	64728
0676	4.008	40.74	2.304	0.576	49.996	8	6	20	79612	64631
0677	4.392	39.684	2.172	0.384	133.688	11	7	20	79629	64710
0678	4.14	37.636	1.74	0.252	217.692	20	16	20	79600	64659
0679	3.932	37.048	1.988	0.856	150.732	17	14	20	79641	64819
068	4.032	37.488	1.832	0.28	120.852	17	13	20	79593	64650
0680	3.856	37.864	2.092	0.428	158.12	20	17	20	79614	64714
0681	3.764	39.196	2.132	0.376	155.372	14	12	20	79605	64737
0682	3.18	37.744	2.228	1.096	137.656	19	15	20	79583	64722
0683	4.4	42.532	2.256	0.348	135.188	19	16	20	79609	64766
0684	4.392	40.768	2.004	0.568	77.428	11	7	20	79595	64602
0685	4.18	40.512	2.088	0.388	92.348	15	10	20	79632	64736
0686	3.98	40.2	2.008	0.288	52.0	11	8	20	79604	64668
0687	3.988	39.632	1.912	0.324	59.112	13	10	20	79601	64714
0688	3.988	39.556	2.092	0.288	84.396	20	15	20	79596	64704
0689	3.86	39.252	2.072	0.488	58.82	7	5	20	79626	64742
069	3.78	39.492	1.88	0.228	78.9	14	10	20	79593	64637
0690	3.756	39.22	1.948	0.48	262.084	18	13	20	79640	64721
0691	3.732	39.924	2.068	0.356	114.2	15	12	20	79627	64891
0692	3.636	39.884	2.012	0.468	72.544	14	12	20	79592	64653
0693	3.744	40.168	2.036	0.3	142.74	13	10	20	79634	64818
0694	3.804	38.168	1.98	0.328	123.516	15	10	20	79604	64724
0695	3.708	39.564	2.1	0.412	99.636	17	14	20	79581	64667
0696	3.904	41.612	2.184	0.34	161.156	19	14	20	79629	64798
0697	4.0	40.484	2.012	0.36	143.152	17	13	20	79624	64726
0698	3.928	42.26	2.14	0.26	98.14	18	14	20	79623	64657
0699	4.204	41.772	2.112	0.368	96.892	12	7	20	79599	64614
07	4.252	38.604	1.98	0.356	138.09199999999998	16	12	20	79646	64742
070	3.784	39.364	2.176	0.436	133.092	15	11	20	79635	64768
0700	3.952	41.448	2.244	1.928	215.148	17	13	20	79600	64597
0701	4.572	38.128	1.828	0.336	185.132	17	12	20	79627	64654
0702	4.644	37.512	2.052	1.048	127.796	20	16	20	79614	64735
0703	4.64	37.952	2.116	0.432	74.596	15	13	20	79607	64660
0704	4.228	37.98	2.18	0.448	40.14	10	8	20	79552	64566
0705	3.656	40.008	2.268	0.368	84.852	17	14	20	79584	64683
0706	4.408	40.736	2.0	0.392	112.75200000000001	16	15	20	79607	64795
0707	4.136	37.804	2.008	0.348	61.0	10	7	20	79561	64694
0708	3.924	38.96	2.14	0.284	73.256	19	17	20	79600	64714
0709	3.76	41.86	2.112	0.448	174.496	18	15	20	79623	64737
071	4.12	39.396	2.144	0.584	67.148	16	13	20	79610	64770
0710	4.056	40.82	2.14	0.3	182.392	18	14	20	79608	64775
0711	3.74	39.46	1.94	0.368	147.352	20	17	20	79592	64728
0712	3.964	38.944	1.968	0.272	72.068	18	14	20	79581	64680
0713	3.856	38.72	2.096	0.304	206.94	19	15	20	79635	64758
0714	3.744	38.676	2.056	0.356	100.44800000000001	16	14	20	79596	64670
0715	3.704	39.432	2.192	0.42	144.66	16	12	20	79602	64733
0716	4.156	42.28	2.324	1.612	164.124	16	12	20	79608	64821
0717	4.464	42.784	2.108	0.848	53.468	10	7	20	79624	64690
0718	4.216	40.96	2.1	0.36	90.064	14	11	20	79636	64752
0719	3.912	41.28	2.064	0.34	97.268	14	11	20	79581	64734
072	4.024	41.64	2.24	0.512	141.068	19	16	20	79646	64752
0720	3.956	40.344	2.12	0.344	104.584	13	9	20	79644	64735
0721	4.148	40.38	1.988	0.408	174.03199999999998	16	11	20	79644	64757
0722	3.936	40.628	2.1	0.448	107.632	19	15	20	79604	64684
0723	3.68	39.548	2.16	0.388	84.008	20	17	20	79586	64670
0724	3.936	40.728	2.076	0.64	61.396	8	5	20	79605	64624
0725	3.864	39.928	2.156	0.696	87.34	14	10	20	79594	64598
0726	4.0	41.356	2.14	0.332	131.024	20	18	20	79616	64752
0727	4.152	41.3	1.98	0.304	53.584	12	10	20	79615	64707
0728	4.14	39.956	2.04	0.332	71.58	12	6	20	79619	64829
0729	3.712	39.216	1.964	0.352	126.544	16	12	20	79619	64701
073	3.804	38.0	1.944	0.612	126.176	19	17	20	79569	64687
0730	3.548	38.428	2.228	1.02	124.66	19	17	20	79617	64756
0731	3.708	40.376	2.056	0.64	253.89600000000002	18	14	20	79636	64677
0732	4.124	41.152	2.008	0.472	131.264	18	15	20	79640	64783
0733	3.968	40.128	2.06	0.896	73.148	11	10	20	79620	64745
0734	3.948	41.312	2.16	0.36	224.168	20	15	20	79623	64705
0735	3.692	40.284	2.28	0.504	196.516	8	4	20	79648	64703
0736	4.472	38.728	2.056	0.564	91.968	14	13	20	79621	64670
0737	4.428	37.932	1.948	0.456	79.288	14	11	20	79591	64661
0738	3.728	38.764	2.18	0.332	205.2	20	15	20	79638	64745
0739	3.544	38.812	2.268	0.408	80.932	13	10	20	79594	64717
074	4.416	43.56	2.292	0.68	95.396	18	15	20	79608	64746
0740	4.356	40.668	1.896	0.436	236.248	12	9	20	79654	64769
0741	4.164	38.484	1.872	0.376	25.544	8	5	20	79561	64615
0742	3.888	38.508	2.072	0.204	268.512	20	15	20	79655	64756
0743	3.772	38.512	1.96	0.356	141.004	18	13	20	79598	64699
0744	3.56	40.632	1.928	0.316	147.128	14	9	20	79631	64771
0745	3.816	39.668	2.068	0.956	97.27199999999999	15	12	20	79591	64734
0746	3.832	38.792	2.22	0.416	120.224	15	13	20	79573	64673
0747	3.908	41.14	2.168	0.564	111.268	12	8	20	79603	64593
0748	4.116	42.692	2.272	0.396	124.0	13	8	20	79617	64697
0749	4.44	39.544	1.912	0.476	49.872	11	8	20	79619	64715
075	4.34	39.6	1.888	0.4	112.884	12	8	20	79625	64733
0750	4.004	38.868	1.924	0.364	117.368	13	8	20	79638	64792
0751	3.764	39.228	2.128	0.396	58.224	11	8	20	79631	64774
0752	3.38	39.672	2.16	0.452	172.96	19	16	20	79611	64767
0753	3.828	39.828	1.98	0.356	48.72	14	11	20	79584	64730
0754	4.132	40.144	2.116	0.392	93.876	19	15	20	79609	64729
0755	3.736	40.136	2.092	0.272	178.176	19	16	20	79607	64717
0756	3.76	39.02	2.136	0.352	52.128	9	6	20	79580	64673
0757	3.712	41.28	1.944	0.432	59.536	11	6	20	79607	64635
0758	4.164	40.244	2.052	0.328	28.208	6	4	20	79622	64820
0759	3.864	42.136	2.06	0.276	166.476	16	14	20	79647	64707
076	3.936	41.188	2.14	0.416	104.12	15	11	20	79592	64672
0760	3.912	41.268	1.896	0.28	119.116	15	13	20	79619	64744
0761	3.964	38.268	1.856	0.852	59.46	7	3	20	79603	64649
0762	3.828	39.2	2.092	0.348	110.792	15	12	20	79615	64702
0763	3.8	39.6	2.18	0.508	31.852	8	6	20	79596	64675
0764	3.62	39.564	2.272	0.576	77.372	15	10	20	79585	64580
0765	4.368	39.76	1.848	0.38	139.508	19	15	20	79607	64626
0766	4.176	40.872	2.176	0.796	144.392	20	16	20	79648	64815
0767	3.936	39.988	1.924	0.68	121.056	13	10	20	79612	64680
0768	3.556	37.868	1.976	0.532	115.976	20	17	20	79574	64546
0769	4.064	38.568	1.94	0.752	109.636	13	10	20	79609	64739
077	4.084	39.996	2.236	0.516	183.44	18	15	20	79625	64783
0770	3.936	39.516	2.216	0.344	114.64	18	14	20	79567	64701
0771	3.84	39.516	2.268	0.524	124.932	15	10	20	79625	64621
0772	4.46	38.916	1.788	0.304	113.312	14	9	20	79639	64715
0773	4.48	38.136	1.908	0.932	60.292	15	12	20	79545	64567
0774	4.024	38.356	1.936	0.22	86.916	14	9	20	79620	64758
0775	3.776	38.14	2.18	0.34	65.928	10	6	20	79597	64720
0776	3.576	39.92	2.048	0.248	162.356	17	14	20	79639	64814
0777	3.336	39.296	2.152	0.312	203.332	10	5	20	79635	64801
0778	4.056	41.28	1.968	0.376	257.336	17	12	20	79655	64791
0779	4.144	39.692	1.836	0.536	50.892	10	8	20	79593	64747
078	3.864	40.764	2.116	1.328	228.38400000000001	15	11	20	79635	64720
0780	3.8	40.02	2.088	0.32	81.94	8	4	20	79610	64724
0781	3.736	38.784	2.088	0.372	56.004	16	13	20	79562	64689
0782	3.752	41.708	2.136	0.332	95.816	14	11	20	79634	64754
0783	4.228	42.272	2.044	0.384	68.05199999999999	12	8	20	79638	64835
0784	4.224	39.516	2.048	0.348	122.372	18	14	20	79608	64691
0785	4.176	39.996	2.044	0.532	115.77199999999999	13	10	20	79652	64785
0786	3.976	40.86	2.06	0.892	139.204	19	16	20	79613	64741
0787	3.756	40.12	2.104	0.488	112.18	12	8	20	79634	64761
0788	3.94	40.66	2.14	0.556	79.38	15	12	20	79585	64679
0789	3.98	41.352	2.148	0.38	235.972	20	16	20	79624	64637
079	4.192	40.912	1.9	0.512	103.156	16	12	20	79594	64654
0790	4.092	39.912	2.052	0.3	58.656	9	6	20	79613	64782
0791	3.904	39.216	1.904	0.3	129.352	19	14	20	79600	64688
0792	3.748	39.416	1.884	0.664	166.53199999999998	16	11	20	79604	64707
0793	3.736	38.536	2.056	0.428	169.964	19	16	20	79570	64634
0794	3.6	40.64	2.164	0.308	188.288	18	13	20	79634	64694
0795	3.604	39.936	2.156	0.628	185.9	15	10	20	79631	64737
0796	4.148	41.62	2.004	0.568	92.912	16	13	20	79577	64689
0797	4.088	41.94	2.268	0.236	57.816	12	8	20	79602	64729
0798	4.396	41.392	2.088	1.568	118.74799999999999	16	14	20	79586	64754
0799	4.128	39.216	1.916	0.34	252.672	19	14	20	79621	64660
08	3.932	39.904	2.012	0.292	106.868	16	11	20	79610	64762
080	3.888	38.808	2.032	0.576	136.044	12	9	20	79616	64781
0800	3.58	38.652	2.268	1.46	42.752	9	7	20	79595	64737
0801	3.576	41.38	2.088	0.744	308.132	19	13	20	79669	64823
0802	4.244	40.528	2.344	0.264	115.64	11	8	20	79596	64671
0803	4.22	40.796	2.3	0.34	94.49199999999999	12	8	20	79614	64689
0804	4.18	41.972	2.292	0.464	134.04	15	13	20	79605	64717
0805	4.156	41.552	2.212	1.328	70.068	8	5	20	79598	64726
0806	4.2	41.424	2.108	0.788	78.05199999999999	9	6	20	79614	64740
0807	4.192	40.572	2.1	0.448	85.048	18	14	20	79582	64678
0808	4.012	41.068	2.192	0.468	139.188	19	15	20	79622	64784
0809	3.932	41.9	2.148	0.304	83.78399999999999	20	17	20	79575	64601
081	4.068	40.612	1.928	0.436	41.8	14	11	20	79563	64654
0810	3.944	39.812	2.028	0.456	74.268	11	8	20	79620	64797
0811	4.156	38.792	2.056	0.58	148.424	15	11	20	79606	64750
0812	3.744	39.464	2.052	0.352	156.732	20	16	20	79602	64769
0813	3.6	41.232	2.112	0.344	127.992	14	10	20	79640	64695
0814	4.14	40.488	2.108	0.5	138.3	20	16	20	79613	64709
0815	3.964	39.888	2.076	0.308	45.196	11	8	20	79597	64749
0816	3.696	40.108	2.048	0.46	156.164	17	12	20	79641	64755
0817	3.98	40.056	2.164	1.328	162.364	10	5	20	79629	64682
0818	3.884	40.208	2.328	0.608	109.884	13	8	20	79611	64655
0819	4.512	42.276	2.148	0.68	105.824	16	13	20	79608	64704
082	4.096	41.6	2.148	0.632	140.6	17	15	20	79617	64783
0820	3.956	39.684	1.976	1.78	91.29599999999999	15	12	20	79588	64687
0821	3.788	39.272	2.124	0.672	53.356	8	6	20	79626	64781
0822	3.98	40.868	2.036	0.276	101.924	15	11	20	79604	64770
0823	4.008	41.04	2.004	0.476	102.244	13	11	20	79593	64671
0824	4.104	39.364	1.936	0.62	103.596	18	14	20	79606	64712
0825	3.972	39.452	1.964	0.272	130.356	18	15	20	79601	64702
0826	3.732	38.644	1.916	0.336	160.144	18	13	20	79596	64713
0827	3.576	37.776	2.128	0.512	169.94	19	15	20	79607	64739
0828	3.704	40.7	2.212	0.404	173.76	14	9	20	79618	64708
0829	4.2	41.236	2.128	0.308	81.348	14	9	20	79641	64807
083	4.16	41.596	2.056	0.448	125.208	17	14	20	79610	64759
0830	3.924	41.128	2.156	0.296	105.49600000000001	15	11	20	79634	64735
0831	4.156	41.112	2.176	0.34	50.532	13	9	20	79620	64704
0832	4.116	40.52	2.068	0.568	55.9	11	7	20	79615	64691
0833	3.948	40.34	1.996	0.608	169.9	15	10	20	79644	64831
0834	3.96	40.204	1.836	0.308	239.088	19	15	20	79631	64761
0835	3.876	38.196	2.072	0.384	188.44	16	10	20	79619	64792
0836	3.592	39.156	1.976	1.028	114.8	14	10	20	79573	64625
0837	3.652	39.54	2.144	0.312	45.1	9	6	20	79591	64721
0838	3.784	38.988	2.008	0.5	148.084	16	13	20	79618	64761
0839	3.672	39.568	2.228	0.408	86.66	11	7	20	79601	64739
084	3.648	41.48	2.256	0.432	137.656	19	17	20	79640	64772
0840	4.392	42.816	2.372	0.368	161.572	17	12	20	79616	64756
0841	4.424	40.352	2.156	0.416	223.34	20	15	20	79634	64733
0842	4.152	39.964	1.952	0.312	197.228	17	14	20	79647	64785
0843	3.928	41.396	2.116	0.224	170.94	15	11	20	79643	64804
0844	3.82	40.916	2.124	0.436	131.38400000000001	18	15	20	79626	64640
0845	3.92	40.524	2.084	0.372	135.16	17	14	20	79621	64764
0846	3.928	39.952	2.16	0.46	115.98400000000001	13	8	20	79634	64727
0847	3.86	41.844	2.3	1.352	58.876	10	7	20	79597	64643
0848	4.368	43.092	2.016	0.784	94.592	12	9	20	79576	64716
0849	4.028	40.548	1.872	0.32	125.536	19	17	20	79592	64779
085	4.136	37.212	1.8	0.224	129.132	16	13	20	79613	64669
0850	3.924	36.884	1.84	0.388	119.24000000000001	19	15	20	79597	64711
0851	3.84	38.064	1.964	0.504	98.324	14	10	20	79596	64754
0852	3.516	37.304	1.988	0.308	126.312	10	7	20	79654	64754
0853	3.252	37.984	2.176	0.316	229.66	13	11	20	79638	64737
0854	3.264	39.136	2.144	0.412	141.796	18	15	20	79581	64773
0855	4.136	41.724	2.268	0.388	108.73599999999999	12	8	20	79603	64721
0856	4.508	39.308	1.868	0.312	47.456	14	12	20	79578	64730
0857	4.508	39.416	1.992	0.388	119.572	19	15	20	79603	64688
0858	3.864	39.444	2.104	0.328	102.756	17	12	20	79636	64773
0859	3.672	38.896	2.164	0.372	138.62	16	14	20	79616	64711
086	3.572	40.224	2.228	0.496	57.904	17	14	20	79582	64660
0860	4.236	41.112	2.096	0.472	124.08	13	9	20	79638	64768
0861	4.176	39.536	2.176	0.464	193.524	18	15	20	79650	64673
0862	3.948	40.416	2.076	0.776	252.728	18	13	20	79633	64615
0863	4.196	40.668	2.02	0.692	142.56	17	12	20	79615	64758
0864	4.14	40.076	2.06	1.128	125.312	18	15	20	79621	64746
0865	4.12	40.956	2.176	0.336	207.56	19	14	20	79589	64657
0866	4.12	39.664	2.204	0.612	58.9	10	6	20	79571	64660
0867	3.936	42.932	2.16	0.432	130.304	16	11	20	79622	64724
0868	4.112	41.188	2.14	0.432	166.276	20	16	20	79612	64763
0869	4.236	41.368	2.136	0.316	89.804	12	8	20	79622	64750
087	4.188	40.092	2.076	0.4	166.46800000000002	10	6	20	79630	64769
0870	3.992	40.792	2.188	0.368	140.612	15	11	20	79591	64714
0871	3.94	40.984	2.284	1.5	46.408	11	8	20	79601	64708
0872	4.376	41.068	1.968	0.284	172.692	17	14	20	79618	64778
0873	4.156	39.28	1.924	0.38	191.244	15	9	20	79641	64776
0874	3.976	38.884	2.104	1.004	77.06	13	10	20	79580	64698
0875	3.632	40.228	2.048	0.412	193.556	18	13	20	79614	64713
0876	3.604	38.724	2.08	1.432	104.468	18	16	20	79567	64680
0877	3.804	42.796	2.38	0.576	147.152	15	13	20	79603	64694
0878	4.36	40.76	1.956	0.852	49.572	11	10	20	79609	64738
0879	4.188	41.148	2.236	1.172	52.904	10	8	20	79583	64689
088	3.832	40.332	2.16	0.972	117.52000000000001	15	12	20	79616	64762
0880	4.2	40.852	2.12	0.292	71.112	16	13	20	79579	64711
0881	4.156	38.988	1.968	0.248	148.972	14	11	20	79619	64698
0882	3.98	40.692	2.092	0.264	152.04	12	8	20	79616	64762
0883	4.088	38.648	2.08	0.544	212.224	16	12	20	79630	64705
0884	3.896	38.04	2.108	1.4	73.53999999999999	12	8	20	79621	64737
0885	3.748	41.724	2.124	0.368	142.5	18	13	20	79623	64758
0886	3.952	38.752	2.076	0.38	178.3	18	15	20	79622	64750
0887	3.796	40.624	2.172	0.352	101.212	17	13	20	79597	64656
0888	3.976	41.452	2.156	0.396	211.576	15	10	20	79610	64683
0889	4.148	43.132	2.392	0.748	135.04	18	16	20	79625	64753
089	4.448	41.256	2.016	0.356	202.344	18	16	20	79632	64663
0890	4.008	41.212	2.052	0.26	82.48400000000001	13	11	20	79600	64620
0891	4.032	39.708	1.9	0.252	157.52	13	9	20	79644	64820
0892	4.02	40.676	1.984	0.268	137.26	18	14	20	79607	64694
0893	3.852	38.928	2.168	1.016	85.888	13	10	20	79602	64695
0894	3.808	40.116	2.256	0.4	55.036	12	9	20	79588	64728
0895	4.352	40.968	1.94	0.328	142.32	18	14	20	79624	64688
0896	4.2	41.432	2.052	1.148	65.076	11	9	20	79619	64737
0897	3.876	39.728	2.152	0.288	114.55199999999999	17	14	20	79626	64760
0898	3.956	41.128	1.98	0.536	122.664	16	12	20	79613	64745
0899	4.22	39.796	1.832	0.336	36.248	12	8	20	79577	64706
09	3.888	39.984	2.0	0.672	254.996	17	15	20	79643	64771
090	3.82	39.12	2.22	0.424	79.596	13	9	20	79644	64747
0900	4.02	38.524	2.072	0.312	89.88	11	8	20	79603	64669
0901	3.436	39.112	2.14	0.392	59.8	18	15	20	79575	64616
0902	4.2	40.42	2.068	0.456	69.03999999999999	14	12	20	79574	64587
0903	4.132	39.4	1.892	0.508	94.904	17	13	20	79634	64723
0904	4.132	40.696	1.968	0.428	176.216	18	15	20	79636	64757
0905	4.004	39.428	1.964	0.572	140.132	17	12	20	79643	64801
0906	3.784	38.96	1.944	0.316	254.956	19	15	20	79607	64710
0907	3.964	41.24	1.932	0.7	280.31600000000003	17	13	20	79643	64727
0908	3.664	39.78	2.144	0.356	117.256	17	13	20	79613	64664
0909	3.852	42.748	2.208	0.42	128.988	17	14	20	79606	64647
091	4.272	41.38	2.256	0.376	125.856	20	17	20	79598	64719
0910	4.344	39.78	1.884	0.26	103.1	18	15	20	79599	64725
0911	3.952	38.712	2.08	0.304	209.964	16	11	20	79644	64779
0912	4.088	39.8	2.18	0.384	125.848	15	11	20	79638	64696
0913	3.816	39.56	2.312	0.396	67.576	11	9	20	79633	64790
0914	4.42	41.348	2.164	0.5	183.704	18	13	20	79617	64673
0915	4.184	40.808	1.976	0.72	49.072	10	7	20	79587	64718
0916	4.156	40.856	1.996	0.388	145.316	18	16	20	79665	64766
0917	4.048	39.46	1.984	0.852	155.684	12	8	20	79635	64769
0918	3.808	40.408	2.08	0.348	112.47200000000001	15	10	20	79628	64792
0919	3.78	40.7	2.072	1.32	94.20400000000001	20	17	20	79575	64668
092	3.928	39.596	2.076	0.388	104.36	13	9	20	79608	64698
0920	3.788	42.22	2.264	0.408	129.872	18	13	20	79630	64743
0921	4.428	41.736	1.912	0.98	51.34	15	13	20	79574	64699
0922	4.16	39.332	1.764	0.252	186.0	15	13	20	79642	64776
0923	3.868	37.64	2.036	0.412	50.864	11	9	20	79591	64709
0924	3.952	37.828	2.024	0.256	188.424	18	15	20	79612	64730
0925	3.836	37.244	1.94	0.344	109.28399999999999	15	11	20	79603	64749
0926	3.46	38.772	2.028	0.344	55.56	9	6	20	79606	64747
0927	3.376	39.656	2.144	0.356	217.988	18	13	20	79642	64748
0928	3.776	40.464	2.096	0.364	174.888	15	10	20	79600	64757
0929	4.08	41.868	2.216	0.416	143.94	18	13	20	79629	64627
093	4.0	42.072	2.2	0.304	98.352	16	12	20	79622	64757
0930	4.164	42.592	2.152	0.392	103.096	10	5	20	79627	64613
0931	3.928	43.3	2.212	0.392	48.872	9	6	20	79588	64688
0932	4.24	41.244	1.928	0.312	154.644	17	14	20	79628	64694
0933	4.088	39.28	1.988	0.364	162.55599999999998	14	9	20	79649	64742
0934	3.824	39.696	1.84	0.304	191.444	19	18	20	79644	64810
0935	3.98	37.224	1.864	0.628	90.276	14	12	20	79620	64646
0936	3.928	39.008	1.88	0.376	123.756	18	15	20	79587	64703
0937	3.672	38.352	2.104	0.276	148.216	16	12	20	79626	64799
0938	3.496	38.052	2.164	0.356	93.636	14	12	20	79594	64696
0939	3.252	38.26	2.288	0.984	257.196	19	14	20	79656	64830
094	4.436	40.096	1.932	0.384	36.848	7	5	20	79635	64678
0940	4.328	39.568	2.108	0.356	32.972	12	7	20	79588	64728
0941	4.232	38.84	2.012	0.252	61.556	16	14	20	79582	64739
0942	3.804	39.42	1.896	0.248	136.56	18	15	20	79572	64737
0943	3.432	38.972	2.104	0.3	52.056	14	11	20	79583	64697
0944	3.796	39.432	1.884	0.268	71.656	12	9	20	79586	64711
0945	3.768	39.556	2.088	0.416	232.448	18	13	20	79652	64761
0946	3.956	38.988	2.068	1.04	111.988	16	13	20	79622	64783
0947	3.632	39.324	2.064	0.38	224.7	18	14	20	79611	64728
0948	3.96	41.848	2.188	0.336	80.58	11	7	20	79628	64732
0949	3.92	42.084	2.216	0.356	39.988	12	8	20	79571	64651
095	4.244	40.152	2.1	0.352	119.608	15	12	20	79593	64663
0950	4.3	41.668	1.98	0.256	122.524	19	15	20	79604	64704
0951	3.736	39.172	2.028	0.34	123.832	15	12	20	79581	64656
0952	3.836	39.432	2.076	0.388	96.01599999999999	17	13	20	79561	64668
0953	3.96	39.876	2.18	0.424	56.792	13	9	20	79596	64704
0954	3.792	42.148	2.296	0.888	160.296	19	15	20	79640	64773
0955	4.448	36.668	1.728	0.624	148.436	18	14	20	79626	64775
0956	4.404	37.092	1.908	0.34	121.744	18	13	20	79602	64708
0957	4.508	37.808	1.848	0.4	209.028	15	12	20	79678	64805
0958	3.692	37.552	1.972	0.328	122.088	15	11	20	79606	64768
0959	3.616	36.876	1.968	0.552	132.976	19	16	20	79577	64634
096	3.264	37.684	2.196	0.676	188.48	20	16	20	79630	64788
0960	3.116	38.816	2.248	0.468	121.728	15	12	20	79629	64760
0961	4.392	42.7	2.276	0.344	137.376	16	12	20	79609	64738
0962	4.38	39.928	1.856	0.328	71.976	11	9	20	79605	64612
0963	4.16	39.12	1.964	0.592	107.792	16	11	20	79623	64714
0964	3.868	38.452	2.184	0.908	113.94	12	8	20	79620	64760
0965	3.968	37.716	2.016	0.512	129.184	19	16	20	79594	64652
0966	3.48	38.904	2.272	0.452	139.796	19	15	20	79609	64751
0967	4.336	39.032	2.112	0.416	111.28	15	12	20	79603	64613
0968	4.352	40.392	2.156	0.364	191.304	17	14	20	79621	64721
0969	3.98	40.756	2.072	0.612	109.196	15	11	20	79615	64649
097	4.172	40.14	2.064	0.54	91.532	19	15	20	79610	64786
0970	3.776	40.672	2.064	0.384	77.776	10	6	20	79642	64794
0971	4.168	41.268	2.048	0.296	21.936	6	4	20	79623	64700
0972	3.956	40.008	2.1	0.336	113.212	19	14	20	79611	64762
0973	3.732	41.204	2.064	0.22	120.06	20	16	20	79579	64735
0974	4.028	41.028	1.92	0.872	63.476	15	13	20	79574	64728
0975	3.96	39.012	1.952	0.3	42.276	9	7	20	79627	64695
0976	3.964	38.588	2.052	1.132	89.696	12	8	20	79639	64822
0977	3.536	39.5	2.116	0.492	137.792	20	17	20	79596	64710
0978	3.408	39.32	2.164	0.944	73.424	8	4	20	79607	64751
0979	4.036	41.028	1.852	0.464	118.97200000000001	16	11	20	79615	64723
098	4.192	38.736	1.956	0.352	86.476	14	12	20	79587	64677
0980	3.836	38.968	2.08	0.32	64.80799999999999	14	11	20	79569	64636
0981	3.864	39.736	2.08	0.368	117.21600000000001	19	15	20	79632	64777
0982	3.544	41.156	2.072	0.268	170.14	17	13	20	79647	64710
0983	4.136	39.796	2.104	0.236	262.252	19	16	20	79634	64782
0984	3.924	39.712	2.252	0.692	201.096	18	14	20	79600	64752
0985	4.304	39.472	1.88	0.284	71.312	17	12	20	79557	64572
0986	4.212	39.248	1.96	0.336	121.168	16	12	20	79624	64773
0987	3.796	39.912	2.056	0.336	72.492	10	7	20	79622	64720
0988	3.628	41.388	2.172	0.424	63.236	12	9	20	79619	64692
0989	4.024	42.072	2.208	0.432	153.772	14	10	20	79618	64713
099	4.368	39.696	1.884	0.272	80.424	10	8	20	79606	64659
0990	4.176	37.816	2.084	0.432	119.564	19	15	20	79610	64716
0991	4.376	38.864	1.948	1.588	79.312	19	15	20	79547	64674
0992	4.156	39.604	2.152	1.592	162.288	20	16	20	79634	64815
0993	3.672	41.404	2.184	0.404	149.684	19	15	20	79659	64814
0994	4.164	42.432	2.28	0.548	119.584	16	13	20	79603	64690
0995	4.376	40.42	1.868	0.648	82.184	12	9	20	79628	64715
0996	4.228	39.396	2.012	0.308	54.484	17	15	20	79528	64611
0997	3.956	38.856	2.064	0.344	83.924	17	16	20	79626	64766
0998	3.668	38.904	2.124	0.412	89.476	20	17	20	79601	64728
0999	3.764	42.216	1.732	0.264	38.904	9	5	20	79589	64701
