01	5.784	34.712	2.604	0.324	132.108	18	14	20	78180	63453
010	5.752	34.472	2.552	0.748	77.208	18	16	20	78149	63329
0100	5.764	34.716	2.66	0.732	59.944	9	4	20	78151	63387
01000	5.728	34.196	2.444	0.424	106.176	20	15	20	78161	63112
0101	5.808	34.668	2.676	0.284	137.752	18	14	20	78178	63369
0102	5.804	34.696	2.656	0.272	145.192	18	14	20	78171	63388
0103	5.82	34.692	2.624	1.164	113.50399999999999	19	15	20	78164	63345
0104	5.8	34.816	2.532	0.392	98.072	19	15	20	78158	63276
0105	4.344	40.172	1.84	0.992	95.77199999999999	16	13	20	78160	63406
0106	3.956	39.436	1.948	0.244	129.64	14	10	20	78199	63293
0107	3.852	38.108	1.776	0.256	41.8	13	11	20	78158	63387
0108	3.744	38.596	1.808	0.308	153.0	18	16	20	78181	63334
0109	3.72	37.88	1.852	0.464	106.132	20	18	20	78152	63344
011	3.616	38.192	2.064	0.552	125.748	16	12	20	78190	63305
0110	3.3	38.136	2.116	0.476	165.98	18	16	20	78183	63364
0111	3.316	39.056	2.248	0.28	164.03199999999998	15	12	20	78215	63431
0112	4.192	40.18	2.148	0.756	94.28399999999999	16	11	20	78166	63348
0113	4.096	40.184	2.252	0.448	119.852	19	15	20	78194	63458
0114	4.188	40.008	2.228	0.56	132.964	17	15	20	78203	63407
0115	4.04	39.652	2.068	1.24	124.044	20	16	20	78157	63406
0116	4.208	38.532	1.972	0.416	77.884	14	9	20	78196	63414
0117	4.152	38.692	1.9	0.352	63.592	16	11	20	78167	63372
0118	3.64	38.592	1.948	0.44	57.848	10	9	20	78171	63423
0119	3.564	40.096	2.06	0.368	78.084	15	11	20	78152	63330
012	3.82	39.824	2.128	0.288	59.136	8	4	20	78177	63319
0120	3.692	40.232	2.128	0.348	132.664	17	13	20	78199	63286
0121	4.04	39.92	1.88	0.416	121.556	15	10	20	78213	63482
0122	4.04	36.712	1.756	0.732	75.716	9	4	20	78189	63281
0123	3.98	38.172	1.992	0.3	54.268	8	4	20	78186	63456
0124	3.82	37.4	2.064	0.276	72.536	18	13	20	78186	63402
0125	3.9	37.296	1.924	0.308	96.732	17	14	20	78176	63282
0126	3.352	38.66	2.132	0.368	145.88400000000001	18	14	20	78209	63386
0127	3.476	41.172	2.224	0.924	145.228	14	9	20	78214	63431
0128	4.288	38.388	1.788	0.36	147.056	16	13	20	78199	63408
0129	4.088	38.02	1.836	0.28	292.736	19	15	20	78202	63352
013	3.828	37.664	1.968	0.352	99.44800000000001	20	15	20	78171	63371
0130	3.724	38.324	2.092	0.308	81.852	15	11	20	78193	63354
0131	3.516	39.264	2.148	0.692	109.384	9	6	20	78216	63427
0132	3.52	40.024	2.252	0.364	118.152	14	13	20	78211	63439
0133	4.324	41.056	2.016	0.308	108.68	13	11	20	78213	63417
0134	4.04	40.692	2.044	0.392	107.432	10	6	20	78183	63405
0135	3.896	39.204	2.108	0.416	212.82	17	12	20	78205	63423
0136	3.708	39.532	2.04	0.288	54.964	11	8	20	78176	63357
0137	3.756	39.264	2.076	0.328	136.98	19	17	20	78156	63388
0138	3.872	39.8	2.184	0.648	82.7	13	9	20	78167	63348
0139	3.908	39.96	2.232	0.372	132.792	16	11	20	78198	63395
014	4.284	39.912	2.036	0.408	90.0	13	9	20	78214	63467
0140	4.1	39.824	2.148	0.704	60.404	11	8	20	78162	63420
0141	3.832	39.44	2.132	0.248	159.212	18	15	20	78186	63311
0142	4.12	41.848	2.044	0.348	47.772	13	11	20	78188	63451
0143	4.092	40.568	1.996	0.376	102.25200000000001	12	8	20	78202	63351
0144	3.856	37.936	1.86	1.404	177.784	19	15	20	78184	63480
0145	3.76	37.62	2.056	0.492	49.128	11	7	20	78172	63334
0146	3.876	37.544	1.936	0.516	145.208	17	13	20	78186	63427
0147	3.58	38.484	2.168	0.436	222.96	19	14	20	78201	63494
0148	3.724	37.952	2.004	0.468	24.64	6	4	20	78156	63374
0149	3.636	39.096	2.236	0.34	257.544	19	14	20	78227	63373
015	4.276	39.3	1.972	0.292	106.72	12	8	20	78210	63423
0150	4.252	38.68	1.992	0.248	37.408	10	5	20	78182	63422
0151	3.852	36.788	2.092	0.48	137.12	19	16	20	78185	63253
0152	3.744	39.64	2.272	0.568	189.1	17	12	20	78217	63399
0153	4.332	40.86	2.032	0.524	282.224	17	15	20	78209	63409
0154	4.164	39.54	2.176	0.556	160.948	18	15	20	78218	63439
0155	3.86	39.528	2.132	0.476	35.796	9	6	20	78170	63401
0156	4.152	40.272	2.08	0.376	93.708	17	16	20	78175	63406
0157	4.088	40.48	2.088	0.376	216.436	16	12	20	78203	63369
0158	3.936	39.384	2.124	0.264	40.892	9	5	20	78187	63321
0159	3.856	40.28	2.276	0.324	83.316	18	15	20	78195	63460
016	4.316	40.476	1.856	0.364	82.78	16	14	20	78165	63348
0160	4.196	39.652	2.06	0.448	106.00800000000001	16	13	20	78167	63395
0161	3.828	39.512	1.928	0.276	106.02799999999999	17	12	20	78193	63382
0162	3.636	39.092	1.996	1.0	67.98	16	13	20	78156	63354
0163	3.76	38.648	2.136	0.5	136.028	12	8	20	78186	63388
0164	3.848	42.028	2.156	0.368	128.868	14	11	20	78220	63494
0165	4.108	40.532	1.892	1.42	121.392	19	16	20	78174	63435
0166	4.036	38.62	1.992	0.88	126.548	20	16	20	78158	63432
0167	3.76	37.884	1.948	0.516	89.092	12	8	20	78203	63502
0168	3.82	38.884	1.904	0.332	88.55199999999999	14	10	20	78175	63425
0169	3.724	40.476	2.196	0.372	197.42000000000002	20	17	20	78212	63378
017	3.476	39.436	2.132	0.36	59.18	12	9	20	78146	63342
0170	4.12	41.296	2.132	0.364	281.08	18	14	20	78252	63358
0171	4.056	39.672	1.964	0.444	74.096	11	7	20	78195	63384
0172	4.088	36.248	1.84	0.344	92.844	13	9	20	78186	63378
0173	4.072	36.484	1.92	0.388	81.768	15	11	20	78141	63360
0174	3.588	38.072	2.012	0.308	337.352	17	13	20	78237	63522
0175	3.392	37.104	2.156	0.344	94.924	15	13	20	78163	63414
0176	3.468	39.76	2.296	0.508	189.672	9	4	20	78188	63354
0177	4.32	41.02	2.068	0.244	175.504	16	11	20	78204	63490
0178	4.096	39.38	1.996	0.348	226.664	15	10	20	78226	63428
0179	3.944	37.86	2.076	0.32	113.98400000000001	12	7	20	78199	63400
018	3.928	39.196	1.996	0.276	220.38400000000001	19	15	20	78207	63476
0180	3.616	38.796	2.272	0.452	102.416	20	15	20	78169	63406
0181	4.34	39.84	1.888	0.344	67.76	15	11	20	78159	63462
0182	4.092	39.564	1.936	0.408	74.856	9	4	20	78198	63357
0183	3.664	38.244	2.064	0.336	62.844	12	10	20	78148	63318
0184	3.656	38.892	2.152	0.968	133.912	18	14	20	78159	63422
0185	3.544	39.384	2.232	0.36	49.316	10	6	20	78177	63325
0186	4.372	36.908	1.636	0.584	92.632	17	13	20	78154	63388
0187	4.328	37.476	1.68	0.244	59.236	13	11	20	78168	63249
0188	3.824	35.988	1.796	1.052	284.488	12	8	20	78235	63539
0189	3.624	36.476	1.996	0.784	104.332	14	11	20	78170	63291
019	3.596	36.2	2.1	0.412	152.16	18	14	20	78193	63340
0190	3.228	36.68	2.168	0.528	108.00800000000001	17	13	20	78192	63401
0191	3.14	36.436	2.232	0.448	90.056	14	11	20	78179	63416
0192	4.288	41.244	2.056	0.4	107.916	18	14	20	78187	63453
0193	4.104	40.544	2.172	0.392	237.0	10	5	20	78188	63403
0194	3.88	39.6	1.9	0.356	134.824	14	10	20	78205	63355
0195	4.136	38.708	2.06	0.98	192.312	20	16	20	78185	63442
0196	3.892	38.796	2.116	0.516	77.604	14	10	20	78182	63371
0197	3.688	39.848	2.164	0.328	89.648	16	14	20	78152	63338
0198	4.044	41.156	2.136	0.556	63.26	18	14	20	78136	63363
0199	4.112	40.592	2.136	0.436	81.336	16	12	20	78173	63454
02	4.04	39.48	1.836	0.34	125.624	11	6	20	78203	63369
020	4.028	37.08	1.936	0.324	116.032	18	13	20	78206	63418
0200	3.756	37.136	2.032	0.304	148.488	17	12	20	78200	63405
0201	3.668	37.496	2.032	0.308	176.888	20	17	20	78230	63435
0202	3.388	36.576	2.28	0.368	141.212	18	15	20	78196	63413
0203	4.456	38.048	2.084	0.316	32.728	7	5	20	78162	63304
0204	4.484	38.34	2.148	0.264	166.356	17	13	20	78202	63419
0205	3.66	38.836	2.24	0.304	83.056	20	16	20	78129	63303
0206	4.36	40.156	1.976	0.344	89.724	13	9	20	78211	63478
0207	4.072	37.664	2.036	0.6	76.776	16	14	20	78193	63314
0208	3.672	38.512	2.22	0.404	69.524	12	8	20	78180	63357
0209	3.712	39.972	1.96	0.32	107.1	19	14	20	78170	63467
021	4.088	39.22	1.936	0.4	105.0	13	9	20	78188	63284
0210	3.9	38.988	2.116	0.344	167.892	20	17	20	78196	63415
0211	3.528	40.292	2.016	0.668	150.852	19	15	20	78168	63215
0212	4.084	37.38	1.908	0.284	79.124	15	12	20	78198	63328
0213	3.828	36.756	1.896	0.556	133.11599999999999	18	15	20	78178	63221
0214	3.96	38.78	2.34	0.308	189.696	19	17	20	78181	63336
0215	3.98	38.356	2.264	0.364	219.672	20	16	20	78231	63467
0216	4.272	39.94	2.112	0.308	149.4	16	12	20	78197	63412
0217	4.084	39.928	2.1	0.352	106.16	18	14	20	78164	63429
0218	4.044	40.656	2.052	0.308	208.39600000000002	14	9	20	78215	63356
0219	4.104	38.06	2.0	0.388	125.776	12	9	20	78188	63455
022	3.768	39.308	2.124	0.496	85.836	13	10	20	78176	63424
0220	3.888	40.356	2.256	0.464	42.916	6	4	20	78186	63400
0221	4.324	39.308	1.872	0.284	84.332	18	15	20	78159	63346
0222	4.108	39.324	1.872	0.412	140.728	8	3	20	78219	63405
0223	4.004	37.072	1.892	0.344	77.408	11	7	20	78168	63372
0224	4.016	37.912	2.176	0.384	69.536	11	7	20	78168	63352
0225	3.748	37.18	2.124	0.332	61.728	13	12	20	78178	63318
0226	3.476	39.22	2.148	0.312	177.296	16	12	20	78194	63363
0227	4.076	41.412	2.092	0.944	28.512	10	9	20	78167	63254
0228	4.072	38.124	1.76	0.364	120.672	15	10	20	78189	63479
0229	4.192	37.32	1.832	0.48	63.824	12	8	20	78200	63477
023	4.04	37.068	1.88	0.376	124.276	16	11	20	78197	63364
0230	3.52	37.76	1.948	0.38	115.132	14	10	20	78184	63409
0231	3.336	36.592	2.028	0.264	106.25999999999999	13	11	20	78192	63505
0232	3.24	38.388	2.14	0.38	58.492	19	15	20	78137	63386
0233	3.7	40.872	2.168	0.376	77.34	17	15	20	78186	63150
0234	4.324	39.712	1.992	0.292	189.64	17	13	20	78215	63330
0235	4.212	38.432	1.92	0.9	148.952	15	11	20	78193	63408
0236	4.152	38.528	1.84	0.22	126.624	14	12	20	78169	63369
0237	3.748	35.948	1.804	0.54	71.712	17	14	20	78157	63280
0238	3.688	36.88	1.988	0.4	99.688	19	16	20	78175	63366
0239	3.32	37.5	2.116	0.26	102.768	13	10	20	78194	63391
024	3.32	37.08	2.14	0.316	72.156	15	11	20	78186	63441
0240	3.336	38.98	2.256	0.396	65.8	19	15	20	78136	63408
0241	4.336	39.048	1.752	1.028	130.512	16	13	20	78185	63365
0242	4.112	37.6	1.78	0.328	132.404	16	12	20	78212	63391
0243	4.08	36.948	1.848	0.248	103.968	16	12	20	78164	63434
0244	3.46	36.56	1.884	0.28	124.88	12	8	20	78211	63339
0245	3.548	37.784	1.86	0.256	132.92	18	13	20	78209	63424
0246	3.28	38.0	2.04	0.448	240.296	19	14	20	78223	63393
0247	3.204	37.808	2.136	0.664	315.016	20	17	20	78226	63503
0248	3.304	39.932	2.232	1.056	39.284	7	4	20	78182	63352
0249	4.36	38.724	1.928	0.396	129.084	13	9	20	78210	63501
025	4.12	36.792	1.884	1.252	128.024	16	13	20	78186	63310
0250	3.836	38.56	1.96	0.296	111.108	20	16	20	78180	63370
0251	3.692	38.72	2.056	0.44	134.932	14	12	20	78215	63401
0252	3.352	38.236	2.148	0.392	71.412	10	8	20	78185	63451
0253	3.672	40.948	2.24	0.396	147.128	20	17	20	78218	63516
0254	4.336	38.244	1.852	0.244	116.592	12	9	20	78180	63398
0255	4.06	36.704	1.82	0.332	88.904	18	15	20	78191	63402
0256	3.832	36.548	1.98	0.328	46.136	11	7	20	78172	63405
0257	3.824	36.968	2.064	0.808	133.508	20	16	20	78197	63363
0258	3.38	37.352	2.172	0.368	233.416	18	15	20	78241	63522
0259	3.644	40.588	1.948	0.716	172.512	19	17	20	78208	63340
026	4.036	39.68	2.128	0.58	113.488	12	9	20	78178	63377
0260	4.164	39.62	2.124	0.548	142.88400000000001	19	15	20	78176	63327
0261	3.824	39.604	1.992	0.508	68.5	11	8	20	78202	63442
0262	3.936	39.512	2.148	0.436	64.384	8	6	20	78210	63423
0263	4.052	40.936	2.152	0.304	25.984	6	4	20	78183	63290
0264	4.096	40.872	2.04	0.316	63.224000000000004	14	11	20	78165	63368
0265	4.052	38.624	1.864	0.332	111.712	19	15	20	78159	63222
0266	3.672	38.608	1.868	0.268	162.716	17	15	20	78214	63450
0267	3.876	38.0	1.904	0.312	242.152	18	14	20	78233	63439
0268	3.648	38.324	1.844	0.364	103.544	17	13	20	78178	63338
0269	3.644	38.588	1.972	0.352	173.916	16	13	20	78189	63405
027	3.536	38.32	1.948	0.816	73.656	8	5	20	78191	63440
0270	3.604	39.168	2.176	0.372	230.64	16	12	20	78215	63425
0271	3.492	39.088	2.256	0.716	118.288	15	11	20	78189	63380
0272	4.34	40.16	2.06	0.32	193.936	12	9	20	78207	63480
0273	4.08	39.96	2.212	0.348	82.648	14	11	20	78193	63399
0274	3.888	41.02	2.164	0.36	118.76400000000001	15	12	20	78160	63340
0275	4.104	40.992	2.048	0.344	37.66	9	4	20	78179	63384
0276	4.076	40.276	2.104	0.336	107.404	18	15	20	78182	63466
0277	3.892	39.96	1.872	0.356	26.488	5	4	20	78211	63331
0278	4.132	37.692	1.752	0.304	67.528	8	4	20	78155	63376
0279	3.812	38.136	1.796	0.628	85.828	15	12	20	78153	63288
028	3.796	39.6	1.952	0.548	117.512	14	11	20	78162	63316
0280	3.664	38.78	2.204	0.392	75.776	14	12	20	78169	63402
0281	3.572	38.536	2.14	0.916	69.264	13	11	20	78179	63390
0282	3.472	39.732	2.212	0.36	108.616	12	9	20	78219	63460
0283	4.236	40.396	1.912	0.428	70.484	10	5	20	78214	63362
0284	4.076	41.372	2.06	0.992	194.208	16	13	20	78186	63473
0285	3.872	38.572	2.056	0.352	122.14	12	8	20	78181	63359
0286	3.508	37.692	1.936	0.364	123.94	19	16	20	78163	63408
0287	3.892	38.268	1.952	0.412	146.428	14	11	20	78178	63485
0288	3.716	37.74	2.068	0.284	68.74	12	7	20	78171	63390
0289	3.68	39.112	1.984	0.336	125.572	19	17	20	78181	63306
029	3.7	40.12	2.16	0.392	86.184	17	15	20	78167	63454
0290	3.848	42.16	2.292	0.26	169.516	17	13	20	78208	63412
0291	4.252	39.832	2.06	0.724	115.23599999999999	19	14	20	78181	63401
0292	4.052	37.688	2.056	0.76	122.936	20	16	20	78180	63356
0293	3.612	39.372	1.912	0.508	125.988	17	14	20	78198	63314
0294	4.008	37.596	1.872	0.3	125.72	19	16	20	78153	63342
0295	3.796	37.132	2.012	0.408	129.368	18	13	20	78167	63436
0296	3.892	39.328	2.116	0.364	40.996	10	8	20	78140	63272
0297	3.508	38.604	2.244	0.568	182.632	17	14	20	78233	63493
0298	4.244	37.48	2.008	0.84	183.676	18	13	20	78182	63287
0299	4.272	37.54	2.032	0.348	117.14	15	10	20	78166	63319
03	3.948	39.796	2.08	0.316	97.684	18	15	20	78198	63438
030	3.7	37.772	1.98	0.32	145.86	17	13	20	78166	63374
0300	3.644	39.952	1.992	0.324	103.424	15	14	20	78206	63472
0301	4.1	39.312	2.048	0.292	125.088	17	13	20	78186	63333
0302	3.7	39.46	2.232	0.652	119.672	13	11	20	78212	63442
0303	4.312	39.648	1.972	0.324	124.244	14	12	20	78231	63451
0304	3.912	38.244	2.072	0.476	136.392	20	16	20	78210	63335
0305	3.864	38.632	2.18	1.796	84.376	14	12	20	78158	63403
0306	3.884	38.1	1.952	0.336	132.236	14	11	20	78203	63541
0307	3.876	39.12	1.948	0.608	88.892	16	13	20	78157	63372
0308	3.848	38.712	2.048	0.284	118.196	12	7	20	78211	63397
0309	3.904	37.608	1.988	0.396	117.372	18	14	20	78207	63485
031	3.488	39.58	2.268	0.32	135.42	17	14	20	78163	63314
0310	4.212	41.356	2.008	0.344	303.568	20	17	20	78208	63376
0311	4.08	39.688	2.004	0.424	153.86	16	13	20	78212	63423
0312	3.604	40.38	2.06	0.328	216.912	17	13	20	78195	63367
0313	3.768	39.472	2.144	0.504	167.404	20	16	20	78189	63330
0314	3.84	39.912	1.884	0.392	125.568	14	10	20	78203	63338
0315	3.868	39.848	2.06	0.344	176.7	20	17	20	78196	63331
0316	3.788	39.452	1.968	0.356	170.496	18	14	20	78192	63406
0317	3.776	39.864	2.244	0.312	65.024	16	13	20	78151	63290
0318	4.304	41.876	2.028	0.308	196.004	18	13	20	78198	63358
0319	4.204	38.264	2.068	0.528	24.548	8	7	20	78178	63401
032	4.208	40.32	2.152	0.324	235.552	17	13	20	78226	63518
0320	3.664	39.98	2.152	0.432	87.012	14	10	20	78182	63441
0321	4.036	40.36	1.92	0.58	174.836	13	9	20	78216	63480
0322	4.072	38.84	1.964	0.88	137.556	15	10	20	78177	63365
0323	3.78	37.964	1.964	0.384	112.072	18	16	20	78160	63232
0324	3.516	38.9	2.176	0.432	123.152	19	16	20	78182	63378
0325	3.536	40.304	2.212	0.376	78.768	17	14	20	78155	63464
0326	4.296	40.56	2.256	0.712	63.344	13	10	20	78181	63409
0327	4.296	38.304	1.912	0.408	140.484	16	11	20	78204	63381
0328	4.032	37.74	1.836	0.52	175.108	15	10	20	78199	63311
0329	3.844	36.896	1.812	0.876	93.564	14	11	20	78179	63414
033	3.528	36.568	1.9	0.484	121.936	18	16	20	78159	63348
0330	3.512	36.296	1.852	0.344	135.668	20	17	20	78158	63162
0331	3.308	37.328	2.076	0.384	103.92	16	13	20	78133	63364
0332	3.476	39.052	2.148	0.456	301.06	19	15	20	78202	63470
0333	3.348	38.344	2.22	0.688	76.804	12	7	20	78173	63321
0334	4.296	40.804	1.828	0.56	200.412	13	9	20	78247	63365
0335	4.072	38.656	1.996	0.392	214.012	15	13	20	78252	63449
0336	3.876	38.316	1.744	0.9	137.292	14	10	20	78192	63385
0337	3.668	37.492	1.892	0.508	83.06	16	13	20	78176	63394
0338	3.516	37.588	2.024	0.492	60.308	13	10	20	78178	63417
0339	3.472	38.268	2.144	0.324	101.232	9	6	20	78201	63230
034	3.408	39.792	2.236	0.952	217.94400000000002	19	15	20	78192	63325
0340	4.308	40.404	2.16	0.932	149.704	16	14	20	78212	63489
0341	4.096	41.376	2.112	0.396	52.508	11	6	20	78174	63357
0342	4.088	39.98	1.792	0.376	68.032	15	13	20	78143	63397
0343	3.816	38.884	2.072	0.636	107.536	20	17	20	78186	63341
0344	3.952	38.832	1.864	0.304	88.312	17	14	20	78196	63370
0345	3.772	39.364	2.06	0.356	31.428	8	5	20	78132	63338
0346	3.8	39.604	2.128	0.468	100.012	14	10	20	78203	63410
0347	3.54	39.16	2.02	0.3	113.384	20	17	20	78183	63410
0348	4.056	38.8	1.948	1.556	243.428	19	17	20	78203	63352
0349	3.936	37.472	1.992	0.344	56.396	10	8	20	78172	63400
035	3.848	38.076	1.972	0.368	72.376	12	10	20	78188	63395
0350	3.548	37.916	2.036	0.34	211.276	19	15	20	78191	63380
0351	3.628	38.868	2.008	0.36	58.872	14	10	20	78171	63352
0352	3.592	38.904	2.128	0.34	149.428	15	12	20	78213	63346
0353	4.116	39.04	1.844	0.272	158.404	20	17	20	78189	63391
0354	4.068	39.752	2.068	0.28	74.14	12	7	20	78183	63463
0355	3.672	38.008	2.032	0.532	29.188	8	5	20	78164	63398
0356	3.596	38.82	2.092	0.328	46.292	10	7	20	78180	63335
0357	3.856	40.748	2.18	0.324	82.812	20	17	20	78146	63368
0358	4.104	41.388	1.992	0.456	125.568	20	16	20	78180	63431
0359	4.116	38.648	2.06	0.616	43.276	16	13	20	78151	63279
036	3.708	37.988	2.224	0.408	87.384	16	12	20	78190	63440
0360	3.784	37.872	1.86	0.676	41.296	12	7	20	78182	63378
0361	4.088	38.604	1.784	0.492	516.12	19	13	20	78247	63423
0362	3.816	37.308	2.04	0.668	96.628	18	15	20	78163	63346
0363	3.8	37.604	2.04	0.288	82.992	14	9	20	78188	63342
0364	3.668	36.664	2.0	0.384	188.128	20	16	20	78194	63495
0365	3.432	39.68	2.204	0.78	61.2	11	6	20	78173	63414
0366	3.856	39.528	2.036	0.576	53.956	15	11	20	78133	63318
0367	4.06	39.596	1.984	0.876	87.01599999999999	14	11	20	78157	63286
0368	3.728	39.572	2.108	0.312	220.836	20	16	20	78197	63442
0369	4.092	39.236	1.972	0.372	214.45600000000002	20	16	20	78229	63446
037	4.204	38.968	2.188	0.236	52.288	15	12	20	78137	63285
0370	4.224	39.028	2.24	0.296	159.024	13	8	20	78206	63400
0371	3.532	39.38	2.2	0.548	79.28399999999999	15	13	20	78177	63260
0372	4.396	42.304	2.024	0.284	144.7	14	9	20	78189	63401
0373	4.216	39.46	2.076	0.984	133.924	15	12	20	78164	63379
0374	4.2	39.12	2.208	0.316	33.944	10	7	20	78151	63363
0375	3.612	40.628	2.152	0.26	194.4	13	11	20	78215	63442
0376	4.132	40.348	1.928	1.164	130.088	19	15	20	78172	63367
0377	3.976	38.832	2.06	0.376	62.4	11	6	20	78192	63314
0378	3.776	39.328	2.124	0.316	106.19200000000001	13	9	20	78168	63313
0379	3.792	41.028	2.076	0.304	234.256	19	13	20	78200	63264
038	4.068	40.524	2.108	0.368	134.388	11	8	20	78198	63279
0380	3.92	40.832	2.144	0.276	113.49199999999999	14	10	20	78184	63365
0381	4.04	40.936	2.22	0.412	28.772	13	9	20	78130	63312
0382	4.232	39.892	1.86	0.696	200.3	17	13	20	78212	63410
0383	4.4	40.104	1.996	0.368	52.072	9	6	20	78194	63357
0384	3.964	39.444	2.028	1.004	69.916	11	9	20	78173	63384
0385	3.536	39.224	2.372	0.404	72.604	14	10	20	78150	63269
0386	3.76	37.94	2.372	0.98	64.34	15	11	20	78159	63308
0387	4.448	40.264	2.176	0.468	63.408	12	10	20	78169	63369
0388	4.28	38.564	2.056	0.548	111.12	16	13	20	78220	63332
0389	3.74	39.84	2.06	2.528	138.756	17	12	20	78161	63287
039	4.044	40.712	1.92	0.412	137.34	12	9	20	78212	63452
0390	3.864	39.216	1.948	0.668	188.732	18	14	20	78212	63431
0391	3.904	38.096	1.912	0.448	83.196	15	12	20	78159	63435
0392	3.628	39.452	2.12	0.688	141.216	14	10	20	78215	63525
0393	3.776	41.868	2.272	0.34	112.464	13	9	20	78224	63402
0394	4.172	40.436	1.896	0.276	147.708	15	10	20	78188	63375
0395	4.124	40.948	2.032	0.512	161.07999999999998	20	16	20	78158	63329
0396	3.864	40.524	2.08	0.384	60.308	12	10	20	78178	63385
0397	3.636	40.296	2.1	0.376	172.16	18	13	20	78201	63398
0398	3.952	40.584	2.072	0.932	104.404	14	12	20	78203	63405
0399	4.136	38.692	2.044	0.308	82.02	15	12	20	78148	63314
04	3.888	38.032	1.972	0.324	64.272	18	15	20	78141	63348
040	3.644	38.364	2.12	0.656	80.532	18	14	20	78163	63391
0400	3.648	40.136	2.128	0.328	30.648	9	8	20	78177	63385
0401	4.096	40.164	1.844	0.228	103.916	11	8	20	78205	63314
0402	4.1	39.068	1.756	0.612	165.704	18	13	20	78228	63476
0403	3.848	36.98	1.696	0.244	142.508	18	14	20	78163	63320
0404	3.664	36.312	1.884	0.316	77.848	15	12	20	78157	63404
0405	3.548	37.348	1.96	0.284	108.44800000000001	11	9	20	78203	63447
0406	3.312	37.224	1.992	0.58	60.148	10	8	20	78225	63413
0407	3.476	40.064	2.304	0.552	192.272	15	11	20	78210	63452
0408	3.336	38.464	2.312	0.708	48.744	10	7	20	78176	63373
0409	4.332	36.924	1.94	0.516	142.628	18	15	20	78174	63374
041	4.16	38.4	1.968	0.812	267.68	20	16	20	78185	63336
0410	3.892	37.456	2.028	0.432	144.544	19	15	20	78178	63362
0411	3.56	37.964	2.128	0.448	99.02799999999999	15	10	20	78175	63298
0412	3.684	38.836	1.924	0.332	84.588	11	7	20	78179	63334
0413	3.9	38.572	2.156	0.356	182.948	19	17	20	78204	63466
0414	3.812	40.364	2.204	0.524	124.024	19	16	20	78135	63344
0415	4.272	38.776	1.864	0.412	91.436	17	15	20	78164	63298
0416	4.076	37.272	1.92	0.924	110.02799999999999	9	4	20	78199	63351
0417	3.936	38.044	2.028	0.32	154.94400000000002	12	9	20	78246	63434
0418	3.512	38.464	2.112	0.788	139.39600000000002	16	13	20	78184	63426
0419	3.512	39.76	2.252	0.344	75.104	13	8	20	78215	63468
042	4.312	41.988	2.044	0.3	81.584	12	8	20	78158	63394
0420	4.196	38.18	2.02	0.296	190.16	17	13	20	78208	63339
0421	4.204	38.272	1.892	0.276	43.652	16	12	20	78149	63329
0422	3.772	37.32	2.084	0.356	92.97200000000001	14	10	20	78166	63314
0423	3.604	38.736	2.092	0.388	105.792	20	18	20	78213	63421
0424	3.552	39.816	2.328	0.376	86.744	17	12	20	78169	63346
0425	4.32	36.624	1.864	0.456	96.48400000000001	19	16	20	78160	63366
0426	3.84	38.08	2.056	0.4	147.992	19	15	20	78144	63318
0427	3.86	39.152	2.132	0.56	73.66	12	8	20	78174	63356
0428	3.668	38.392	2.176	0.444	152.22	14	10	20	78209	63497
0429	4.34	39.744	2.04	0.336	46.48	9	7	20	78198	63432
043	4.136	38.94	2.1	0.384	46.792	10	5	20	78178	63403
0430	3.864	38.94	2.06	0.472	144.4	19	16	20	78194	63390
0431	4.008	40.032	1.94	0.344	250.204	20	15	20	78198	63427
0432	3.872	39.604	1.94	0.872	127.96	13	9	20	78199	63460
0433	3.884	38.74	1.968	0.288	145.492	17	13	20	78198	63484
0434	3.696	38.696	1.9	0.288	59.244	12	8	20	78166	63362
0435	3.556	38.728	2.056	0.276	179.496	20	17	20	78190	63343
0436	3.664	38.412	2.148	0.704	66.564	13	10	20	78153	63398
0437	3.508	40.528	2.216	1.744	84.304	19	16	20	78139	63330
0438	4.288	40.18	1.932	0.28	122.2	13	11	20	78189	63313
0439	4.076	38.136	2.056	0.36	202.848	17	12	20	78197	63502
044	3.88	38.368	1.884	0.364	91.316	14	11	20	78178	63367
0440	3.512	38.648	2.056	0.328	156.11599999999999	19	15	20	78215	63469
0441	3.864	39.188	2.128	1.676	55.812	7	4	20	78185	63428
0442	3.792	40.508	2.248	0.352	138.724	16	12	20	78194	63336
0443	4.292	40.856	1.86	0.436	123.372	14	11	20	78212	63461
0444	3.832	39.02	1.984	0.344	179.732	13	9	20	78196	63330
0445	3.9	38.884	2.032	0.436	108.96000000000001	12	7	20	78191	63371
0446	3.736	38.552	2.192	0.868	142.936	16	14	20	78236	63341
0447	3.596	37.888	2.18	0.416	205.84	20	16	20	78213	63461
0448	4.296	39.744	2.036	0.64	71.468	16	13	20	78163	63371
0449	4.052	38.036	1.956	0.672	97.344	14	11	20	78204	63460
045	4.068	38.728	2.096	0.468	82.88	9	4	20	78130	63358
0450	3.92	40.104	2.124	0.712	72.388	16	13	20	78153	63440
0451	4.124	39.972	1.972	0.736	94.488	14	10	20	78165	63356
0452	4.016	38.716	1.892	0.404	120.688	18	14	20	78195	63430
0453	3.98	39.012	1.932	0.296	210.7	19	14	20	78187	63432
0454	3.892	38.472	1.932	0.336	52.2	12	9	20	78158	63258
0455	3.664	39.232	1.88	0.368	203.148	19	14	20	78212	63430
0456	3.348	37.764	2.084	0.376	131.584	16	13	20	78176	63360
0457	3.78	39.256	2.292	0.508	80.848	16	11	20	78199	63379
0458	3.78	38.936	2.336	0.356	27.368	10	6	20	78166	63330
0459	4.332	39.948	2.088	0.424	162.608	15	12	20	78232	63410
046	4.024	39.148	2.14	0.456	163.204	16	12	20	78202	63354
0460	3.892	38.752	2.124	0.5	92.336	19	15	20	78162	63331
0461	4.068	39.668	2.172	0.82	157.148	15	11	20	78219	63403
0462	4.036	40.36	2.156	0.612	73.756	19	15	20	78153	63396
0463	4.06	41.452	2.12	0.304	97.304	12	8	20	78193	63271
0464	4.092	39.012	1.992	0.84	98.816	18	15	20	78177	63316
0465	4.128	39.64	2.104	0.332	72.176	16	12	20	78150	63332
0466	3.788	38.112	1.972	0.352	111.544	20	16	20	78172	63462
0467	3.904	37.668	1.956	0.316	89.956	12	8	20	78148	63378
0468	3.628	38.428	2.188	0.404	21.972	6	3	20	78148	63338
0469	3.648	38.492	2.204	0.4	127.888	19	15	20	78213	63315
047	4.068	38.628	1.82	0.688	41.32	9	5	20	78188	63456
0470	4.096	38.584	1.848	0.276	66.476	14	10	20	78178	63447
0471	3.8	37.972	2.032	0.776	76.78399999999999	13	10	20	78203	63352
0472	3.576	37.628	2.04	0.784	106.164	15	12	20	78196	63330
0473	3.404	39.216	2.212	0.34	105.532	18	17	20	78171	63442
0474	3.86	39.472	2.008	0.352	61.944	14	12	20	78136	63367
0475	4.06	39.264	2.024	0.392	68.148	18	14	20	78167	63414
0476	3.848	39.14	2.032	0.556	84.312	16	14	20	78140	63343
0477	3.756	39.752	2.06	0.412	270.996	19	15	20	78223	63323
0478	3.788	39.764	2.136	0.304	159.088	15	12	20	78238	63470
0479	3.864	39.508	1.804	0.24	97.656	15	10	20	78207	63412
048	4.144	38.048	1.904	0.34	185.944	16	12	20	78205	63303
0480	4.028	38.212	1.856	0.292	109.316	19	15	20	78178	63333
0481	3.572	37.32	2.076	0.392	154.608	20	15	20	78171	63283
0482	3.72	37.616	2.204	0.408	97.592	16	14	20	78167	63322
0483	3.292	40.4	2.2	0.492	95.444	14	10	20	78183	63475
0484	4.256	41.556	2.168	0.404	163.6	17	14	20	78194	63445
0485	4.076	37.756	1.848	0.284	66.69200000000001	10	8	20	78198	63443
0486	4.156	38.672	2.016	0.3	69.632	14	11	20	78180	63399
0487	3.704	37.68	2.2	0.524	66.184	13	11	20	78164	63379
0488	3.556	39.716	2.216	0.952	63.432	9	4	20	78173	63384
0489	4.088	39.404	2.068	0.524	71.748	17	13	20	78151	63275
049	4.104	39.936	1.94	0.22	35.812	11	8	20	78189	63409
0490	3.692	38.448	1.844	0.364	135.144	16	13	20	78215	63311
0491	3.848	37.624	1.876	0.432	187.184	20	17	20	78181	63406
0492	3.704	37.336	2.056	0.336	73.528	10	7	20	78166	63388
0493	3.848	38.6	2.0	0.3	128.42	14	9	20	78184	63351
0494	3.36	38.748	1.964	0.304	103.952	18	15	20	78194	63484
0495	3.656	38.908	2.052	0.492	134.836	15	11	20	78226	63381
0496	3.884	37.848	2.044	0.428	62.228	12	10	20	78165	63322
0497	3.524	39.092	2.252	0.312	135.88400000000001	19	14	20	78222	63612
0498	4.284	41.676	2.008	0.356	172.232	17	13	20	78224	63481
0499	4.264	38.076	2.112	0.288	176.18	15	10	20	78224	63454
05	4.268	38.024	2.068	0.352	248.488	12	8	20	78234	63415
050	3.752	39.588	2.136	0.32	36.088	12	9	20	78120	63335
0500	3.692	38.556	2.304	0.48	60.62	15	12	20	78186	63415
0501	4.34	38.94	1.976	0.636	230.404	17	13	20	78207	63457
0502	4.116	38.984	2.02	0.376	152.84	18	14	20	78180	63444
0503	3.852	39.892	2.148	0.372	134.156	11	7	20	78215	63396
0504	3.668	39.752	2.116	0.56	158.48	18	14	20	78204	63387
0505	4.036	41.236	2.244	1.06	53.652	9	5	20	78170	63385
0506	4.292	42.336	2.048	0.312	135.924	18	15	20	78172	63456
0507	4.124	39.764	1.988	0.336	115.99600000000001	15	10	20	78176	63363
0508	3.944	39.996	1.912	0.352	138.044	16	12	20	78226	63489
0509	3.66	38.188	2.076	0.38	142.576	18	13	20	78199	63323
051	3.748	38.648	2.084	0.332	87.416	11	6	20	78204	63335
0510	3.932	40.18	2.152	0.344	178.59199999999998	19	15	20	78205	63483
0511	3.84	39.732	2.144	0.396	79.872	16	12	20	78179	63336
0512	4.028	40.644	2.06	0.5	78.444	14	12	20	78175	63382
0513	4.1	39.228	2.108	0.488	215.96	13	8	20	78236	63315
0514	3.884	38.876	2.048	0.456	137.464	19	15	20	78173	63321
0515	3.88	38.1	1.996	0.816	90.172	13	10	20	78190	63385
0516	3.728	38.06	2.048	0.388	100.124	17	13	20	78187	63431
0517	3.816	39.02	2.084	1.032	135.436	18	13	20	78210	63333
0518	3.808	39.64	2.104	0.98	93.952	15	13	20	78172	63252
0519	3.832	40.64	2.216	0.428	174.364	16	11	20	78197	63357
052	4.164	41.516	2.22	0.332	131.98	19	16	20	78202	63347
0520	4.084	40.144	1.968	0.328	172.768	10	7	20	78213	63414
0521	3.852	38.408	2.068	0.268	41.664	10	7	20	78170	63358
0522	3.816	39.928	2.124	0.308	60.244	12	8	20	78209	63398
0523	3.668	39.516	2.024	0.872	124.3	19	14	20	78183	63354
0524	4.084	38.568	1.964	0.256	113.556	19	15	20	78157	63296
0525	3.804	38.288	2.156	0.464	104.356	9	4	20	78184	63276
0526	3.844	40.064	1.932	0.62	154.372	20	18	20	78163	63286
0527	4.076	38.556	1.984	0.464	70.856	14	10	20	78132	63230
0528	3.852	37.528	1.96	0.644	96.676	15	12	20	78156	63376
0529	3.54	38.18	2.244	0.584	143.90800000000002	15	12	20	78205	63401
053	4.424	38.324	2.008	0.348	75.48	20	17	20	78161	63341
0530	4.38	37.584	1.968	0.496	179.984	19	17	20	78220	63466
0531	3.884	38.276	1.96	0.66	183.144	12	7	20	78222	63451
0532	3.44	38.328	2.1	0.228	136.796	16	12	20	78182	63442
0533	3.34	38.512	2.132	0.36	122.252	17	13	20	78209	63461
0534	4.036	39.684	2.112	0.424	83.712	11	9	20	78173	63317
0535	4.056	39.452	2.08	0.332	197.88	16	10	20	78209	63346
0536	4.108	40.04	2.092	0.42	95.852	14	10	20	78197	63281
0537	3.852	38.752	2.224	0.268	115.136	16	13	20	78183	63385
0538	4.524	36.748	1.94	0.264	49.236	10	7	20	78166	63381
0539	4.66	37.476	2.068	0.288	129.516	13	10	20	78218	63507
054	4.472	38.372	1.98	0.7	167.16	15	11	20	78209	63411
0540	3.568	39.716	2.028	0.312	149.164	18	14	20	78177	63343
0541	3.5	39.648	2.136	0.324	100.22800000000001	14	11	20	78204	63381
0542	3.8	38.8	2.008	0.28	134.016	14	11	20	78232	63436
0543	4.008	40.104	2.18	0.44	63.076	9	5	20	78177	63301
0544	3.852	39.912	2.136	0.612	139.61599999999999	12	10	20	78207	63356
0545	4.072	41.976	2.168	0.464	123.852	16	12	20	78196	63356
0546	4.012	39.572	1.864	0.744	115.19200000000001	12	8	20	78215	63510
0547	4.084	38.476	1.944	0.216	107.032	18	15	20	78131	63238
0548	3.692	38.204	2.08	0.304	80.732	14	11	20	78166	63405
0549	3.64	37.94	2.052	0.332	326.492	18	16	20	78251	63398
055	3.456	38.84	2.16	0.864	90.9	18	15	20	78161	63385
0550	3.84	41.02	2.144	1.04	102.44	12	10	20	78190	63307
0551	4.084	39.992	2.048	0.32	174.272	13	9	20	78196	63379
0552	4.048	39.716	1.868	0.28	169.108	14	9	20	78213	63442
0553	3.864	37.508	1.924	0.252	50.112	13	10	20	78153	63356
0554	3.624	37.728	2.06	0.464	70.012	10	7	20	78161	63374
0555	3.724	38.66	2.16	0.364	110.404	14	12	20	78211	63376
0556	3.468	39.204	2.136	0.756	71.2	10	5	20	78155	63301
0557	4.072	42.188	2.12	0.428	98.576	18	16	20	78201	63324
0558	4.128	40.944	2.092	0.852	99.456	18	14	20	78197	63366
0559	3.884	39.64	2.056	0.372	163.144	11	8	20	78216	63486
056	4.108	39.296	1.992	0.236	26.384	9	7	20	78189	63437
0560	3.916	39.516	2.0	0.308	145.688	16	14	20	78210	63382
0561	3.608	38.824	2.016	0.392	115.25999999999999	19	15	20	78184	63407
0562	3.856	38.864	2.096	1.212	154.892	15	13	20	78189	63415
0563	3.728	39.156	1.96	0.336	134.256	15	13	20	78218	63392
0564	3.696	38.54	2.056	0.808	194.624	18	15	20	78201	63325
0565	3.864	40.196	2.044	0.42	322.888	12	8	20	78218	63540
0566	3.568	39.028	2.232	0.412	131.232	19	15	20	78177	63352
0567	4.384	40.256	2.164	0.448	108.292	15	10	20	78205	63358
0568	4.316	39.4	2.16	1.428	78.384	20	17	20	78165	63448
0569	3.844	40.392	1.948	0.74	200.016	14	10	20	78206	63356
057	4.144	39.336	2.136	0.548	135.492	10	6	20	78206	63376
0570	4.08	40.216	2.108	0.708	155.216	14	10	20	78223	63540
0571	3.876	40.076	2.04	0.308	140.296	19	14	20	78161	63358
0572	4.036	38.684	1.996	0.424	87.036	10	6	20	78185	63356
0573	3.668	39.06	2.128	0.34	106.456	15	12	20	78188	63351
0574	3.892	41.216	2.232	0.408	163.668	19	15	20	78186	63400
0575	4.3	38.308	1.788	0.408	85.86	14	10	20	78162	63351
0576	4.16	36.932	1.78	0.776	127.312	20	16	20	78180	63266
0577	3.872	36.344	1.736	0.272	141.688	19	15	20	78215	63426
0578	3.588	36.32	2.036	0.332	66.332	12	10	20	78172	63344
0579	3.616	35.676	1.904	0.288	117.904	15	11	20	78177	63341
058	3.3	36.324	2.228	0.596	80.208	13	10	20	78196	63410
0580	3.14	36.324	2.212	0.668	81.44800000000001	13	10	20	78209	63487
0581	4.268	38.256	1.848	0.28	184.072	20	17	20	78219	63380
0582	3.884	37.508	1.964	0.316	47.548	11	9	20	78181	63440
0583	3.828	38.68	2.064	0.332	72.672	17	13	20	78204	63440
0584	3.668	37.68	1.8	0.444	89.74	20	17	20	78164	63355
0585	3.584	37.484	1.868	0.232	101.696	15	13	20	78168	63356
0586	3.684	37.896	1.968	0.288	130.288	18	12	20	78201	63389
0587	3.556	37.544	2.056	0.452	64.208	15	12	20	78145	63308
0588	3.468	38.896	2.092	0.484	155.344	15	10	20	78186	63404
0589	3.616	40.372	2.152	0.252	98.27199999999999	14	10	20	78185	63391
059	4.04	40.836	2.008	1.38	82.78	13	10	20	78180	63351
0590	4.024	38.08	1.952	0.228	111.55199999999999	19	17	20	78174	63336
0591	3.752	37.448	2.192	0.372	34.864	12	10	20	78166	63319
0592	3.852	40.46	2.104	0.424	54.764	16	14	20	78151	63407
0593	4.08	38.192	1.816	0.276	89.696	19	16	20	78124	63266
0594	3.94	38.32	1.868	0.892	94.616	11	7	20	78188	63388
0595	3.732	37.92	2.02	0.228	163.3	19	15	20	78190	63378
0596	3.6	37.508	1.976	0.308	146.028	19	15	20	78200	63417
0597	3.404	38.06	2.004	0.304	87.68	20	16	20	78138	63330
0598	3.336	38.16	2.152	0.524	82.876	14	9	20	78194	63314
0599	3.628	38.996	2.132	1.772	32.552	8	4	20	78184	63324
06	4.036	41.5	2.06	0.308	110.512	13	9	20	78200	63478
060	4.1	38.992	1.844	0.312	72.236	12	11	20	78194	63278
0600	3.852	37.592	1.86	0.328	80.512	11	9	20	78182	63351
0601	3.564	37.58	2.02	0.312	92.644	19	15	20	78192	63355
0602	3.676	39.152	2.012	0.344	194.544	17	12	20	78188	63427
0603	3.364	40.76	2.148	0.536	144.46	16	12	20	78210	63457
0604	4.08	38.844	1.844	0.284	82.616	14	9	20	78171	63329
0605	3.98	39.056	1.952	0.632	69.144	15	14	20	78196	63415
0606	3.724	38.748	1.984	0.428	30.728	9	7	20	78187	63345
0607	3.516	37.468	2.032	0.332	196.552	16	11	20	78205	63387
0608	3.756	39.264	1.992	0.32	92.256	16	13	20	78189	63446
0609	3.52	39.648	2.356	0.412	129.3	18	17	20	78190	63431
061	4.292	38.956	1.876	0.228	152.168	18	15	20	78155	63375
0610	4.048	39.376	2.04	0.92	100.55199999999999	9	5	20	78213	63430
0611	3.68	37.992	2.108	0.424	35.272	8	5	20	78166	63358
0612	3.668	40.564	2.0	0.4	73.972	18	15	20	78176	63455
0613	3.964	38.888	2.104	0.384	73.892	11	6	20	78188	63354
0614	4.136	39.54	2.116	0.3	111.532	15	11	20	78197	63479
0615	3.856	41.236	2.184	1.092	187.236	19	14	20	78178	63351
0616	4.02	39.836	1.968	0.248	126.152	15	12	20	78186	63419
0617	4.136	38.66	1.888	0.576	159.44	15	11	20	78231	63484
0618	3.972	37.712	1.876	0.292	122.752	18	16	20	78176	63332
0619	3.708	38.104	1.9	0.772	106.8	18	16	20	78184	63452
062	3.512	39.236	2.016	0.512	147.40800000000002	17	14	20	78194	63453
0620	3.576	39.856	2.14	0.332	128.484	18	14	20	78183	63370
0621	3.86	40.636	2.252	0.896	124.38	20	15	20	78171	63339
0622	4.3	39.152	1.972	0.492	114.9	18	15	20	78166	63358
0623	4.056	39.348	1.972	0.368	91.924	13	10	20	78209	63301
0624	3.848	37.992	2.072	0.356	142.668	20	16	20	78214	63418
0625	3.624	37.596	2.016	0.34	222.256	20	16	20	78216	63435
0626	3.5	39.396	2.184	0.428	125.924	16	12	20	78183	63417
0627	3.9	38.976	2.024	0.32	138.38	20	15	20	78178	63321
0628	3.852	39.588	2.152	0.412	115.97999999999999	15	11	20	78175	63407
0629	3.948	41.7	2.26	0.528	127.528	19	15	20	78179	63317
063	4.384	41.544	2.12	0.336	122.644	17	14	20	78174	63472
0630	4.076	40.784	2.364	0.472	47.512	11	9	20	78156	63388
0631	4.3	39.064	1.892	0.352	126.02	16	12	20	78195	63382
0632	4.116	39.064	1.992	1.028	100.71600000000001	18	14	20	78181	63432
0633	3.668	37.608	2.012	0.356	163.548	14	9	20	78205	63465
0634	3.672	38.152	1.972	0.348	109.032	18	15	20	78172	63322
0635	3.652	36.796	2.032	0.72	96.636	14	11	20	78179	63389
0636	3.544	39.22	2.244	0.32	97.544	17	13	20	78184	63298
0637	3.636	40.5	2.156	0.308	130.272	16	12	20	78206	63440
0638	4.156	40.32	2.26	0.8	100.584	18	15	20	78150	63394
0639	4.26	39.488	2.076	0.36	88.03999999999999	16	11	20	78168	63374
064	4.068	39.592	1.916	0.616	60.276	14	12	20	78191	63407
0640	3.88	39.752	1.956	0.4	40.832	15	13	20	78164	63421
0641	3.712	38.748	2.084	0.44	146.308	15	10	20	78193	63431
0642	3.556	38.796	2.2	0.456	160.7	19	14	20	78224	63338
0643	3.948	39.456	1.924	0.3	123.092	20	17	20	78201	63481
0644	4.052	38.16	1.772	0.436	219.228	19	15	20	78204	63376
0645	3.868	36.472	1.824	0.28	63.888	12	9	20	78191	63389
0646	3.816	37.124	2.044	0.74	106.14	20	16	20	78186	63422
0647	3.64	38.272	2.2	0.332	405.652	18	15	20	78197	63398
0648	3.376	40.084	2.24	0.976	137.432	16	11	20	78187	63377
0649	4.312	40.708	1.948	0.932	49.944	12	9	20	78147	63280
065	4.056	38.784	1.848	0.552	32.656	7	6	20	78195	63319
0650	3.7	37.9	2.064	1.436	106.648	11	7	20	78205	63449
0651	3.712	37.324	2.06	0.244	166.132	19	14	20	78166	63298
0652	3.488	38.884	2.072	0.396	172.208	16	13	20	78191	63410
0653	4.004	40.176	2.068	0.472	175.792	19	15	20	78214	63405
0654	3.884	39.972	2.176	0.356	111.976	15	12	20	78188	63367
0655	3.864	40.284	2.008	0.356	35.608	7	5	20	78166	63332
0656	3.976	40.784	2.096	0.516	135.764	20	16	20	78154	63283
0657	4.04	39.436	2.144	0.336	101.856	18	13	20	78187	63373
0658	3.96	40.72	2.208	0.38	59.884	13	9	20	78147	63302
0659	4.256	38.84	1.932	0.432	78.16	15	10	20	78150	63421
066	4.04	39.12	2.212	0.32	78.3	14	11	20	78183	63335
0660	3.74	40.072	2.036	0.34	63.08	13	12	20	78189	63321
0661	4.088	38.932	1.812	0.428	47.404	11	7	20	78178	63427
0662	3.888	38.652	1.908	0.98	99.26400000000001	18	15	20	78182	63410
0663	3.648	38.432	2.02	0.644	59.376	10	7	20	78165	63413
0664	3.536	38.608	2.132	0.288	104.132	20	18	20	78179	63428
0665	3.46	38.904	1.892	0.772	148.788	14	10	20	78217	63408
0666	3.816	38.232	1.968	0.356	316.96	17	14	20	78214	63468
0667	3.632	37.768	2.16	0.344	119.94800000000001	16	12	20	78198	63373
0668	3.648	37.36	2.12	0.32	270.108	16	13	20	78188	63246
0669	3.676	38.396	2.0	0.288	140.7	14	9	20	78190	63356
067	3.888	41.584	2.148	0.396	131.748	13	8	20	78209	63401
0670	4.116	41.056	2.132	0.32	189.188	20	17	20	78174	63304
0671	4.112	41.784	2.336	0.416	170.28	18	14	20	78198	63404
0672	4.404	40.792	2.112	0.3	172.756	14	11	20	78201	63480
0673	4.144	39.184	2.148	0.336	93.388	16	12	20	78179	63354
0674	3.896	40.288	2.032	0.592	80.21600000000001	9	5	20	78167	63363
0675	3.944	41.184	2.248	0.308	62.8	14	11	20	78165	63363
0676	4.304	37.664	1.772	0.244	68.216	10	8	20	78186	63276
0677	4.172	37.92	1.864	0.328	208.376	18	14	20	78203	63355
0678	4.068	36.408	1.812	0.392	145.328	13	9	20	78174	63380
0679	3.572	37.768	1.94	0.72	133.12	17	14	20	78215	63426
068	3.56	36.548	2.044	1.332	111.356	16	12	20	78167	63346
0680	3.312	38.036	1.924	1.18	88.672	15	12	20	78189	63443
0681	3.152	38.148	2.088	0.424	151.856	14	12	20	78179	63246
0682	3.824	40.82	2.156	0.972	107.336	16	12	20	78157	63350
0683	4.128	41.74	2.24	0.448	164.784	19	16	20	78183	63342
0684	4.34	39.14	1.904	0.344	99.036	16	12	20	78170	63259
0685	4.096	38.072	2.028	0.704	119.368	18	13	20	78207	63373
0686	3.796	37.568	2.104	0.756	112.74799999999999	20	17	20	78177	63344
0687	3.904	38.932	2.124	0.332	37.308	8	5	20	78174	63375
0688	3.808	38.556	2.02	0.44	65.652	18	13	20	78171	63407
0689	3.968	40.236	2.028	0.288	133.816	15	13	20	78201	63346
069	3.656	39.636	2.136	0.508	92.464	15	11	20	78166	63393
0690	3.884	40.94	1.936	0.428	234.0	17	12	20	78216	63378
0691	4.032	39.088	1.884	0.28	73.032	11	8	20	78202	63399
0692	3.752	37.984	1.932	0.352	109.44	20	18	20	78167	63426
0693	3.856	38.732	2.04	0.648	169.98	17	14	20	78207	63352
0694	3.72	37.844	2.048	1.224	105.452	13	8	20	78178	63362
0695	3.392	37.5	2.288	0.516	49.628	10	7	20	78155	63381
0696	4.272	41.156	2.056	0.656	126.336	17	12	20	78205	63392
0697	4.14	38.204	1.968	0.268	146.812	18	14	20	78198	63360
0698	3.756	39.928	2.02	0.344	96.00399999999999	15	11	20	78196	63394
0699	3.828	40.936	2.1	0.448	97.156	14	9	20	78173	63299
07	3.928	39.464	2.128	0.364	102.584	15	11	20	78219	63309
070	3.868	40.156	2.2	0.348	117.00800000000001	18	14	20	78210	63301
0700	4.3	38.748	1.772	0.376	205.024	17	13	20	78175	63448
0701	4.024	38.54	1.968	0.508	168.776	17	12	20	78202	63364
0702	3.692	39.244	1.924	0.26	90.58	16	12	20	78187	63417
0703	3.624	39.84	1.992	0.784	91.292	19	17	20	78181	63332
0704	3.592	37.832	2.072	0.332	54.78	15	13	20	78125	63270
0705	3.548	38.444	2.16	0.508	81.86	20	17	20	78161	63488
0706	3.8	39.864	2.156	0.368	96.436	16	15	20	78182	63344
0707	3.976	40.424	2.024	0.348	55.48	9	6	20	78138	63343
0708	3.868	39.596	1.988	0.38	66.664	18	16	20	78175	63340
0709	4.016	38.5	2.084	0.396	158.676	13	10	20	78196	63354
071	3.86	38.624	2.056	0.332	22.432	10	7	20	78185	63383
0710	3.54	39.144	1.948	0.288	171.488	18	14	20	78183	63454
0711	4.02	38.104	1.824	0.296	142.836	18	15	20	78169	63410
0712	3.808	36.796	1.84	0.248	55.396	14	10	20	78154	63284
0713	3.528	36.504	1.984	0.5	199.004	16	12	20	78211	63434
0714	3.7	38.184	1.912	0.32	128.512	18	16	20	78172	63382
0715	3.524	38.288	2.16	0.576	78.568	10	6	20	78177	63371
0716	3.332	40.02	2.252	1.2	201.608	19	15	20	78182	63337
0717	4.268	40.508	2.144	0.244	159.8	16	13	20	78201	63461
0718	4.072	39.94	1.86	0.22	134.772	18	15	20	78211	63495
0719	4.06	40.56	1.96	0.308	122.812	20	17	20	78156	63435
072	3.9	39.824	2.136	1.416	124.012	14	11	20	78221	63387
0720	3.596	37.992	2.104	0.436	165.412	19	15	20	78218	63429
0721	3.7	39.284	2.24	0.764	196.732	15	10	20	78221	63356
0722	4.28	40.768	2.148	0.576	105.28399999999999	19	15	20	78179	63295
0723	4.036	40.524	1.992	0.732	41.552	14	11	20	78160	63353
0724	4.092	38.504	1.968	0.292	62.532	10	7	20	78178	63410
0725	3.928	39.12	2.092	0.376	59.776	9	5	20	78167	63359
0726	3.736	40.7	2.096	0.408	128.392	16	14	20	78190	63417
0727	3.704	38.32	2.012	0.792	45.872	14	12	20	78189	63332
0728	4.104	39.208	1.968	0.88	89.604	18	12	20	78194	63415
0729	3.892	38.436	1.78	0.284	105.344	17	13	20	78196	63410
073	3.764	39.22	1.888	1.144	124.38	20	18	20	78142	63311
0730	3.652	37.304	1.888	0.264	86.52	16	14	20	78191	63322
0731	3.516	38.488	2.036	0.296	233.748	19	15	20	78210	63476
0732	3.432	38.712	2.112	0.376	96.788	12	9	20	78215	63504
0733	3.572	40.472	2.22	0.548	102.432	14	13	20	78193	63443
0734	4.216	39.256	2.004	0.38	136.312	15	10	20	78199	63425
0735	3.844	39.052	2.036	0.576	195.996	14	10	20	78224	63392
0736	3.932	38.672	1.86	0.896	106.364	14	13	20	78195	63440
0737	3.716	39.54	2.072	0.304	104.36	18	15	20	78167	63310
0738	3.876	38.976	1.948	0.404	122.016	11	6	20	78214	63359
0739	3.744	39.368	2.112	0.364	81.648	17	14	20	78169	63380
074	3.724	40.18	2.26	0.38	85.18	16	13	20	78182	63397
0740	4.296	38.7	1.924	0.48	304.144	16	13	20	78230	63247
0741	4.072	36.496	1.788	0.252	38.64	13	10	20	78135	63420
0742	3.68	35.948	1.892	0.48	219.536	17	12	20	78228	63461
0743	3.692	36.228	1.892	0.416	118.976	15	10	20	78173	63289
0744	3.344	38.0	2.112	0.284	188.336	19	14	20	78207	63463
0745	3.488	37.64	1.968	0.3	69.148	14	11	20	78165	63294
0746	3.208	38.06	2.22	0.96	190.264	19	17	20	78146	63417
0747	3.876	39.852	2.18	0.556	101.556	11	7	20	78179	63396
0748	4.052	42.136	2.236	0.512	165.496	18	13	20	78193	63210
0749	4.324	39.56	2.164	0.532	85.128	15	12	20	78194	63346
075	4.068	41.252	2.108	0.452	71.104	9	5	20	78202	63516
0750	4.124	41.088	2.148	0.336	109.792	13	8	20	78212	63519
0751	4.104	40.556	2.036	0.764	62.024	14	11	20	78205	63450
0752	4.052	38.772	1.792	0.252	151.324	19	16	20	78185	63365
0753	3.852	37.332	1.824	0.336	82.628	16	13	20	78157	63347
0754	3.56	37.204	2.04	0.352	87.06	17	13	20	78184	63308
0755	3.66	37.668	2.028	0.816	140.556	17	14	20	78182	63411
0756	3.472	39.292	2.152	0.368	133.46	18	15	20	78154	63343
0757	3.824	40.12	1.88	0.356	112.488	20	15	20	78182	63307
0758	4.068	39.084	2.116	0.516	125.32	13	11	20	78197	63441
0759	3.78	39.436	2.128	0.488	218.356	18	16	20	78222	63439
076	4.004	40.888	2.164	0.98	104.82	18	14	20	78167	63373
0760	4.008	40.248	2.288	0.36	105.076	17	15	20	78193	63360
0761	4.264	38.928	1.948	0.312	121.028	18	14	20	78178	63477
0762	3.86	37.7	2.024	0.364	86.812	13	10	20	78189	63335
0763	3.924	39.272	2.232	0.416	108.572	19	17	20	78171	63302
0764	3.676	37.824	2.128	0.372	51.5	10	5	20	78159	63323
0765	4.028	39.92	1.932	0.264	152.452	18	14	20	78182	63349
0766	4.048	39.164	1.932	0.5	140.112	17	13	20	78221	63503
0767	3.68	39.616	2.048	0.244	108.624	13	10	20	78187	63349
0768	3.68	39.04	2.04	0.296	104.328	16	13	20	78149	63269
0769	3.848	38.08	1.92	0.26	131.132	18	15	20	78185	63388
077	3.908	37.016	1.896	0.312	164.188	20	17	20	78200	63298
0770	3.64	37.824	2.136	0.768	59.42	11	7	20	78142	63325
0771	3.556	38.072	2.248	0.36	118.588	12	7	20	78199	63465
0772	4.26	36.808	1.808	0.304	180.188	19	14	20	78214	63521
0773	4.12	37.376	1.888	0.644	36.04	12	9	20	78120	63251
0774	3.86	38.704	2.044	0.456	91.436	15	10	20	78196	63426
0775	3.624	36.632	2.224	0.368	105.12	19	15	20	78171	63430
0776	3.564	36.544	2.244	0.344	98.096	11	8	20	78213	63418
0777	4.26	40.416	2.112	0.344	223.652	12	7	20	78210	63527
0778	4.044	39.392	1.936	0.296	259.204	16	11	20	78231	63380
0779	3.848	39.944	2.104	0.32	95.856	18	16	20	78169	63454
078	3.776	40.676	2.228	0.652	311.044	19	15	20	78209	63469
0780	4.056	40.112	2.044	0.32	92.696	13	9	20	78184	63448
0781	4.128	40.268	2.172	0.5	56.18	18	15	20	78135	63298
0782	3.824	39.396	2.24	0.512	116.408	15	12	20	78210	63439
0783	4.288	40.356	2.052	0.3	87.968	13	9	20	78214	63386
0784	4.088	40.164	1.996	0.82	93.72	14	10	20	78182	63368
0785	3.812	39.56	2.144	0.46	102.584	13	10	20	78227	63468
0786	4.136	41.06	1.948	0.348	95.916	13	10	20	78187	63281
0787	4.224	37.168	1.988	0.244	130.276	15	11	20	78210	63426
0788	4.072	38.7	2.052	0.576	31.9	7	4	20	78159	63239
0789	3.656	39.148	2.084	0.38	200.38	17	13	20	78198	63370
079	3.76	39.284	1.872	0.612	97.712	16	12	20	78169	63363
0790	3.892	38.764	2.048	0.316	108.404	19	16	20	78186	63425
0791	3.844	40.472	2.06	0.332	85.496	17	12	20	78174	63374
0792	3.532	40.0	2.184	0.376	120.848	10	5	20	78180	63410
0793	3.736	39.668	2.1	0.824	92.804	16	13	20	78144	63361
0794	4.068	40.804	2.128	0.364	131.88	17	12	20	78207	63310
0795	4.08	40.224	1.984	0.492	200.344	19	14	20	78206	63442
0796	4.052	39.2	2.096	0.348	102.76400000000001	19	16	20	78151	63312
0797	3.888	39.248	2.244	0.58	49.164	12	8	20	78177	63345
0798	3.66	38.744	2.04	0.744	63.828	13	11	20	78160	63370
0799	4.056	37.816	2.02	0.364	220.86	16	11	20	78196	63439
08	3.812	39.864	2.2	0.644	82.848	15	10	20	78184	63381
080	3.92	39.964	2.044	0.36	163.96800000000002	17	14	20	78192	63483
0800	4.072	39.068	1.928	0.892	126.432	18	16	20	78169	63328
0801	3.652	38.732	2.048	0.312	335.444	20	14	20	78244	63458
0802	3.788	39.74	2.2	0.372	180.872	15	12	20	78170	63482
0803	3.676	39.264	2.24	0.364	123.416	16	12	20	78189	63407
0804	4.2	41.376	2.128	0.672	110.4	14	12	20	78180	63420
0805	4.128	41.68	2.264	0.804	101.868	13	10	20	78175	63407
0806	4.268	40.892	1.996	0.356	140.7	18	15	20	78188	63423
0807	4.124	39.452	2.02	0.312	62.488	14	10	20	78158	63356
0808	3.908	40.656	1.928	0.44	132.86	19	15	20	78196	63355
0809	3.788	38.288	1.94	0.296	48.848	16	13	20	78150	63373
081	3.824	38.66	2.032	0.372	55.0	18	15	20	78137	63355
0810	3.616	39.436	2.016	0.336	114.588	14	11	20	78197	63399
0811	3.864	38.84	1.936	0.38	138.804	19	15	20	78180	63380
0812	3.636	40.2	2.144	0.592	98.72399999999999	14	10	20	78177	63370
0813	3.88	39.808	2.168	0.448	116.976	14	10	20	78213	63369
0814	4.032	39.12	1.844	0.484	115.944	14	10	20	78186	63363
0815	4.068	38.672	1.992	0.46	70.516	14	11	20	78173	63421
0816	3.804	38.896	2.204	0.348	154.812	16	11	20	78216	63486
0817	3.824	38.428	2.208	0.364	166.012	14	9	20	78203	63499
0818	3.896	40.112	2.024	0.468	102.244	16	11	20	78184	63434
0819	4.052	37.992	1.9	0.596	55.132	10	7	20	78183	63327
082	3.672	39.08	2.02	0.328	198.496	20	18	20	78190	63368
0820	3.792	38.568	2.072	0.436	64.58	11	8	20	78162	63299
0821	3.668	39.804	2.152	0.34	61.752	9	7	20	78201	63283
0822	3.836	40.96	2.124	0.54	72.804	14	10	20	78178	63423
0823	4.116	40.932	1.952	0.292	130.62	19	17	20	78167	63363
0824	4.084	39.12	1.776	0.712	78.088	17	13	20	78180	63425
0825	3.66	38.296	1.964	0.336	54.328	8	5	20	78175	63325
0826	3.756	38.816	2.024	0.468	157.16	18	13	20	78172	63303
0827	3.708	37.216	1.952	0.924	169.776	17	13	20	78181	63414
0828	3.46	38.056	2.136	0.48	163.648	14	9	20	78193	63436
0829	3.62	41.804	2.252	1.708	129.356	19	14	20	78219	63313
083	4.244	39.788	1.972	0.588	128.86	15	12	20	78184	63403
0830	4.096	38.996	2.0	0.328	130.428	19	15	20	78207	63495
0831	3.86	38.204	1.968	0.56	54.136	11	7	20	78194	63437
0832	3.632	40.272	2.256	0.4	76.776	15	11	20	78190	63365
0833	4.324	38.14	1.86	0.304	167.512	13	8	20	78219	63386
0834	4.112	37.688	1.948	0.284	128.812	10	6	20	78206	63432
0835	3.96	36.992	2.028	0.32	173.672	15	9	20	78193	63465
0836	3.544	37.212	2.024	0.42	144.26	18	14	20	78147	63266
0837	3.6	37.932	2.16	0.676	61.556	15	12	20	78166	63394
0838	3.832	40.288	2.004	0.38	124.368	15	12	20	78192	63257
0839	3.996	39.212	2.128	0.44	94.888	11	7	20	78177	63322
084	3.848	39.104	2.248	0.332	124.652	17	15	20	78214	63379
0840	4.304	41.644	2.232	0.352	146.536	14	9	20	78192	63429
0841	4.324	40.112	1.852	0.428	248.948	18	13	20	78208	63463
0842	4.052	37.944	1.728	0.924	213.352	14	11	20	78222	63435
0843	3.84	36.992	1.972	0.488	169.95600000000002	16	12	20	78217	63417
0844	3.96	37.252	1.9	0.34	123.304	13	10	20	78199	63475
0845	3.544	36.564	2.176	0.496	49.196	7	4	20	78195	63412
0846	3.564	36.404	2.176	0.284	127.348	17	12	20	78208	63401
0847	3.28	38.788	2.26	0.5	148.668	17	14	20	78172	63382
0848	4.444	40.836	2.232	0.74	112.536	19	16	20	78149	63291
0849	4.404	39.268	2.232	0.4	44.432	9	7	20	78167	63364
085	4.3	39.404	1.956	0.288	87.724	15	12	20	78187	63424
0850	4.08	39.012	1.984	0.7	47.708	11	7	20	78170	63369
0851	3.92	39.284	1.852	0.292	84.32	15	11	20	78170	63403
0852	3.72	38.508	2.052	0.544	192.808	18	15	20	78227	63391
0853	3.604	39.492	2.048	0.284	136.612	10	8	20	78214	63274
0854	3.588	38.556	1.94	0.36	91.96000000000001	14	11	20	78155	63426
0855	3.868	37.44	1.932	0.768	116.30799999999999	11	7	20	78180	63393
0856	3.816	38.448	2.056	0.344	69.196	20	18	20	78152	63308
0857	3.472	37.532	2.152	0.396	118.24799999999999	15	11	20	78179	63371
0858	3.656	41.024	2.16	0.332	106.52799999999999	20	15	20	78211	63479
0859	4.08	41.096	2.248	0.468	44.556	12	10	20	78191	63365
086	4.152	39.204	1.92	0.396	33.132	11	8	20	78155	63323
0860	4.1	39.948	1.904	0.34	142.9	13	9	20	78211	63378
0861	3.832	38.204	1.896	0.384	177.124	17	14	20	78224	63504
0862	3.62	38.04	1.752	0.588	202.416	16	11	20	78208	63449
0863	3.58	37.444	1.796	0.28	160.844	18	13	20	78189	63449
0864	3.588	35.98	1.992	0.396	108.99600000000001	14	11	20	78197	63381
0865	3.724	37.224	2.028	0.432	200.568	19	14	20	78166	63370
0866	3.508	38.752	2.148	0.86	68.144	15	11	20	78145	63335
0867	3.196	38.916	2.256	0.36	99.46000000000001	15	10	20	78196	63367
0868	4.356	40.316	2.016	0.336	167.324	14	10	20	78187	63394
0869	4.148	38.948	2.044	0.536	106.556	16	12	20	78197	63356
087	3.872	38.644	2.0	0.276	163.488	9	5	20	78204	63392
0870	3.684	37.824	1.976	0.784	152.2	17	13	20	78165	63393
0871	3.832	39.272	2.012	0.328	95.49199999999999	14	11	20	78174	63404
0872	3.524	38.964	2.164	0.464	193.72	17	14	20	78192	63359
0873	3.652	39.156	2.144	0.344	189.724	15	9	20	78216	63420
0874	4.088	40.504	2.028	0.372	122.584	19	16	20	78154	63341
0875	3.816	42.82	2.152	0.796	140.636	15	10	20	78187	63412
0876	4.084	39.116	1.82	0.424	15.348	6	4	20	78143	63347
0877	4.112	39.18	2.08	0.496	172.436	20	18	20	78176	63336
0878	3.864	38.284	2.012	0.368	86.012	18	17	20	78184	63379
0879	3.872	38.632	2.128	0.372	88.312	16	14	20	78158	63256
088	3.68	41.088	2.08	0.368	132.808	16	13	20	78191	63418
0880	4.052	40.732	2.016	0.308	59.348	13	10	20	78154	63248
0881	3.832	39.412	2.192	0.48	183.9	18	15	20	78193	63281
0882	3.84	38.936	1.972	0.312	178.424	16	12	20	78189	63331
0883	4.104	40.292	2.032	0.4	201.588	18	14	20	78206	63415
0884	3.876	39.332	2.04	0.416	49.16	8	4	20	78197	63404
0885	3.692	38.724	2.092	0.472	109.536	17	12	20	78198	63299
0886	3.736	39.936	2.176	0.4	155.076	18	15	20	78197	63415
0887	4.104	39.664	2.052	0.716	58.328	8	4	20	78172	63446
0888	4.072	40.044	2.032	0.396	123.08	9	4	20	78185	63451
0889	3.756	40.304	2.296	0.384	84.292	15	13	20	78199	63385
089	4.292	37.848	1.896	0.268	196.688	15	13	20	78206	63342
0890	4.048	37.212	2.008	0.312	122.984	18	16	20	78174	63323
0891	3.856	37.788	2.04	0.492	166.636	14	10	20	78220	63318
0892	3.436	39.512	2.268	0.324	144.60399999999998	19	15	20	78181	63357
0893	4.12	36.824	1.92	0.324	116.84	18	15	20	78176	63434
0894	4.052	37.004	2.064	0.356	82.288	17	14	20	78162	63401
0895	4.204	38.02	1.968	0.856	127.188	18	14	20	78199	63381
0896	3.576	39.34	2.24	0.52	56.752	7	5	20	78198	63389
0897	4.288	40.844	1.984	0.256	114.19200000000001	16	13	20	78199	63433
0898	4.052	38.264	1.968	0.316	134.848	17	13	20	78187	63415
0899	3.844	37.82	1.88	0.216	31.176	13	9	20	78151	63343
09	3.72	36.688	1.808	0.34	184.036	14	12	20	78216	63388
090	3.484	35.968	1.948	0.744	71.776	14	10	20	78221	63520
0900	3.336	37.7	2.044	0.508	81.156	11	8	20	78178	63376
0901	3.52	38.116	2.04	0.404	78.256	17	14	20	78149	63249
0902	3.464	38.664	2.124	0.308	89.56	18	16	20	78148	63348
0903	3.828	40.764	2.252	0.6	104.664	19	15	20	78208	63438
0904	4.228	39.016	1.876	0.372	119.312	13	10	20	78209	63356
0905	4.048	38.364	1.864	0.256	167.688	16	11	20	78216	63476
0906	3.856	38.436	1.976	0.372	176.38400000000001	19	15	20	78182	63345
0907	3.528	37.512	2.076	0.412	192.256	13	9	20	78219	63406
0908	3.504	38.156	2.02	0.308	125.144	18	14	20	78189	63442
0909	3.424	37.996	2.232	0.38	113.864	9	6	20	78181	63403
091	4.312	41.388	2.116	0.448	114.324	19	16	20	78171	63441
0910	4.136	41.152	2.22	0.38	109.628	15	12	20	78173	63377
0911	4.312	41.216	2.016	0.748	218.328	18	13	20	78220	63362
0912	4.032	37.98	1.924	0.3	111.9	14	10	20	78212	63423
0913	3.628	37.908	2.028	0.332	42.032	10	8	20	78209	63503
0914	3.816	38.532	2.056	0.264	143.424	15	10	20	78192	63457
0915	3.688	38.324	1.812	0.336	84.244	16	13	20	78161	63377
0916	3.864	39.036	1.956	0.336	179.736	18	16	20	78243	63506
0917	3.908	39.268	2.032	0.388	218.864	19	15	20	78209	63459
0918	3.704	39.2	2.116	0.324	125.312	13	8	20	78204	63469
0919	3.712	40.708	2.24	0.348	81.752	18	15	20	78149	63288
092	4.316	39.516	2.048	0.368	150.168	17	13	20	78183	63391
0920	4.072	39.092	2.016	0.296	123.596	19	14	20	78204	63384
0921	3.7	39.816	1.984	0.524	104.24000000000001	19	17	20	78148	63395
0922	4.18	39.452	2.14	1.316	224.44400000000002	18	16	20	78217	63494
0923	4.1	38.22	2.152	0.316	99.408	17	15	20	78165	63345
0924	3.732	39.096	2.232	3.012	107.432	12	9	20	78188	63393
0925	4.22	41.324	2.144	0.328	119.84	14	10	20	78177	63288
0926	4.052	39.604	2.024	0.916	38.768	6	3	20	78181	63477
0927	4.092	37.788	1.832	0.436	229.464	20	15	20	78217	63445
0928	3.68	38.896	1.98	0.316	202.74	18	13	20	78175	63318
0929	3.724	37.448	1.896	0.388	168.372	19	14	20	78203	63398
093	3.536	38.188	2.008	0.544	98.30799999999999	14	10	20	78196	63454
0930	3.72	39.22	2.116	0.368	172.596	13	8	20	78200	63418
0931	3.9	40.776	2.156	0.416	77.5	14	11	20	78162	63277
0932	4.08	42.532	2.148	0.316	156.624	17	14	20	78201	63346
0933	4.064	41.412	1.972	0.596	130.0	12	7	20	78222	63306
0934	4.14	39.88	2.156	0.364	126.764	15	14	20	78219	63306
0935	3.752	40.416	2.164	0.62	58.392	10	8	20	78194	63426
0936	4.016	39.928	1.86	0.26	76.764	15	12	20	78161	63327
0937	4.08	38.684	2.124	0.38	128.368	18	14	20	78201	63396
0938	3.88	38.184	2.04	0.48	43.288	7	5	20	78168	63322
0939	3.58	38.368	2.216	0.428	128.2	11	6	20	78232	63485
094	3.868	38.912	2.024	0.472	89.776	16	14	20	78209	63302
0940	4.08	40.032	1.828	0.304	36.22	16	11	20	78164	63413
0941	3.692	37.784	1.948	0.54	74.16	17	15	20	78158	63285
0942	3.928	37.908	2.016	2.28	118.292	18	15	20	78147	63356
0943	3.9	38.272	2.16	0.772	64.132	15	12	20	78158	63354
0944	3.372	38.5	2.188	0.38	98.628	16	13	20	78159	63360
0945	4.12	40.82	2.008	0.368	208.0	17	12	20	78227	63443
0946	4.028	39.876	1.86	0.196	112.22399999999999	17	14	20	78197	63414
0947	3.948	37.236	1.94	0.736	202.664	17	13	20	78185	63440
0948	3.948	37.012	1.972	0.296	104.104	16	12	20	78201	63432
0949	3.588	36.688	2.168	0.644	34.356	10	6	20	78145	63297
095	3.288	39.156	2.124	0.296	107.148	16	13	20	78166	63343
0950	4.072	39.512	2.08	0.348	100.148	15	11	20	78179	63415
0951	4.092	39.912	2.128	1.62	72.056	13	10	20	78155	63427
0952	3.884	40.64	2.244	0.46	100.664	20	16	20	78137	63313
0953	4.428	39.212	1.94	0.32	55.384	14	10	20	78171	63378
0954	4.392	39.108	1.944	0.324	135.124	19	15	20	78216	63425
0955	3.716	38.6	1.944	0.288	83.34	11	7	20	78201	63382
0956	3.612	38.468	2.096	0.348	129.14	20	15	20	78176	63347
0957	3.848	38.92	1.944	0.496	174.188	14	11	20	78251	63438
0958	3.46	37.104	1.944	0.368	143.596	17	13	20	78182	63323
0959	3.864	36.612	1.972	1.056	121.992	19	16	20	78150	63297
096	3.404	37.308	2.148	0.284	149.112	18	14	20	78205	63355
0960	3.72	40.088	2.264	0.356	101.432	18	15	20	78203	63372
0961	4.224	41.276	2.176	0.38	101.624	14	10	20	78183	63378
0962	4.092	41.06	2.064	0.388	77.668	15	13	20	78179	63327
0963	3.944	40.192	1.968	0.3	109.66	20	15	20	78197	63366
0964	4.048	37.996	1.784	0.512	150.44	18	14	20	78194	63444
0965	3.86	37.368	1.92	0.664	143.48	16	13	20	78167	63337
0966	3.588	37.048	2.028	0.372	145.936	20	16	20	78183	63326
0967	3.536	39.38	1.944	0.512	41.484	8	5	20	78181	63397
0968	3.464	38.26	2.0	0.944	167.004	15	12	20	78197	63459
0969	3.64	38.88	2.156	0.292	140.32	18	14	20	78190	63303
097	3.728	40.376	2.244	0.656	60.836	14	10	20	78184	63327
0970	4.292	39.496	2.08	0.356	84.96000000000001	9	5	20	78215	63457
0971	4.06	39.592	2.124	0.38	67.048	17	15	20	78198	63367
0972	3.98	39.648	1.964	0.308	103.024	17	12	20	78188	63430
0973	4.072	38.46	1.96	0.328	89.924	15	11	20	78153	63419
0974	3.996	38.048	2.448	0.636	61.336	20	18	20	78149	63325
0975	3.756	36.94	2.384	0.356	129.84	16	14	20	78202	63387
0976	4.488	37.68	2.016	0.956	100.74799999999999	12	8	20	78215	63448
0977	4.368	36.952	1.964	0.416	109.824	15	12	20	78171	63398
0978	3.736	38.468	2.32	0.376	129.152	18	14	20	78181	63427
0979	3.892	38.124	2.312	0.336	81.164	10	5	20	78189	63321
098	4.276	39.476	2.056	0.3	114.62	19	17	20	78162	63364
0980	4.108	39.988	2.168	0.4	108.648	20	17	20	78143	63280
0981	3.92	39.712	2.144	0.396	108.05199999999999	17	13	20	78205	63346
0982	3.92	40.092	1.952	0.528	171.836	17	13	20	78221	63413
0983	4.104	38.784	2.16	0.404	200.364	19	16	20	78211	63405
0984	3.876	38.832	2.012	0.38	260.48	19	15	20	78176	63436
0985	3.692	39.256	1.992	0.612	81.976	17	12	20	78130	63311
0986	3.808	39.148	2.132	0.756	170.716	20	16	20	78197	63419
0987	4.092	41.048	2.056	0.348	41.936	8	5	20	78197	63429
0988	4.084	39.108	2.172	0.308	91.036	15	12	20	78195	63348
0989	3.928	39.172	2.128	0.344	148.568	16	12	20	78193	63315
099	4.08	40.7	2.152	0.7	80.872	14	12	20	78183	63403
0990	4.068	40.228	2.176	1.612	119.096	17	13	20	78185	63362
0991	4.08	39.052	2.084	1.328	61.624	18	14	20	78121	63280
0992	4.056	38.84	1.96	0.328	140.452	18	14	20	78208	63405
0993	3.88	40.86	2.08	0.324	121.288	20	16	20	78235	63465
0994	3.932	37.936	2.008	0.172	81.764	11	8	20	78178	63370
0995	3.568	38.392	1.968	0.44	105.468	17	14	20	78202	63400
0996	3.824	38.072	2.032	1.34	31.992	13	11	20	78102	63341
0997	3.824	40.716	2.028	0.376	75.596	17	16	20	78201	63309
0998	3.544	39.22	2.176	0.42	74.752	19	16	20	78177	63337
0999	3.952	39.452	1.748	0.276	36.172	9	5	20	78163	63355
