01	4.72	26.192	1.924	0.836	65.744	7	3	20	64418	49708
010	4.768	25.464	1.656	0.544	23.552	7	5	20	64400	49672
0100	4.74	25.728	1.908	0.812	53.148	8	3	20	64399	49746
01000	4.7	26.176	1.856	0.772	53.108	9	4	20	64406	49703
0101	4.648	25.364	1.736	0.652	72.512	8	4	20	64420	49712
0102	4.792	25.992	1.916	0.752	113.744	10	6	20	64414	49578
0103	4.78	26.556	1.828	0.556	39.52	8	4	20	64409	49670
0104	4.724	26.584	1.812	0.548	43.696	9	5	20	64403	49650
0105	3.456	30.364	1.412	1.308	48.012	7	4	20	64408	49775
0106	3.112	29.436	1.364	0.268	134.684	6	2	20	64436	49732
0107	3.212	29.392	1.412	0.412	25.664	6	4	20	64405	49711
0108	3.028	28.384	1.4	0.648	37.616	8	6	20	64421	49670
0109	3.112	28.732	1.432	0.396	38.924	7	5	20	64402	49772
011	2.796	29.152	1.604	0.752	60.892	8	4	20	64427	49747
0110	2.76	30.864	1.756	0.604	48.7	8	6	20	64421	49781
0111	3.6	28.432	1.352	0.692	56.024	5	2	20	64447	49744
0112	3.44	29.108	1.5	0.6	84.916	8	3	20	64411	49605
0113	2.984	28.12	1.544	0.476	68.832	8	4	20	64432	49675
0114	2.988	30.2	1.484	0.936	67.908	9	7	20	64436	49727
0115	2.952	29.988	1.484	0.82	51.34	8	4	20	64403	49741
0116	3.096	30.396	1.604	0.404	60.692	9	4	20	64434	49767
0117	3.052	31.12	1.732	0.848	32.276	9	4	20	64413	49656
0118	3.472	29.152	1.328	0.252	36.356	9	8	20	64416	49713
0119	3.208	29.156	1.348	0.576	56.344	9	5	20	64400	49735
012	3.048	28.58	1.54	0.18	72.732	7	3	20	64422	49693
0120	3.24	28.012	1.48	0.392	72.712	7	3	20	64437	49730
0121	2.872	28.464	1.512	0.424	122.968	10	5	20	64445	49763
0122	2.988	28.668	1.42	0.776	90.56	8	3	20	64427	49735
0123	2.536	28.212	1.576	0.404	76.048	7	3	20	64430	49634
0124	2.904	29.944	1.6	0.28	40.872	9	4	20	64425	49707
0125	3.216	31.964	1.62	0.836	76.732	8	5	20	64418	49674
0126	3.308	31.068	1.52	0.396	125.8	7	3	20	64444	49710
0127	3.424	29.244	1.476	0.328	137.608	9	4	20	64445	49778
0128	3.424	28.684	1.388	0.94	81.24	6	3	20	64436	49735
0129	2.988	28.824	1.52	0.776	275.18399999999997	9	5	20	64442	49632
013	2.996	30.14	1.6	0.512	54.924	9	4	20	64410	49735
0130	2.744	29.792	1.524	0.556	50.592	8	4	20	64431	49668
0131	3.48	30.828	1.696	0.796	147.488	9	6	20	64447	49790
0132	3.356	30.244	1.696	0.492	47.584	7	6	20	64444	49803
0133	3.58	28.956	1.424	0.632	58.04	5	3	20	64446	49777
0134	3.132	28.552	1.536	0.368	122.992	8	4	20	64423	49713
0135	3.152	29.764	1.56	0.712	190.932	9	4	20	64440	49753
0136	2.96	31.544	1.56	0.22	55.08	7	4	20	64421	49784
0137	3.088	29.728	1.584	0.692	37.772	7	5	20	64402	49705
0138	2.984	31.268	1.608	0.604	71.9	8	4	20	64411	49660
0139	3.348	31.82	1.576	0.996	88.944	10	5	20	64434	49709
014	3.36	30.064	1.536	0.408	75.316	8	4	20	64445	49665
0140	3.204	29.364	1.508	0.62	38.436	7	4	20	64410	49698
0141	3.12	31.236	1.552	0.524	68.084	7	4	20	64423	49626
0142	3.324	29.36	1.612	0.3	36.084	7	5	20	64428	49666
0143	3.056	30.22	1.52	0.46	71.12	8	4	20	64439	49607
0144	3.396	30.812	1.46	0.544	179.364	9	5	20	64425	49721
0145	3.148	29.988	1.4	0.26	47.668	7	3	20	64416	49751
0146	3.156	28.912	1.372	0.26	48.492	8	4	20	64424	49695
0147	2.928	28.408	1.488	0.788	187.936	10	5	20	64434	49721
0148	2.796	28.36	1.52	0.608	32.548	7	5	20	64403	49605
0149	2.904	28.924	1.628	0.64	218.488	9	4	20	64454	49733
015	2.88	28.9	1.656	0.328	115.672	9	5	20	64443	49691
0150	3.404	30.696	1.504	0.38	32.596	9	4	20	64420	49727
0151	3.252	29.68	1.42	0.32	56.636	9	6	20	64426	49652
0152	3.016	30.644	1.62	0.768	135.852	9	4	20	64450	49743
0153	3.044	30.94	1.676	0.772	179.28	5	3	20	64443	49704
0154	3.524	31.724	1.608	0.392	71.972	6	3	20	64446	49688
0155	3.336	30.492	1.564	0.376	31.64	6	3	20	64415	49720
0156	3.376	30.28	1.488	0.66	26.396	6	5	20	64419	49721
0157	3.096	31.836	1.588	0.66	222.74	9	5	20	64439	49683
0158	3.344	29.984	1.452	0.256	52.656	9	5	20	64423	49736
0159	3.316	29.284	1.328	0.396	29.428	7	4	20	64432	49691
016	3.172	29.98	1.488	0.284	32.924	5	3	20	64410	49694
0160	3.076	28.732	1.44	0.668	60.196	6	3	20	64412	49638
0161	2.852	28.776	1.592	0.324	60.872	8	3	20	64430	49735
0162	2.852	31.088	1.632	0.484	38.204	6	3	20	64403	49669
0163	3.396	29.532	1.5	0.428	165.82	9	5	20	64425	49701
0164	3.42	30.14	1.48	0.516	134.008	7	4	20	64450	49773
0165	3.168	28.976	1.6	0.608	57.072	7	4	20	64417	49654
0166	2.94	29.592	1.496	0.472	45.7	7	3	20	64404	49719
0167	3.024	29.316	1.448	0.228	103.168	9	5	20	64438	49635
0168	3.0	29.472	1.596	0.38	88.05199999999999	9	5	20	64421	49673
0169	3.072	30.184	1.716	0.5	105.564	9	6	20	64448	49749
017	3.568	31.028	1.604	0.828	59.696	7	4	20	64399	49711
0170	3.432	30.836	1.68	0.236	280.988	10	6	20	64474	49724
0171	3.416	31.912	1.472	0.728	82.92	8	4	20	64433	49662
0172	3.356	28.604	1.36	0.468	80.768	8	4	20	64422	49653
0173	3.196	28.84	1.468	0.336	41.32	7	3	20	64393	49718
0174	2.924	28.74	1.488	0.48	307.164	8	4	20	64463	49813
0175	2.992	28.492	1.54	0.364	28.044	6	4	20	64408	49625
0176	2.872	28.276	1.636	0.272	302.28	8	3	20	64427	49787
0177	2.612	29.14	1.688	0.312	146.22	10	5	20	64439	49715
0178	3.512	30.768	1.512	0.712	152.54399999999998	8	3	20	64455	49765
0179	3.28	29.856	1.572	0.312	90.764	9	4	20	64432	49728
018	3.292	30.204	1.588	0.508	141.044	9	5	20	64441	49719
0180	3.092	31.616	1.696	0.764	54.04	10	5	20	64413	49709
0181	3.58	29.524	1.56	0.232	51.616	7	3	20	64405	49654
0182	3.284	29.12	1.696	0.588	78.78399999999999	8	3	20	64433	49706
0183	3.124	30.372	1.616	0.352	48.496	6	4	20	64401	49710
0184	3.376	30.368	1.56	0.656	73.72	8	4	20	64409	49540
0185	3.068	32.856	1.472	0.512	56.028	8	4	20	64419	49660
0186	3.204	29.952	1.556	0.744	46.508	8	4	20	64405	49591
0187	3.18	29.864	1.56	0.588	32.94	7	5	20	64413	49741
0188	2.864	30.276	1.612	0.488	342.564	9	5	20	64460	49835
0189	3.22	31.48	1.404	0.356	60.148	8	5	20	64413	49623
019	3.108	28.752	1.408	0.512	64.176	8	4	20	64432	49707
0190	3.184	28.508	1.404	0.52	60.492	6	2	20	64432	49731
0191	3.092	28.888	1.416	0.272	63.12	6	3	20	64421	49731
0192	2.764	27.784	1.504	0.68	77.62	8	4	20	64428	49752
0193	2.888	27.972	1.64	0.928	337.76	10	5	20	64427	49644
0194	2.652	27.476	1.652	0.836	113.908	7	3	20	64436	49733
0195	3.444	30.712	1.448	0.472	88.19200000000001	8	4	20	64426	49765
0196	3.144	29.956	1.5	0.172	44.948	8	4	20	64426	49682
0197	3.216	30.704	1.524	0.188	40.864	7	5	20	64400	49601
0198	3.04	29.184	1.584	0.252	23.888	6	2	20	64394	49682
0199	2.836	30.872	1.68	0.648	49.876	8	4	20	64416	49732
02	3.436	30.016	1.468	0.452	168.004	10	5	20	64437	49702
020	3.288	30.116	1.468	0.292	77.568	9	4	20	64438	49623
0200	3.232	29.38	1.452	0.52	140.648	8	3	20	64435	49771
0201	2.936	29.816	1.512	0.616	72.7	7	4	20	64454	49700
0202	2.888	31.524	1.608	0.624	92.048	7	4	20	64431	49617
0203	3.168	30.48	1.688	0.96	39.024	7	5	20	64409	49738
0204	3.464	30.268	1.5	0.6	105.20400000000001	11	7	20	64432	49678
0205	3.288	29.72	1.54	0.236	20.66	7	3	20	64383	49738
0206	3.328	30.22	1.612	0.7	87.388	9	5	20	64444	49739
0207	3.164	31.34	1.488	0.272	38.896	6	4	20	64429	49760
0208	3.284	29.124	1.464	0.408	66.212	8	4	20	64420	49685
0209	3.296	30.404	1.508	0.376	50.248	9	4	20	64415	49701
021	3.18	30.24	1.584	0.748	76.088	9	5	20	64425	49728
0210	3.104	30.616	1.532	0.472	62.14	8	5	20	64434	49748
0211	2.996	30.092	1.528	0.384	70.12	8	4	20	64414	49682
0212	3.0	31.136	1.508	0.44	42.34	8	5	20	64432	49753
0213	3.22	29.628	1.504	0.424	35.6	6	3	20	64421	49705
0214	3.104	28.788	1.508	0.296	74.188	5	3	20	64426	49720
0215	3.052	29.036	1.492	0.372	199.664	8	4	20	64457	49742
0216	2.8	29.288	1.544	0.684	92.696	9	5	20	64434	49754
0217	3.092	29.896	1.464	0.376	35.248	7	3	20	64410	49721
0218	3.18	29.224	1.388	0.856	186.72	10	5	20	64447	49728
0219	3.18	28.768	1.428	0.312	111.944	8	5	20	64431	49700
022	2.952	28.248	1.696	0.396	49.084	8	5	20	64419	49657
0220	2.864	28.256	1.712	0.588	68.612	8	6	20	64424	49738
0221	3.644	30.3	1.548	0.356	39.092	7	4	20	64407	49725
0222	3.624	30.964	1.596	0.776	160.684	9	4	20	64450	49775
0223	3.08	29.776	1.532	0.16	61.068	8	4	20	64414	49691
0224	3.256	30.3	1.592	0.296	64.204	7	3	20	64413	49604
0225	3.136	31.008	1.62	0.768	26.068	6	5	20	64418	49695
0226	3.312	30.992	1.616	0.788	122.788	9	5	20	64433	49797
0227	3.332	30.544	1.688	0.312	21.86	7	6	20	64412	49634
0228	3.304	29.768	1.336	0.476	113.788	9	4	20	64430	49790
0229	3.268	30.128	1.52	0.36	61.972	7	3	20	64437	49668
023	3.268	29.092	1.5	0.164	113.22	9	4	20	64433	49701
0230	2.924	28.824	1.472	0.42	68.776	8	4	20	64424	49741
0231	2.68	29.396	1.656	0.776	70.42	9	7	20	64429	49763
0232	2.732	31.48	1.66	0.836	35.028	9	5	20	64388	49707
0233	3.444	31.844	1.556	0.464	33.044	6	4	20	64424	49637
0234	3.488	28.892	1.376	0.384	164.796	9	5	20	64444	49668
0235	3.344	29.824	1.476	0.672	91.636	7	3	20	64431	49747
0236	2.984	29.652	1.432	0.764	62.172	8	6	20	64415	49675
0237	3.0	28.772	1.472	0.388	42.676	7	4	20	64406	49598
0238	2.948	29.392	1.384	0.172	49.748	8	5	20	64419	49661
0239	3.156	30.308	1.62	0.448	74.184	8	5	20	64433	49602
024	2.936	29.496	1.628	0.468	41.496	8	4	20	64423	49762
0240	2.972	30.032	1.672	0.44	37.188	9	5	20	64392	49741
0241	3.42	30.5	1.308	0.232	100.688	10	7	20	64426	49739
0242	3.316	28.968	1.428	0.244	102.676	8	4	20	64440	49730
0243	3.26	27.248	1.432	1.112	62.724000000000004	8	4	20	64411	49661
0244	3.048	29.044	1.512	0.212	125.648	6	2	20	64446	49741
0245	2.788	29.044	1.556	0.496	86.03999999999999	9	4	20	64442	49665
0246	2.768	29.396	1.484	0.468	185.708	9	4	20	64453	49701
0247	2.916	31.048	1.688	0.468	243.24	8	5	20	64457	49728
0248	3.492	31.116	1.556	0.648	35.54	9	6	20	64422	49738
0249	3.328	30.756	1.408	0.496	101.56	9	5	20	64440	49742
025	3.264	31.08	1.54	0.488	64.592	8	5	20	64423	49625
0250	3.2	30.36	1.7	0.468	71.268	8	4	20	64422	49638
0251	3.312	29.82	1.612	0.404	73.256	7	5	20	64444	49788
0252	3.088	29.524	1.584	0.352	43.456	6	4	20	64422	49677
0253	3.316	30.168	1.7	0.936	79.16	8	5	20	64447	49714
0254	3.464	28.34	1.324	0.16	104.812	7	4	20	64423	49720
0255	3.296	28.932	1.464	0.44	55.836	8	5	20	64431	49763
0256	3.268	27.756	1.448	0.492	43.468	8	4	20	64414	49757
0257	3.228	28.8	1.604	0.348	67.776	8	4	20	64433	49725
0258	2.98	27.748	1.62	0.4	144.7	8	5	20	64462	49740
0259	2.82	28.092	1.644	0.856	65.88	8	6	20	64442	49759
026	3.504	31.388	1.556	0.384	57.52	6	3	20	64418	49674
0260	3.392	30.332	1.476	0.3	93.74000000000001	8	4	20	64419	49700
0261	3.4	28.784	1.488	0.724	68.504	7	4	20	64437	49687
0262	3.192	30.424	1.512	0.212	81.576	7	5	20	64439	49757
0263	3.184	29.36	1.596	0.368	53.252	7	5	20	64420	49692
0264	3.06	29.592	1.608	0.432	67.168	8	5	20	64411	49714
0265	3.144	30.376	1.608	0.78	57.92	10	6	20	64409	49675
0266	3.332	31.364	1.768	0.284	83.88	8	6	20	64445	49730
0267	3.484	29.644	1.356	0.34	162.196	9	5	20	64455	49748
0268	3.048	29.388	1.408	0.316	41.364	7	3	20	64417	49589
0269	3.18	27.708	1.404	0.372	187.968	8	5	20	64428	49700
027	3.0	27.544	1.488	0.232	88.276	7	4	20	64429	49685
0270	2.828	28.14	1.632	0.3	214.132	7	3	20	64448	49805
0271	2.88	28.36	1.6	0.556	108.08	7	3	20	64429	49785
0272	2.6	30.56	1.676	0.424	223.656	7	4	20	64443	49716
0273	3.424	30.528	1.652	0.788	87.464	8	5	20	64433	49732
0274	3.412	30.608	1.704	0.316	81.72	6	3	20	64406	49720
0275	3.544	31.04	1.624	0.428	45.664	8	3	20	64417	49690
0276	3.352	31.804	1.492	0.592	49.324	6	3	20	64424	49769
0277	3.384	30.272	1.608	0.304	32.024	5	4	20	64443	49787
0278	3.196	30.688	1.4	0.788	93.82	8	4	20	64403	49705
0279	3.048	29.252	1.44	0.28	40.628	8	5	20	64405	49650
028	3.048	30.104	1.624	0.42	64.508	6	3	20	64409	49711
0280	2.988	31.028	1.52	0.628	38.88	5	3	20	64411	49621
0281	3.16	29.392	1.404	0.188	21.052	5	3	20	64422	49737
0282	3.28	28.308	1.404	0.708	127.972	10	7	20	64451	49735
0283	3.072	29.396	1.58	0.516	99.79599999999999	10	5	20	64445	49765
0284	2.936	29.6	1.452	0.476	103.01599999999999	8	5	20	64428	49750
0285	2.872	29.812	1.492	0.688	137.42000000000002	9	5	20	64421	49656
0286	3.08	28.784	1.48	0.264	61.116	7	4	20	64410	49714
0287	2.9	29.628	1.544	0.704	78.44800000000001	9	6	20	64422	49669
0288	3.116	28.812	1.584	0.584	52.636	8	3	20	64414	49764
0289	2.872	29.652	1.692	0.38	41.464	6	4	20	64424	49770
029	3.584	28.752	1.288	0.196	30.164	7	5	20	64415	49758
0290	3.576	28.416	1.308	0.452	138.164	9	5	20	64441	49729
0291	3.096	26.792	1.428	0.596	57.396	8	3	20	64422	49731
0292	2.928	28.376	1.496	0.568	106.676	8	4	20	64418	49730
0293	2.964	28.64	1.54	0.356	69.53999999999999	8	5	20	64431	49796
0294	2.716	29.056	1.592	0.488	46.08	7	4	20	64404	49687
0295	2.704	29.936	1.6	0.368	83.128	8	3	20	64413	49687
0296	3.304	31.956	1.664	0.392	25.76	6	4	20	64395	49718
0297	3.32	31.704	1.592	0.328	50.708	5	2	20	64457	49715
0298	3.252	31.204	1.464	0.544	121.9	9	4	20	64422	49772
0299	3.2	30.828	1.548	0.656	91.244	9	4	20	64411	49592
03	3.116	31.216	1.46	0.752	51.16	8	5	20	64433	49755
030	3.12	29.46	1.368	0.328	72.724	7	3	20	64411	49699
0300	3.056	29.668	1.492	0.376	38.596	5	4	20	64436	49789
0301	2.952	30.2	1.544	0.396	75.752	7	3	20	64428	49810
0302	3.0	29.896	1.628	0.324	107.356	5	3	20	64445	49747
0303	3.044	30.144	1.74	0.692	81.732	7	5	20	64455	49804
0304	3.524	30.012	1.512	0.564	59.356	8	4	20	64443	49693
0305	3.292	28.996	1.48	0.316	48.116	7	5	20	64408	49718
0306	3.132	29.212	1.6	0.48	111.64	9	6	20	64439	49682
0307	2.988	29.36	1.516	0.2	28.016	6	3	20	64407	49717
0308	3.2	30.424	1.588	0.44	113.05199999999999	7	2	20	64443	49725
0309	2.988	30.568	1.52	0.276	72.664	9	5	20	64436	49720
031	3.352	29.024	1.412	0.22	58.024	7	4	20	64410	49683
0310	3.3	28.12	1.476	0.568	182.516	8	5	20	64443	49739
0311	3.272	27.528	1.488	0.556	81.144	6	3	20	64442	49778
0312	2.956	28.204	1.696	0.572	156.46	8	4	20	64432	49700
0313	2.86	27.656	1.692	0.468	94.684	8	4	20	64425	49746
0314	3.552	29.06	1.46	0.568	112.708	9	5	20	64436	49751
0315	3.488	29.672	1.484	0.72	91.804	7	4	20	64431	49742
0316	2.976	29.456	1.548	0.412	95.76400000000001	9	5	20	64431	49742
0317	2.992	29.408	1.548	0.32	25.648	8	5	20	64401	49727
0318	3.116	30.1	1.48	0.744	155.93200000000002	9	4	20	64433	49640
0319	2.992	31.792	1.6	0.304	22.948	6	5	20	64420	49673
032	3.344	31.444	1.504	0.864	177.156	7	3	20	64452	49720
0320	3.152	29.204	1.396	0.54	105.49600000000001	8	4	20	64424	49689
0321	3.272	28.2	1.36	0.524	143.61599999999999	9	5	20	64448	49759
0322	3.212	28.836	1.504	0.356	115.432	10	5	20	64422	49697
0323	2.912	29.428	1.572	0.496	30.728	7	5	20	64409	49655
0324	2.832	29.36	1.504	0.908	52.3	9	6	20	64423	49734
0325	2.696	29.488	1.672	0.288	30.7	6	3	20	64406	49751
0326	3.456	30.872	1.516	0.308	39.216	7	4	20	64423	49748
0327	3.3	29.64	1.564	0.332	68.92	9	4	20	64439	49715
0328	3.168	30.964	1.62	0.448	189.952	10	5	20	64436	49825
0329	3.048	29.296	1.572	0.524	69.528	7	4	20	64422	49793
033	3.156	31.456	1.6	1.3	37.136	6	4	20	64406	49766
0330	3.396	29.468	1.468	0.616	49.384	8	5	20	64405	49709
0331	3.172	30.904	1.556	0.392	35.232	7	4	20	64388	49715
0332	3.228	29.784	1.468	0.28	226.54	9	5	20	64438	49597
0333	3.124	29.996	1.404	0.64	65.072	8	3	20	64416	49737
0334	3.032	29.804	1.616	0.316	249.24	8	4	20	64463	49769
0335	3.14	30.012	1.576	0.416	130.148	7	5	20	64470	49719
0336	3.152	29.876	1.484	0.428	93.144	7	3	20	64431	49766
0337	2.956	30.668	1.58	0.472	41.78	7	4	20	64418	49685
0338	2.92	29.808	1.708	0.492	34.024	7	4	20	64419	49720
0339	3.44	31.74	1.564	0.652	88.264	7	4	20	64437	49667
034	3.432	29.392	1.464	0.448	134.876	7	3	20	64429	49723
0340	3.472	30.02	1.544	0.372	138.82	5	3	20	64443	49777
0341	3.02	30.24	1.66	0.868	58.68	9	4	20	64418	49706
0342	2.948	30.952	1.712	0.48	42.136	8	6	20	64396	49691
0343	3.396	30.98	1.476	1.104	53.884	6	3	20	64424	49687
0344	3.204	30.42	1.516	0.32	39.112	7	4	20	64433	49627
0345	3.408	30.392	1.608	0.336	40.808	6	3	20	64388	49681
0346	3.144	30.18	1.616	0.556	73.22	8	4	20	64437	49745
0347	3.032	30.376	1.776	0.788	41.692	6	3	20	64425	49709
0348	3.552	29.064	1.384	0.528	123.9	8	6	20	64441	49739
0349	3.16	28.492	1.412	0.504	25.612	6	4	20	64414	49722
035	3.136	28.388	1.348	0.372	41.376	7	5	20	64430	49763
0350	3.1	28.44	1.424	0.452	167.68	8	4	20	64430	49741
0351	3.072	29.148	1.516	0.376	53.896	7	3	20	64415	49698
0352	2.668	30.152	1.664	0.476	97.86	9	6	20	64444	49736
0353	2.708	29.94	1.536	0.256	51.572	8	5	20	64428	49764
0354	3.444	30.74	1.58	0.212	55.52	8	3	20	64424	49758
0355	3.16	30.572	1.664	0.576	30.204	7	4	20	64413	49662
0356	3.104	30.668	1.604	0.28	38.748	8	5	20	64421	49685
0357	3.316	31.764	1.544	0.4	33.008	8	5	20	64399	49589
0358	3.28	29.92	1.488	0.692	57.192	7	3	20	64420	49659
0359	3.196	29.524	1.376	0.504	16.084	6	3	20	64401	49743
036	3.016	28.828	1.428	0.384	83.632	9	5	20	64429	49753
0360	2.968	28.168	1.392	0.364	39.96	8	3	20	64420	49752
0361	2.904	27.724	1.472	0.268	627.512	8	2	20	64470	49756
0362	2.784	27.856	1.532	0.32	45.288	7	4	20	64408	49769
0363	2.78	28.784	1.636	0.86	57.088	10	5	20	64426	49656
0364	2.836	29.844	1.54	0.264	104.896	9	5	20	64433	49756
0365	3.28	31.08	1.428	0.412	41.908	8	3	20	64415	49589
0366	3.148	29.716	1.552	0.296	37.412	9	5	20	64389	49703
0367	3.1	30.688	1.652	0.48	48.688	7	4	20	64409	49712
0368	2.952	30.044	1.576	0.292	210.964	9	5	20	64432	49759
0369	3.384	29.68	1.392	0.608	144.772	8	4	20	64456	49806
037	3.252	30.4	1.56	0.352	27.112	8	5	20	64391	49630
0370	3.14	30.18	1.528	0.62	146.504	8	3	20	64435	49709
0371	3.016	30.544	1.628	0.244	41.328	7	5	20	64421	49727
0372	2.992	30.056	1.576	0.572	119.184	7	2	20	64425	49757
0373	3.264	30.936	1.52	0.296	102.632	10	7	20	64410	49706
0374	3.112	29.896	1.728	0.364	29.872	6	3	20	64403	49631
0375	3.56	31.58	1.64	0.38	109.86	7	5	20	64448	49803
0376	3.348	32.008	1.684	0.784	73.972	8	4	20	64411	49606
0377	3.512	31.952	1.56	0.368	57.252	10	5	20	64427	49664
0378	3.368	31.3	1.524	0.796	92.26400000000001	7	3	20	64414	49682
0379	3.124	28.68	1.496	0.62	269.476	12	6	20	64434	49700
038	2.968	28.312	1.536	0.26	147.284	8	5	20	64435	49651
0380	3.08	30.188	1.676	0.256	105.432	7	3	20	64424	49731
0381	3.352	30.724	1.56	0.436	28.176	8	4	20	64386	49661
0382	3.268	29.484	1.576	0.612	150.792	9	5	20	64443	49774
0383	3.012	31.176	1.7	0.264	67.04	6	3	20	64432	49712
0384	3.568	30.66	1.484	0.484	63.684	8	6	20	64414	49738
0385	3.284	31.444	1.592	0.436	46.356	7	3	20	64398	49612
0386	3.456	31.512	1.524	0.576	57.148	9	5	20	64403	49683
0387	3.356	31.712	1.584	0.2	55.848	7	5	20	64411	49583
0388	3.172	30.944	1.504	0.236	58.064	6	3	20	64452	49794
0389	3.272	31.624	1.568	0.616	107.432	11	6	20	64406	49680
039	3.068	30.156	1.644	0.74	101.71600000000001	6	3	20	64444	49735
0390	3.188	30.772	1.604	0.16	159.288	10	6	20	64447	49663
0391	3.34	30.796	1.52	0.392	48.476	8	5	20	64405	49668
0392	3.352	29.812	1.548	0.664	104.072	8	4	20	64446	49674
0393	3.24	29.572	1.612	0.7	79.836	8	4	20	64454	49720
0394	3.156	31.08	1.62	0.768	163.596	7	2	20	64425	49675
0395	3.384	29.216	1.4	0.268	82.024	8	4	20	64405	49708
0396	3.148	30.624	1.528	0.796	33.488	8	6	20	64419	49712
0397	3.136	31.072	1.616	0.332	123.0	9	4	20	64435	49770
0398	2.968	31.48	1.716	0.54	48.208	7	5	20	64437	49693
0399	3.532	31.396	1.5	0.64	34.736	8	5	20	64396	49650
04	3.388	29.556	1.5	0.232	30.672	7	4	20	64394	49619
040	3.24	30.24	1.472	0.572	43.624	8	4	20	64411	49709
0400	2.848	29.308	1.584	0.492	19.636	7	6	20	64418	49693
0401	3.036	30.396	1.568	0.424	130.38	9	6	20	64439	49760
0402	3.136	30.8	1.416	0.364	125.996	7	2	20	64450	49701
0403	3.176	28.148	1.412	0.688	87.18	7	3	20	64409	49657
0404	3.1	29.224	1.428	0.328	24.344	7	4	20	64405	49668
0405	2.988	28.884	1.424	0.292	99.8	6	4	20	64443	49816
0406	2.916	28.044	1.528	0.608	60.312	7	5	20	64452	49777
0407	2.912	28.28	1.62	0.26	161.872	9	5	20	64441	49765
0408	2.936	31.024	1.628	0.192	49.936	8	5	20	64417	49787
0409	3.408	32.48	1.652	0.672	70.332	7	4	20	64417	49681
041	3.624	29.86	1.404	0.176	194.092	7	3	20	64425	49643
0410	3.556	29.276	1.444	0.392	89.604	9	5	20	64419	49732
0411	2.98	29.18	1.492	0.292	98.372	9	4	20	64416	49657
0412	3.012	29.252	1.564	0.672	71.084	9	5	20	64422	49581
0413	2.836	30.512	1.58	0.412	79.068	8	6	20	64436	49701
0414	2.648	28.876	1.6	0.28	54.948	8	5	20	64395	49558
0415	3.268	31.196	1.672	0.424	34.576	8	6	20	64411	49642
0416	3.42	30.396	1.384	0.44	131.796	11	6	20	64437	49734
0417	3.34	29.48	1.4	0.496	94.924	6	3	20	64467	49736
0418	3.212	28.244	1.412	0.488	64.44	6	3	20	64421	49674
0419	3.144	28.028	1.492	0.652	62.832	9	4	20	64448	49772
042	2.908	27.396	1.488	0.252	78.98	7	3	20	64406	49717
0420	2.724	27.512	1.612	1.0	183.712	7	3	20	64444	49703
0421	2.588	29.488	1.64	0.696	33.62	8	4	20	64399	49718
0422	3.556	29.1	1.352	0.452	72.336	9	5	20	64409	49674
0423	3.416	29.052	1.54	0.232	33.636	6	4	20	64443	49702
0424	3.192	28.56	1.468	0.552	54.688	8	3	20	64414	49774
0425	3.116	28.492	1.444	0.184	48.12	8	5	20	64409	49567
0426	2.924	29.708	1.56	0.64	90.6	8	4	20	64396	49560
0427	2.808	28.812	1.612	0.736	71.684	9	5	20	64414	49653
0428	3.196	29.668	1.596	0.404	84.404	8	4	20	64443	49711
0429	3.112	29.464	1.492	0.532	46.6	8	6	20	64433	49699
043	3.336	30.316	1.576	0.344	42.576	7	2	20	64417	49705
0430	3.048	28.928	1.492	0.4	54.3	8	5	20	64432	49752
0431	2.88	29.556	1.624	0.536	155.44	8	3	20	64437	49807
0432	3.26	29.692	1.364	0.604	90.70400000000001	7	3	20	64434	49679
0433	3.284	29.388	1.412	0.368	68.684	7	3	20	64434	49660
0434	3.128	30.304	1.436	0.316	46.468	10	6	20	64412	49591
0435	2.944	29.472	1.376	0.38	109.568	6	3	20	64429	49660
0436	3.072	28.504	1.548	0.676	40.06	6	3	20	64402	49682
0437	3.068	29.38	1.6	0.248	35.024	8	5	20	64392	49661
0438	2.888	31.42	1.716	0.692	79.348	7	5	20	64426	49719
0439	3.48	30.088	1.36	0.316	184.348	9	4	20	64430	49713
044	3.228	28.62	1.444	0.796	50.484	7	4	20	64418	49630
0440	3.236	28.624	1.536	0.48	128.76	9	5	20	64442	49652
0441	3.04	28.444	1.628	0.536	80.392	9	6	20	64427	49708
0442	2.72	29.14	1.604	1.06	157.90800000000002	7	3	20	64431	49746
0443	3.384	30.104	1.492	0.744	98.732	8	5	20	64446	49728
0444	3.324	31.48	1.596	0.78	200.06	9	5	20	64433	49663
0445	3.168	29.244	1.588	0.264	115.092	10	5	20	64429	49758
0446	3.2	31.66	1.596	0.44	85.504	9	7	20	64460	49679
0447	3.372	31.28	1.676	1.056	94.152	8	4	20	64446	49775
0448	3.548	30.772	1.648	0.436	34.696	7	4	20	64409	49709
0449	3.368	30.856	1.348	0.22	49.2	7	4	20	64439	49701
045	3.448	28.024	1.348	0.548	112.1	8	3	20	64385	49581
0450	3.508	28.864	1.536	0.628	33.756	7	4	20	64402	49692
0451	3.372	28.436	1.572	0.74	59.432	6	2	20	64411	49672
0452	2.976	28.504	1.592	0.528	82.58	10	6	20	64431	49802
0453	2.76	31.984	1.528	0.584	119.328	7	2	20	64429	49705
0454	3.384	31.056	1.548	0.708	22.432	6	3	20	64406	49720
0455	3.204	31.088	1.432	0.284	185.032	9	4	20	64447	49784
0456	3.1	30.144	1.496	0.324	101.352	9	6	20	64419	49712
0457	3.108	30.568	1.456	0.82	76.044	9	4	20	64433	49563
0458	2.996	29.432	1.56	0.244	22.404	7	3	20	64410	49630
0459	2.968	32.532	1.616	0.652	109.872	7	4	20	64456	49651
046	3.128	30.388	1.568	0.62	91.2	9	5	20	64437	49583
0460	3.152	31.684	1.6	0.884	54.556	9	5	20	64409	49655
0461	3.336	31.064	1.628	0.56	185.62	9	5	20	64450	49685
0462	3.336	29.984	1.496	0.968	32.428	8	4	20	64401	49746
0463	3.268	30.772	1.62	0.984	138.544	7	3	20	64429	49767
0464	2.944	30.564	1.616	0.472	63.664	8	5	20	64419	49702
0465	3.268	30.04	1.468	0.428	44.956	8	4	20	64400	49672
0466	3.164	28.876	1.512	0.528	56.308	8	4	20	64415	49747
0467	3.192	29.504	1.548	0.412	70.048	9	5	20	64400	49634
0468	3.008	29.416	1.6	0.356	39.508	8	5	20	64398	49637
0469	3.088	31.78	1.596	0.424	67.92	9	5	20	64441	49746
047	3.264	30.384	1.444	0.732	42.204	8	4	20	64428	49683
0470	3.244	30.068	1.508	0.352	45.204	6	2	20	64419	49701
0471	2.944	28.648	1.616	0.936	68.19200000000001	8	5	20	64437	49681
0472	2.956	31.072	1.572	0.38	50.828	9	6	20	64430	49757
0473	3.256	28.82	1.32	0.308	20.26	6	5	20	64415	49646
0474	3.132	28.56	1.436	0.268	25.488	5	3	20	64391	49638
0475	3.144	29.016	1.412	0.468	48.076	7	3	20	64411	49650
0476	2.92	28.932	1.428	0.472	35.248	7	5	20	64391	49691
0477	2.984	30.16	1.54	0.512	301.508	11	7	20	64447	49682
0478	2.884	30.068	1.32	0.416	105.068	9	6	20	64459	49724
0479	2.956	29.724	1.452	0.836	79.77199999999999	9	4	20	64441	49797
048	3.092	29.424	1.488	0.292	179.43200000000002	10	6	20	64439	49633
0480	2.948	29.2	1.408	0.328	45.176	9	5	20	64418	49718
0481	2.904	30.312	1.56	0.288	164.364	7	2	20	64413	49745
0482	3.072	30.24	1.712	0.48	45.148	8	6	20	64413	49618
0483	2.884	29.016	1.72	0.208	57.44	8	4	20	64422	49779
0484	3.544	31.496	1.448	0.592	98.196	7	4	20	64433	49773
0485	3.348	29.308	1.432	0.428	46.86	6	4	20	64432	49666
0486	3.028	30.224	1.672	0.304	34.796	6	3	20	64420	49732
0487	3.192	28.928	1.632	0.624	29.116	7	5	20	64409	49706
0488	2.896	29.976	1.676	0.8	67.036	8	3	20	64418	49646
0489	3.5	29.8	1.372	0.356	35.4	6	2	20	64400	49770
049	3.252	28.444	1.432	0.552	31.548	5	2	20	64427	49693
0490	3.252	29.688	1.564	0.828	62.832	7	4	20	64444	49743
0491	3.036	29.384	1.504	0.204	84.668	10	7	20	64418	49650
0492	2.864	28.896	1.56	0.288	78.768	8	5	20	64409	49654
0493	3.128	30.928	1.376	0.56	73.952	10	5	20	64426	49687
0494	2.84	31.164	1.588	0.404	58.132	6	3	20	64430	49765
0495	3.288	30.116	1.472	0.312	130.236	9	5	20	64450	49735
0496	3.24	31.708	1.628	0.272	24.368	4	2	20	64412	49688
0497	3.088	30.604	1.54	0.368	111.328	9	4	20	64447	49752
0498	3.364	30.524	1.356	0.516	145.808	9	5	20	64454	49721
0499	3.184	28.04	1.416	0.46	164.42000000000002	8	3	20	64454	49741
05	3.312	28.444	1.54	0.416	300.56	9	5	20	64462	49735
050	3.152	28.348	1.612	0.188	29.56	6	3	20	64377	49634
0500	3.004	27.868	1.596	0.364	49.552	7	4	20	64429	49653
0501	2.728	29.532	1.676	0.968	143.788	8	4	20	64441	49734
0502	3.392	31.644	1.56	0.412	79.64	8	4	20	64420	49646
0503	3.432	29.788	1.56	0.376	154.548	7	3	20	64447	49710
0504	3.172	30.376	1.52	0.504	71.916	6	2	20	64438	49746
0505	3.14	30.436	1.668	0.504	58.052	7	3	20	64409	49664
0506	3.424	31.788	1.724	0.36	71.312	8	5	20	64416	49776
0507	3.376	29.256	1.5	0.984	66.212	11	6	20	64420	49623
0508	3.64	29.728	1.504	0.756	122.184	10	6	20	64455	49731
0509	3.22	28.772	1.5	0.432	129.372	9	4	20	64436	49674
051	2.968	29.292	1.644	0.58	92.944	7	2	20	64441	49766
0510	2.912	29.08	1.668	1.012	141.812	7	3	20	64437	49777
0511	3.476	31.436	1.472	0.444	61.936	7	3	20	64420	49644
0512	3.248	31.324	1.664	0.616	35.244	6	4	20	64419	49712
0513	3.088	31.312	1.708	0.496	294.884	10	5	20	64461	49748
0514	3.512	29.692	1.336	0.224	68.088	8	4	20	64416	49745
0515	3.44	29.132	1.424	0.58	51.168	9	6	20	64428	49706
0516	3.132	28.608	1.516	0.168	47.632	7	3	20	64429	49714
0517	3.072	27.832	1.476	0.696	115.184	7	2	20	64446	49738
0518	2.752	28.272	1.52	0.272	65.116	7	5	20	64413	49769
0519	2.696	29.74	1.596	0.404	172.62	9	4	20	64430	49741
052	3.012	32.128	1.664	0.484	110.844	10	7	20	64437	49785
0520	3.416	30.604	1.48	0.716	219.52	7	4	20	64441	49758
0521	3.372	29.88	1.428	0.236	33.376	6	3	20	64412	49713
0522	3.124	30.084	1.628	0.652	64.456	9	5	20	64438	49708
0523	3.032	31.156	1.728	0.504	112.21600000000001	9	4	20	64424	49737
0524	3.648	31.532	1.696	0.972	56.168	7	3	20	64407	49651
0525	3.584	31.26	1.628	0.464	118.64	9	4	20	64426	49733
0526	3.244	31.152	1.672	0.288	44.748	6	4	20	64407	49633
0527	3.212	31.476	1.596	0.36	49.632	8	4	20	64385	49699
0528	3.348	31.772	1.668	0.34	38.1	9	6	20	64405	49726
0529	3.352	29.236	1.4	0.2	87.19200000000001	7	4	20	64439	49667
053	3.224	30.38	1.508	0.376	30.456	7	4	20	64411	49739
0530	3.172	29.596	1.504	0.688	78.992	9	7	20	64451	49702
0531	3.08	28.792	1.488	0.328	226.12	9	4	20	64451	49746
0532	2.848	29.072	1.432	0.436	57.24	8	4	20	64424	49713
0533	2.944	30.272	1.488	0.436	67.168	10	6	20	64441	49737
0534	3.092	29.564	1.588	0.276	54.616	8	6	20	64415	49733
0535	3.184	30.724	1.676	0.668	205.084	11	5	20	64441	49671
0536	3.096	30.908	1.692	0.492	74.592	9	5	20	64431	49706
0537	3.564	30.064	1.484	0.436	92.00800000000001	7	4	20	64422	49689
0538	3.576	29.56	1.432	0.752	28.508	7	4	20	64409	49665
0539	3.2	29.592	1.548	0.656	129.588	8	5	20	64447	49754
054	2.964	29.464	1.588	1.32	89.968	7	3	20	64440	49678
0540	2.98	29.896	1.816	0.648	85.36	9	5	20	64418	49700
0541	3.492	29.752	1.552	0.592	84.34	7	4	20	64440	49782
0542	3.524	30.788	1.612	0.232	123.896	8	5	20	64460	49771
0543	3.44	31.636	1.52	0.284	79.372	7	3	20	64421	49760
0544	3.4	29.28	1.464	1.464	156.39600000000002	3	1	20	64440	49614
0545	3.336	28.884	1.508	0.32	103.712	7	3	20	64433	49594
0546	3.236	28.804	1.592	0.308	150.076	10	6	20	64446	49782
0547	2.952	29.268	1.568	0.868	103.0	6	3	20	64388	49695
0548	3.152	29.856	1.612	0.432	72.68	8	5	20	64411	49715
0549	3.132	30.956	1.688	0.336	183.372	8	6	20	64471	49685
055	3.408	30.544	1.616	0.676	42.748	7	4	20	64407	49721
0550	3.288	32.504	1.684	0.248	64.004	7	5	20	64428	49721
0551	3.484	31.56	1.496	0.388	135.844	9	5	20	64433	49669
0552	3.4	29.844	1.476	0.828	168.772	10	5	20	64446	49682
0553	3.08	29.448	1.58	0.308	32.208	8	5	20	64403	49696
0554	3.096	29.228	1.396	1.116	74.268	7	4	20	64408	49716
0555	3.2	30.916	1.62	0.468	124.636	10	8	20	64446	49896
0556	3.044	30.424	1.6	0.328	84.076	8	3	20	64409	49655
0557	3.108	30.864	1.596	0.308	52.316	8	6	20	64433	49689
0558	3.184	32.544	1.62	0.436	65.576	9	5	20	64432	49684
0559	3.34	30.184	1.48	0.344	110.936	8	5	20	64444	49765
056	3.304	30.42	1.62	0.772	28.02	7	5	20	64424	49706
0560	3.016	31.72	1.592	0.3	39.572	6	4	20	64443	49790
0561	3.312	29.912	1.6	0.632	76.004	7	3	20	64424	49736
0562	3.284	29.888	1.416	0.348	53.836	7	5	20	64427	49740
0563	3.228	28.872	1.432	0.284	49.24	7	5	20	64446	49711
0564	2.804	28.852	1.456	0.216	109.068	9	6	20	64435	49757
0565	3.044	29.64	1.644	0.548	395.452	10	6	20	64448	49680
0566	2.988	29.056	1.68	0.196	105.936	8	4	20	64420	49724
0567	3.088	31.448	1.728	0.616	76.048	10	5	20	64437	49713
0568	3.692	29.792	1.484	0.46	35.56	6	3	20	64410	49750
0569	3.488	31.456	1.536	1.156	218.216	8	4	20	64438	49720
057	3.052	29.58	1.616	0.904	174.924	8	4	20	64437	49779
0570	3.02	31.128	1.696	0.472	126.74	8	4	20	64451	49714
0571	3.652	31.376	1.548	0.308	101.86	11	6	20	64411	49670
0572	3.604	29.248	1.536	0.32	94.74799999999999	8	4	20	64424	49763
0573	3.38	30.048	1.58	0.34	63.812	7	4	20	64424	49755
0574	2.956	29.86	1.664	1.012	166.68	9	5	20	64427	49669
0575	3.516	31.264	1.496	0.32	81.464	7	3	20	64411	49700
0576	3.34	29.332	1.496	0.224	48.872	7	3	20	64421	49650
0577	3.092	29.32	1.6	0.364	114.98400000000001	9	5	20	64443	49807
0578	3.12	31.708	1.64	0.744	37.008	6	4	20	64416	49723
0579	3.2	30.464	1.628	0.572	60.728	8	4	20	64418	49750
058	3.348	30.704	1.572	0.208	38.112	6	3	20	64436	49750
0580	3.308	29.592	1.508	0.192	51.664	7	4	20	64445	49785
0581	3.144	29.528	1.42	0.408	79.576	8	5	20	64451	49747
0582	3.1	30.896	1.548	0.236	45.472	6	4	20	64423	49764
0583	3.088	30.176	1.464	0.208	43.116	9	5	20	64436	49655
0584	2.936	31.008	1.652	0.412	35.284	9	6	20	64408	49681
0585	3.132	31.168	1.544	0.384	37.36	8	6	20	64416	49711
0586	3.332	27.88	1.364	0.8	87.196	10	4	20	64439	49702
0587	2.972	28.932	1.528	0.724	37.688	8	5	20	64397	49698
0588	2.976	28.316	1.44	0.576	168.052	8	3	20	64427	49821
0589	2.836	28.276	1.452	0.872	77.8	8	4	20	64425	49735
059	2.836	29.508	1.436	0.556	41.064	6	3	20	64424	49565
0590	2.944	28.812	1.584	0.92	41.848	6	4	20	64419	49654
0591	2.864	31.476	1.512	0.548	17.216	6	4	20	64412	49637
0592	2.824	31.008	1.608	0.496	22.052	6	4	20	64400	49712
0593	3.18	31.756	1.536	0.224	26.228	7	4	20	64382	49663
0594	3.268	28.372	1.32	0.316	114.392	7	3	20	64428	49692
0595	3.276	29.096	1.4	0.788	108.3	8	4	20	64427	49665
0596	2.952	27.9	1.456	0.26	112.956	9	5	20	64436	49654
0597	3.056	29.064	1.472	0.328	38.808	8	4	20	64391	49647
0598	2.86	28.24	1.528	0.44	67.812	8	3	20	64429	49818
0599	2.584	29.504	1.596	0.492	36.476	8	4	20	64424	49783
06	2.776	29.972	1.668	0.432	136.464	7	3	20	64440	49725
060	3.48	30.692	1.368	0.384	34.488	6	5	20	64432	49681
0600	3.336	31.152	1.552	0.756	29.248	5	3	20	64425	49719
0601	3.072	29.616	1.604	0.868	37.084	9	5	20	64429	49706
0602	3.048	30.14	1.512	0.232	176.312	9	4	20	64426	49761
0603	3.312	28.436	1.372	0.172	73.096	7	3	20	64441	49786
0604	3.128	27.852	1.4	0.564	69.324	9	4	20	64415	49724
0605	2.9	29.52	1.476	0.468	19.492	5	4	20	64433	49729
0606	2.944	28.908	1.488	0.352	28.116	6	4	20	64423	49740
0607	2.76	30.796	1.564	0.352	208.94	9	4	20	64439	49601
0608	2.892	29.688	1.564	0.308	56.352	5	2	20	64429	49694
0609	3.336	29.856	1.668	0.592	21.676	5	4	20	64431	49741
061	3.352	29.484	1.628	0.424	54.74	6	3	20	64401	49710
0610	3.204	29.572	1.556	0.364	115.332	8	4	20	64444	49731
0611	3.348	30.152	1.508	0.46	43.484	8	5	20	64412	49600
0612	3.3	30.308	1.5	0.5	38.28	9	6	20	64421	49706
0613	3.092	29.16	1.536	0.864	123.748	10	5	20	64427	49709
0614	2.98	29.796	1.64	0.812	89.992	8	4	20	64431	49653
0615	3.132	29.944	1.4	0.392	100.72800000000001	8	3	20	64419	49759
0616	3.284	29.548	1.544	0.764	61.512	8	5	20	64422	49737
0617	3.144	30.128	1.616	0.624	113.988	7	3	20	64458	49764
0618	3.132	31.252	1.664	0.804	36.164	7	5	20	64416	49685
0619	3.524	30.98	1.42	0.536	24.564	8	6	20	64421	49760
062	3.148	29.588	1.448	0.528	77.264	8	5	20	64431	49657
0620	3.124	29.156	1.452	0.7	83.676	8	4	20	64425	49734
0621	3.02	29.276	1.344	0.484	110.012	9	4	20	64414	49637
0622	2.948	28.736	1.508	0.82	72.572	7	4	20	64411	49722
0623	2.748	28.872	1.544	0.372	93.9	7	4	20	64443	49680
0624	2.812	28.848	1.556	0.748	74.78	9	5	20	64446	49708
0625	2.868	29.168	1.636	0.904	101.48400000000001	8	4	20	64449	49797
0626	3.416	31.58	1.5	0.408	86.94	10	6	20	64421	49773
0627	3.272	30.16	1.6	0.784	79.36	8	3	20	64418	49697
0628	3.252	29.312	1.328	0.496	71.12	8	4	20	64420	49762
0629	3.092	29.448	1.44	0.356	59.084	9	5	20	64420	49676
063	3.156	29.26	1.412	0.26	51.312	7	4	20	64421	49741
0630	2.876	28.612	1.536	0.356	25.896	6	4	20	64405	49660
0631	2.76	29.968	1.596	0.676	102.32	9	5	20	64432	49723
0632	2.876	30.992	1.624	0.412	40.408	8	4	20	64423	49701
0633	3.256	30.216	1.3	0.288	171.39600000000002	10	5	20	64441	49744
0634	3.356	28.848	1.368	0.496	51.204	7	4	20	64414	49717
0635	2.928	27.752	1.408	0.588	62.652	8	5	20	64424	49764
0636	2.868	29.064	1.468	0.428	60.764	9	5	20	64423	49771
0637	2.984	28.548	1.504	1.116	98.928	6	2	20	64439	49669
0638	2.792	28.0	1.496	0.3	33.828	7	4	20	64403	49731
0639	2.844	31.044	1.692	0.584	45.924	9	4	20	64413	49706
064	3.476	29.876	1.44	0.164	22.312	5	3	20	64428	49649
0640	3.36	29.676	1.428	0.78	15.388	6	4	20	64407	49731
0641	3.168	29.348	1.392	0.264	144.648	10	5	20	64431	49739
0642	3.024	29.608	1.404	0.3	95.888	8	3	20	64453	49778
0643	2.904	29.444	1.484	0.612	31.404	6	3	20	64437	49793
0644	2.976	30.164	1.52	0.568	157.816	9	5	20	64437	49706
0645	3.028	29.34	1.6	0.412	53.844	7	4	20	64429	49640
0646	2.964	29.496	1.632	0.376	68.344	8	4	20	64427	49642
0647	2.856	30.34	1.616	0.38	328.79200000000003	9	6	20	64438	49669
0648	3.288	31.132	1.508	0.668	116.5	11	6	20	64427	49692
0649	3.228	31.716	1.756	0.784	40.824	6	3	20	64400	49705
065	3.456	31.036	1.548	0.712	27.752	5	4	20	64430	49759
0650	3.368	28.888	1.456	0.744	104.86	8	4	20	64439	49759
0651	3.096	29.024	1.528	0.26	112.024	7	2	20	64415	49705
0652	3.124	30.568	1.568	0.344	70.516	7	4	20	64432	49714
0653	3.116	30.016	1.608	0.484	124.756	10	6	20	64443	49715
0654	3.184	30.664	1.532	0.692	64.228	8	5	20	64428	49728
0655	3.328	31.492	1.616	0.36	39.076	7	5	20	64409	49699
0656	3.216	31.068	1.724	0.384	96.536	9	5	20	64401	49660
0657	3.54	28.392	1.404	0.532	87.188	8	3	20	64427	49738
0658	3.496	28.868	1.38	0.284	50.652	8	4	20	64399	49651
0659	3.088	29.04	1.652	0.624	64.896	10	5	20	64396	49725
066	2.968	28.196	1.688	0.392	44.212	6	3	20	64427	49732
0660	2.848	29.408	1.708	0.216	50.18	3	2	20	64429	49685
0661	3.404	32.284	1.532	0.488	63.64	10	6	20	64419	49773
0662	3.232	29.732	1.48	0.556	49.296	7	4	20	64423	49794
0663	3.392	29.172	1.412	0.356	83.804	10	7	20	64410	49735
0664	3.148	29.62	1.32	0.308	17.284	6	4	20	64420	49697
0665	3.16	29.168	1.388	0.22	153.952	8	4	20	64446	49720
0666	2.892	28.968	1.56	0.432	197.124	9	6	20	64447	49598
0667	2.724	28.468	1.456	0.344	106.16	6	2	20	64433	49670
0668	2.828	29.048	1.536	0.788	227.94	9	6	20	64423	49713
0669	2.932	30.372	1.568	0.372	118.5	9	4	20	64427	49730
067	3.064	29.752	1.516	0.264	112.924	9	4	20	64443	49757
0670	3.02	29.604	1.652	0.396	76.848	9	6	20	64417	49704
0671	3.436	32.576	1.696	0.736	89.884	8	4	20	64433	49722
0672	3.484	31.236	1.608	0.356	125.6	8	5	20	64438	49724
0673	3.284	29.692	1.424	0.536	50.004	8	4	20	64418	49767
0674	3.24	30.284	1.552	0.68	79.84	8	4	20	64413	49699
0675	3.204	29.392	1.536	0.576	33.16	6	3	20	64412	49615
0676	2.948	29.684	1.652	0.688	40.932	7	5	20	64428	49749
0677	3.16	29.528	1.556	0.336	162.96	7	3	20	64437	49720
0678	3.156	30.908	1.572	0.36	131.092	10	6	20	64419	49683
0679	3.348	32.212	1.544	0.22	90.53999999999999	7	4	20	64446	49835
068	3.436	28.952	1.52	0.932	59.164	7	3	20	64412	49681
0680	2.968	29.392	1.572	0.728	77.5	8	5	20	64430	49709
0681	3.044	29.736	1.552	0.196	113.864	8	6	20	64420	49702
0682	3.156	29.796	1.664	0.212	76.892	9	5	20	64407	49719
0683	3.276	31.288	1.68	0.328	66.792	8	5	20	64425	49779
0684	3.492	32.108	1.504	0.944	50.008	7	3	20	64411	49678
0685	3.348	29.98	1.384	0.268	60.168	7	2	20	64438	49751
0686	2.924	29.008	1.448	0.592	29.74	6	3	20	64420	49748
0687	3.124	28.864	1.392	0.392	47.744	7	4	20	64422	49682
0688	3.056	27.856	1.448	0.4	43.072	8	3	20	64415	49719
0689	2.972	28.964	1.384	0.196	71.572	9	7	20	64437	49752
069	2.7	29.276	1.528	0.268	80.676	8	4	20	64411	49747
0690	2.712	28.932	1.576	0.692	145.276	9	4	20	64445	49723
0691	2.88	30.592	1.72	0.468	57.608	7	4	20	64437	49726
0692	3.224	30.604	1.448	0.468	42.104	8	6	20	64412	49675
0693	3.352	29.7	1.656	0.5	114.124	8	5	20	64444	49699
0694	3.396	29.716	1.66	0.62	95.908	10	5	20	64420	49765
0695	3.068	29.812	1.616	0.596	39.312	9	6	20	64404	49696
0696	3.252	29.388	1.396	0.5	82.268	9	4	20	64439	49717
0697	3.404	30.508	1.536	0.58	98.116	9	5	20	64435	49644
0698	3.344	30.336	1.552	0.532	49.592	6	2	20	64433	49733
0699	2.868	30.552	1.58	0.536	116.06	10	5	20	64418	49712
07	3.132	30.668	1.468	0.464	87.53999999999999	9	5	20	64451	49738
070	3.216	30.068	1.536	0.28	81.64	9	5	20	64443	49755
0700	3.336	28.864	1.416	0.4	249.508	8	4	20	64418	49604
0701	3.172	30.712	1.54	0.436	107.79599999999999	9	4	20	64439	49756
0702	2.804	29.812	1.596	0.572	70.088	7	3	20	64427	49764
0703	2.984	29.496	1.624	0.324	36.212	8	6	20	64425	49804
0704	3.324	30.1	1.592	0.796	38.776	8	6	20	64386	49701
0705	3.412	30.144	1.476	0.516	24.524	7	4	20	64406	49713
0706	3.344	30.036	1.464	0.216	29.076	7	6	20	64423	49737
0707	3.184	28.908	1.616	0.284	62.004	8	5	20	64388	49753
0708	2.932	31.816	1.496	0.456	26.696	6	4	20	64420	49674
0709	3.136	28.856	1.46	0.468	71.312	7	4	20	64431	49725
071	3.108	30.128	1.456	0.656	24.572	8	5	20	64426	49823
0710	3.02	29.58	1.488	0.608	125.62	10	6	20	64426	49721
0711	3.04	28.932	1.432	0.684	70.7	7	4	20	64411	49692
0712	2.852	28.876	1.592	1.14	27.392	6	2	20	64405	49638
0713	3.052	30.58	1.516	0.38	165.076	8	4	20	64441	49717
0714	3.18	29.816	1.6	0.668	41.948	8	6	20	64415	49667
0715	3.232	30.2	1.516	0.552	84.804	8	4	20	64418	49763
0716	3.144	31.232	1.448	0.676	87.22	8	4	20	64426	49658
0717	3.144	31.596	1.584	0.216	58.016	6	3	20	64434	49668
0718	3.188	30.212	1.556	0.48	62.296	8	5	20	64442	49736
0719	3.34	30.98	1.52	0.432	58.9	8	5	20	64404	49746
072	3.208	29.972	1.64	0.56	77.404	8	5	20	64449	49637
0720	3.216	30.872	1.512	0.64	100.036	9	5	20	64449	49760
0721	3.136	29.548	1.516	0.468	171.524	9	4	20	64448	49762
0722	3.052	30.14	1.524	0.572	78.396	7	3	20	64419	49694
0723	3.168	28.688	1.428	0.68	33.352	8	5	20	64405	49671
0724	2.924	30.0	1.524	0.552	68.496	9	6	20	64420	49739
0725	3.116	28.972	1.504	0.4	60.268	9	5	20	64414	49685
0726	3.184	30.8	1.572	0.4	106.316	7	5	20	64427	49702
0727	3.088	31.052	1.584	0.32	30.284	8	6	20	64428	49690
0728	3.252	31.128	1.56	0.396	93.556	10	4	20	64430	49773
0729	3.296	30.376	1.476	0.412	63.188	8	4	20	64431	49666
073	3.112	28.92	1.412	0.476	46.288	6	4	20	64397	49606
0730	3.132	28.84	1.512	0.248	70.32	7	5	20	64431	49637
0731	2.928	30.408	1.652	0.516	218.424	11	7	20	64445	49735
0732	2.78	28.988	1.676	0.372	85.548	6	3	20	64445	49719
0733	3.408	29.36	1.38	0.52	36.628	7	6	20	64433	49674
0734	3.368	28.416	1.432	0.56	94.664	8	3	20	64433	49774
0735	3.364	29.48	1.54	0.532	292.116	7	3	20	64453	49759
0736	2.836	30.1	1.56	0.624	24.244	5	4	20	64432	49711
0737	2.78	29.428	1.596	0.436	42.868	8	5	20	64407	49619
0738	3.136	30.972	1.512	0.464	146.132	9	4	20	64442	49754
0739	3.432	30.28	1.448	0.308	33.176	8	5	20	64412	49770
074	3.248	29.272	1.564	0.288	59.68	7	4	20	64423	49682
0740	3.248	31.092	1.62	0.556	219.528	6	3	20	64453	49678
0741	3.036	30.776	1.58	0.244	17.592	6	3	20	64390	49642
0742	3.32	30.712	1.476	0.412	167.54399999999998	8	3	20	64459	49675
0743	3.292	29.848	1.496	0.384	120.82	9	4	20	64415	49724
0744	3.044	30.06	1.664	0.356	191.468	8	3	20	64437	49717
0745	3.064	30.764	1.648	0.56	40.676	7	4	20	64412	49713
0746	3.356	31.644	1.62	0.176	39.692	7	5	20	64399	49713
0747	3.272	30.1	1.54	0.72	149.776	9	5	20	64420	49673
0748	3.128	30.928	1.652	0.512	119.916	8	3	20	64430	49776
0749	3.288	32.04	1.636	0.668	64.792	8	5	20	64432	49753
075	3.412	31.956	1.776	0.852	80.064	9	5	20	64436	49653
0750	3.388	30.032	1.536	0.436	119.936	10	5	20	64443	49796
0751	3.336	29.552	1.624	0.764	37.236	6	3	20	64438	49761
0752	3.296	29.688	1.64	0.532	69.672	7	4	20	64426	49715
0753	3.52	31.512	1.484	0.536	41.7	7	4	20	64406	49649
0754	3.284	29.956	1.364	0.32	51.424	9	5	20	64423	49720
0755	3.148	27.904	1.464	0.712	96.824	8	5	20	64425	49698
0756	3.144	30.544	1.44	0.66	60.556	7	4	20	64405	49626
0757	2.896	28.376	1.48	0.492	54.748	8	3	20	64421	49718
0758	2.764	30.116	1.588	0.652	57.108	6	4	20	64434	49717
0759	3.028	30.992	1.564	0.44	146.916	8	6	20	64452	49774
076	3.36	29.624	1.536	0.304	87.108	8	4	20	64411	49658
0760	3.18	31.064	1.512	0.368	75.888	7	5	20	64431	49779
0761	3.016	29.188	1.4	0.52	82.624	9	5	20	64419	49673
0762	3.14	28.984	1.404	0.688	67.792	6	3	20	64428	49800
0763	3.008	30.744	1.632	0.612	31.376	6	4	20	64414	49659
0764	2.968	29.16	1.62	0.484	54.292	9	4	20	64406	49742
0765	2.912	31.4	1.684	0.496	95.364	9	5	20	64420	49641
0766	3.524	29.468	1.424	0.316	95.188	9	5	20	64449	49705
0767	3.288	28.052	1.384	0.308	85.008	8	5	20	64424	49733
0768	3.144	28.92	1.408	0.536	40.724	6	3	20	64400	49669
0769	2.996	28.368	1.564	0.528	46.296	8	5	20	64422	49693
077	2.932	27.696	1.556	0.532	74.436	7	4	20	64435	49769
0770	2.744	29.156	1.616	0.424	44.624	7	3	20	64393	49711
0771	2.976	31.348	1.712	0.448	139.804	9	4	20	64435	49754
0772	3.568	30.004	1.484	0.472	93.184	9	4	20	64444	49720
0773	3.54	29.612	1.448	0.424	22.384	8	5	20	64382	49671
0774	3.06	29.228	1.42	0.424	85.492	8	3	20	64432	49760
0775	3.044	28.716	1.476	0.368	55.116	8	4	20	64414	49661
0776	3.164	28.188	1.372	0.556	128.044	10	7	20	64447	49674
0777	3.08	29.156	1.608	0.476	285.352	10	5	20	64444	49636
0778	2.948	28.22	1.632	0.364	283.748	10	5	20	64457	49665
0779	2.884	30.74	1.684	0.684	40.416	8	6	20	64412	49735
078	3.468	31.712	1.368	0.56	217.324	9	5	20	64445	49653
0780	3.236	28.508	1.464	0.428	103.80799999999999	8	4	20	64427	49747
0781	3.172	28.576	1.58	0.336	17.888	6	3	20	64390	49547
0782	3.068	28.056	1.728	0.436	53.712	6	3	20	64439	49799
0783	3.004	28.392	1.688	0.812	68.94800000000001	7	3	20	64443	49742
0784	3.568	31.54	1.672	0.94	86.0	9	5	20	64422	49731
0785	3.296	31.468	1.584	0.732	84.8	9	6	20	64455	49768
0786	3.344	32.164	1.684	0.516	79.69200000000001	7	4	20	64428	49645
0787	3.388	30.652	1.58	0.712	109.572	7	3	20	64442	49726
0788	3.208	30.708	1.68	0.6	42.788	7	4	20	64409	49628
0789	3.58	31.172	1.484	0.472	204.136	10	6	20	64435	49733
079	3.328	31.404	1.504	0.38	52.9	8	4	20	64413	49634
0790	3.224	28.72	1.392	0.228	52.868	8	5	20	64425	49620
0791	3.156	27.916	1.5	0.416	75.94800000000001	7	2	20	64418	49646
0792	2.972	29.524	1.572	0.452	142.328	10	5	20	64419	49723
0793	3.104	28.232	1.512	0.544	61.412	9	6	20	64397	49574
0794	2.824	28.148	1.604	0.732	158.196	10	5	20	64443	49746
0795	2.98	30.908	1.632	0.452	156.656	8	3	20	64436	49747
0796	3.284	31.184	1.604	0.52	46.42	8	5	20	64401	49691
0797	3.292	30.116	1.428	0.852	48.8	8	4	20	64418	49716
0798	3.256	30.86	1.628	0.296	44.196	7	5	20	64410	49637
0799	3.068	30.764	1.672	0.364	147.564	9	4	20	64431	49720
08	3.416	32.352	1.592	0.364	65.484	8	3	20	64425	49752
080	3.32	29.372	1.372	0.252	176.92000000000002	8	5	20	64432	49712
0800	3.252	29.108	1.368	0.336	40.204	7	5	20	64411	49718
0801	3.068	29.476	1.548	0.264	272.748	10	4	20	64467	49762
0802	3.108	29.728	1.564	0.544	164.1	9	6	20	64415	49639
0803	2.992	30.476	1.628	0.724	96.348	7	3	20	64426	49766
0804	3.1	30.74	1.572	0.348	54.664	6	4	20	64422	49678
0805	3.376	30.568	1.632	0.232	94.21600000000001	7	4	20	64418	49668
0806	3.16	31.648	1.62	0.732	81.032	8	5	20	64430	49681
0807	3.336	30.816	1.516	0.5	32.636	7	3	20	64403	49733
0808	3.184	31.32	1.616	0.444	57.052	7	3	20	64435	49736
0809	3.344	32.54	1.644	0.692	26.98	8	5	20	64399	49704
081	3.38	29.86	1.52	0.524	15.728	6	3	20	64391	49659
0810	3.336	27.676	1.364	0.4	86.592	6	3	20	64430	49703
0811	3.244	29.096	1.588	0.648	81.736	9	5	20	64420	49753
0812	3.072	30.092	1.472	0.344	76.30799999999999	8	4	20	64420	49741
0813	2.9	28.664	1.512	0.344	115.7	9	5	20	64447	49749
0814	2.752	28.236	1.536	0.452	75.88	6	2	20	64426	49735
0815	3.044	28.232	1.628	0.488	50.888	9	6	20	64414	49667
0816	2.904	29.228	1.656	0.564	108.656	9	4	20	64443	49746
0817	3.448	28.392	1.352	0.392	185.224	9	4	20	64439	49713
0818	3.248	28.02	1.392	0.228	76.008	9	4	20	64427	49774
0819	3.116	26.932	1.516	0.832	47.572	7	4	20	64422	49699
082	3.188	28.912	1.556	0.18	71.29599999999999	8	6	20	64430	49704
0820	2.908	28.44	1.64	0.244	50.512	7	4	20	64409	49774
0821	2.688	29.644	1.68	0.684	60.396	8	6	20	64439	49712
0822	3.5	30.856	1.568	0.456	41.088	7	3	20	64420	49772
0823	3.34	29.844	1.424	0.564	54.148	8	6	20	64411	49668
0824	3.088	30.54	1.336	0.576	25.904	6	2	20	64420	49724
0825	3.036	29.828	1.476	0.516	84.24	8	5	20	64417	49619
0826	3.2	30.564	1.54	0.876	68.596	8	3	20	64416	49679
0827	3.212	28.208	1.412	0.308	108.51599999999999	10	6	20	64423	49730
0828	2.852	30.452	1.592	0.304	125.608	7	2	20	64430	49703
0829	2.928	30.064	1.544	0.372	83.328	9	4	20	64442	49726
083	3.176	30.42	1.6	0.58	82.264	5	2	20	64427	49675
0830	3.092	30.9	1.684	0.732	83.968	7	3	20	64442	49780
0831	3.488	30.1	1.564	0.496	37.668	8	4	20	64430	49697
0832	3.392	30.396	1.612	0.836	40.252	8	4	20	64426	49658
0833	3.164	29.212	1.712	1.124	184.88	9	4	20	64449	49804
0834	3.556	29.2	1.396	0.556	152.95600000000002	8	4	20	64440	49751
0835	3.504	30.548	1.368	1.036	177.816	10	4	20	64431	49755
0836	3.216	28.9	1.412	0.292	94.664	10	6	20	64399	49638
0837	3.084	28.612	1.392	0.34	43.148	10	7	20	64410	49730
0838	2.716	28.336	1.556	1.064	106.572	7	4	20	64429	49734
0839	2.724	29.576	1.592	0.72	94.47200000000001	8	4	20	64419	49664
084	2.848	31.444	1.668	0.612	45.416	8	6	20	64442	49707
0840	3.456	32.096	1.628	0.42	106.3	8	3	20	64432	49708
0841	3.36	31.684	1.58	0.804	127.848	10	5	20	64442	49721
0842	3.368	31.124	1.472	0.38	186.08	10	7	20	64451	49680
0843	3.404	30.412	1.552	0.736	87.68	9	5	20	64447	49796
0844	3.228	29.952	1.508	0.54	48.032	8	5	20	64436	49749
0845	2.984	30.112	1.504	0.416	73.984	7	4	20	64435	49718
0846	2.952	30.572	1.596	0.82	96.24799999999999	9	4	20	64439	49649
0847	3.204	30.6	1.6	0.204	56.168	7	4	20	64415	49669
0848	3.384	30.216	1.636	0.48	48.52	6	3	20	64400	49694
0849	3.36	31.64	1.572	0.528	32.708	5	3	20	64412	49757
085	3.404	29.916	1.488	0.684	58.7	8	5	20	64426	49690
0850	3.528	29.68	1.588	0.244	40.244	8	4	20	64417	49656
0851	3.244	30.132	1.484	0.256	59.212	8	4	20	64415	49632
0852	3.044	29.252	1.396	0.944	146.24	8	5	20	64456	49778
0853	2.764	29.028	1.548	1.068	150.672	7	5	20	64446	49723
0854	3.008	30.684	1.6	0.316	49.136	7	4	20	64406	49651
0855	2.956	29.992	1.636	0.52	114.21600000000001	10	6	20	64419	49740
0856	3.572	29.488	1.544	0.512	26.736	5	3	20	64401	49724
0857	3.408	29.6	1.524	0.812	91.72800000000001	8	4	20	64418	49623
0858	3.164	29.56	1.468	0.648	50.424	10	5	20	64443	49772
0859	2.864	30.072	1.612	0.756	50.04	6	4	20	64427	49805
086	3.068	29.32	1.596	0.476	24.732	7	4	20	64405	49756
0860	3.348	31.464	1.692	0.428	148.304	7	3	20	64448	49647
0861	3.532	27.784	1.376	0.316	117.20400000000001	9	6	20	64453	49760
0862	3.392	27.928	1.4	0.408	195.78	8	3	20	64443	49722
0863	3.364	28.16	1.32	0.272	122.19200000000001	9	4	20	64428	49830
0864	2.936	27.864	1.464	0.344	63.596000000000004	7	4	20	64432	49619
0865	2.96	28.152	1.476	0.772	146.344	8	3	20	64412	49652
0866	2.752	29.432	1.604	0.28	65.248	8	4	20	64398	49649
0867	2.512	29.656	1.68	0.592	100.884	9	4	20	64432	49801
0868	3.476	31.564	1.472	0.504	134.64	9	5	20	64427	49634
0869	3.308	30.772	1.452	0.296	74.184	8	4	20	64433	49690
087	3.204	29.012	1.496	1.108	268.816	8	4	20	64438	49645
0870	3.232	29.9	1.54	1.512	81.852	6	2	20	64411	49646
0871	2.94	30.424	1.684	0.292	36.644	6	3	20	64421	49769
0872	2.972	30.88	1.484	1.132	77.328	8	5	20	64431	49575
0873	3.276	31.22	1.652	0.456	217.364	10	4	20	64444	49784
0874	3.44	29.396	1.576	0.276	47.06	9	6	20	64404	49572
0875	3.276	29.136	1.588	0.456	160.948	10	5	20	64427	49715
0876	3.212	29.74	1.584	0.376	22.108	6	4	20	64395	49658
0877	3.28	30.164	1.504	0.368	68.932	7	5	20	64418	49762
0878	3.256	30.432	1.516	0.332	25.524	5	4	20	64425	49704
0879	3.16	29.976	1.548	0.7	28.812	5	3	20	64404	49737
088	3.104	31.136	1.648	0.692	97.68	8	5	20	64430	49757
0880	3.092	30.188	1.684	0.368	43.556	7	4	20	64403	49707
0881	3.24	31.396	1.532	0.64	108.388	8	5	20	64429	49780
0882	3.408	30.168	1.616	0.376	207.172	10	6	20	64428	49792
0883	3.176	31.232	1.512	0.504	152.98	6	2	20	64440	49762
0884	3.232	31.896	1.548	0.304	62.188	9	5	20	64432	49672
0885	3.34	29.216	1.448	0.492	114.852	10	5	20	64431	49803
0886	3.184	28.844	1.496	0.224	97.664	8	5	20	64432	49774
0887	3.14	29.412	1.628	0.468	92.936	8	4	20	64416	49686
0888	3.0	30.54	1.688	1.504	178.404	8	3	20	64425	49644
0889	3.464	31.068	1.632	0.34	67.568	6	4	20	64434	49735
089	3.34	32.072	1.676	0.524	142.052	8	6	20	64440	49578
0890	3.572	29.436	1.364	0.308	66.168	8	6	20	64418	49739
0891	3.64	29.024	1.456	0.568	162.528	7	3	20	64446	49729
0892	3.164	28.328	1.408	0.352	59.468	8	4	20	64420	49671
0893	2.924	28.296	1.568	0.776	73.648	8	5	20	64417	49703
0894	2.936	29.532	1.648	0.328	29.516	6	3	20	64409	49668
0895	2.68	29.428	1.7	0.444	86.836	8	4	20	64436	49739
0896	3.468	28.164	1.356	0.752	54.836	7	5	20	64430	49711
0897	3.372	28.632	1.4	0.644	59.98	7	4	20	64435	49732
0898	3.256	28.528	1.448	0.36	88.812	7	3	20	64425	49673
0899	3.224	29.04	1.552	0.172	29.18	8	4	20	64401	49764
09	2.848	29.408	1.608	0.636	260.872	9	7	20	64450	49731
090	2.656	29.948	1.628	0.412	55.776	9	5	20	64448	49747
0900	3.228	30.984	1.524	0.204	49.528	7	4	20	64420	49703
0901	3.188	29.764	1.384	0.524	38.868	7	4	20	64399	49694
0902	3.148	28.42	1.396	0.664	48.224	7	5	20	64399	49700
0903	3.112	29.188	1.56	0.392	32.24	8	4	20	64440	49669
0904	3.016	29.108	1.524	0.228	97.20400000000001	9	6	20	64446	49729
0905	3.1	29.396	1.432	0.604	109.536	9	4	20	64449	49756
0906	2.94	28.232	1.596	0.62	107.788	8	4	20	64425	49740
0907	3.2	30.024	1.48	0.612	252.768	8	4	20	64448	49733
0908	2.96	29.544	1.568	0.484	81.18	9	5	20	64425	49648
0909	3.188	29.376	1.528	0.26	110.568	7	4	20	64422	49755
091	2.888	30.016	1.664	0.584	50.08	8	5	20	64412	49718
0910	3.54	31.164	1.396	0.404	42.704	7	4	20	64415	49782
0911	3.424	30.0	1.496	0.692	176.96800000000002	9	4	20	64448	49678
0912	3.228	28.092	1.472	0.724	62.656	7	3	20	64446	49719
0913	3.068	29.864	1.656	0.332	50.584	6	4	20	64442	49775
0914	2.868	28.872	1.72	0.82	137.472	9	4	20	64430	49715
0915	3.532	31.38	1.544	0.396	66.504	7	4	20	64407	49760
0916	3.412	30.78	1.624	0.748	82.504	8	6	20	64463	49753
0917	3.056	29.628	1.68	0.56	196.92000000000002	7	3	20	64441	49767
0918	3.412	33.476	1.596	0.404	108.544	10	5	20	64434	49607
0919	3.372	31.928	1.676	0.34	34.48	8	5	20	64403	49571
092	3.448	30.112	1.404	0.312	87.78399999999999	7	3	20	64425	49669
0920	3.248	29.236	1.54	0.28	76.524	9	4	20	64435	49725
0921	3.38	28.232	1.436	0.4	28.096	7	5	20	64399	49711
0922	2.892	28.24	1.676	0.504	124.756	8	6	20	64449	49760
0923	2.98	29.844	1.524	0.54	46.576	7	5	20	64410	49655
0924	3.16	31.564	1.52	0.404	63.448	6	3	20	64424	49679
0925	3.28	31.692	1.532	0.484	125.928	8	4	20	64421	49679
0926	3.152	30.66	1.66	0.376	48.3	8	5	20	64423	49672
0927	3.148	29.752	1.496	0.452	207.484	10	5	20	64445	49735
0928	3.352	30.328	1.576	0.372	178.768	11	6	20	64418	49721
0929	2.984	28.54	1.544	0.288	105.06	8	3	20	64438	49687
093	3.096	29.228	1.592	0.744	55.28	7	3	20	64431	49730
0930	3.116	30.096	1.548	0.888	159.096	8	3	20	64435	49698
0931	3.372	29.616	1.596	0.48	48.48	7	4	20	64409	49659
0932	3.128	30.52	1.672	0.584	108.964	7	4	20	64438	49815
0933	3.532	31.716	1.688	0.752	151.832	9	4	20	64451	49717
0934	3.356	30.344	1.596	0.296	39.792	6	5	20	64449	49721
0935	3.336	29.676	1.648	0.692	54.148	6	4	20	64433	49693
0936	3.168	30.856	1.692	0.28	38.836	7	4	20	64409	49727
0937	3.512	29.672	1.328	0.416	78.42	9	5	20	64437	49685
0938	3.184	27.908	1.388	0.584	49.092	7	5	20	64412	49707
0939	3.204	28.184	1.416	0.4	145.076	8	3	20	64454	49802
094	2.928	27.392	1.456	0.6	63.852	8	6	20	64447	49664
0940	2.832	28.54	1.552	0.796	38.824	9	4	20	64409	49776
0941	2.792	27.716	1.528	0.564	30.036	5	3	20	64405	49617
0942	2.768	28.856	1.648	0.464	51.608	7	4	20	64398	49552
0943	3.644	29.412	1.38	0.272	30.516	8	5	20	64404	49657
0944	3.568	31.672	1.352	0.312	82.936	9	6	20	64406	49701
0945	3.196	29.072	1.388	0.308	165.06799999999998	9	4	20	64454	49755
0946	2.876	28.908	1.504	0.328	80.624	10	7	20	64432	49668
0947	2.724	30.052	1.556	0.332	130.544	8	4	20	64426	49673
0948	2.708	28.984	1.56	0.236	64.02	9	5	20	64436	49728
0949	2.588	29.016	1.776	0.596	36.72	10	6	20	64395	49490
095	3.496	31.504	1.704	0.56	59.34	9	6	20	64412	49690
0950	3.344	30.484	1.436	0.372	79.452	7	3	20	64420	49727
0951	3.516	29.448	1.464	0.328	50.092	8	5	20	64403	49689
0952	3.188	30.244	1.512	0.308	54.488	8	4	20	64388	49599
0953	2.972	29.332	1.688	0.868	36.012	8	4	20	64415	49732
0954	3.068	29.872	1.732	0.928	63.82	8	4	20	64442	49619
0955	3.44	32.316	1.604	0.86	71.664	8	4	20	64435	49705
0956	3.264	28.428	1.332	0.264	75.9	10	5	20	64420	49757
0957	3.288	28.58	1.392	0.636	142.264	9	6	20	64473	49794
0958	2.924	27.456	1.456	0.252	89.188	7	3	20	64420	49772
0959	3.152	28.916	1.42	0.728	58.832	9	6	20	64401	49633
096	2.748	28.328	1.524	0.708	127.756	8	4	20	64440	49775
0960	2.592	28.988	1.604	0.336	53.916	7	4	20	64438	49725
0961	2.888	30.508	1.688	0.3	78.968	7	3	20	64426	49660
0962	3.428	30.228	1.524	0.256	56.88	6	4	20	64420	49755
0963	3.308	30.504	1.476	0.368	80.1	10	5	20	64434	49796
0964	3.232	30.996	1.548	0.48	121.432	9	5	20	64430	49725
0965	2.908	29.732	1.64	0.496	51.98	8	5	20	64409	49718
0966	2.924	31.484	1.636	0.384	37.132	9	5	20	64423	49747
0967	3.272	30.456	1.448	0.196	47.06	7	4	20	64418	49677
0968	3.388	30.08	1.312	0.252	91.616	7	4	20	64433	49707
0969	3.012	29.376	1.52	0.68	106.708	9	5	20	64428	49718
097	2.964	30.248	1.492	0.184	37.768	6	2	20	64425	49691
0970	3.056	29.144	1.42	0.376	106.176	8	4	20	64446	49770
0971	2.828	28.956	1.572	0.184	29.152	9	7	20	64434	49673
0972	2.984	30.168	1.544	0.568	80.924	7	2	20	64423	49766
0973	3.064	30.092	1.608	0.58	68.864	7	3	20	64400	49705
0974	3.18	29.812	1.496	0.344	20.648	6	4	20	64400	49746
0975	2.948	29.748	1.68	0.388	64.78	7	5	20	64438	49714
0976	3.176	30.508	1.58	1.164	92.32	9	5	20	64445	49768
0977	3.188	31.024	1.624	0.436	52.792	8	5	20	64413	49767
0978	3.3	30.236	1.444	0.484	80.732	6	2	20	64423	49727
0979	3.072	29.592	1.384	0.528	94.71600000000001	10	5	20	64427	49773
098	3.236	29.0	1.424	0.208	37.62	6	4	20	64410	49710
0980	2.84	29.292	1.556	0.476	48.532	8	5	20	64397	49692
0981	2.8	28.632	1.56	0.28	42.372	8	4	20	64436	49610
0982	3.008	29.948	1.676	0.652	78.844	8	4	20	64452	49728
0983	3.352	29.332	1.524	0.292	109.012	8	5	20	64442	49720
0984	3.144	30.136	1.444	0.34	131.776	7	3	20	64418	49754
0985	3.156	28.604	1.532	0.216	40.216	9	4	20	64383	49711
0986	2.836	28.996	1.5	0.32	67.208	9	5	20	64435	49773
0987	2.956	28.38	1.468	0.352	43.444	8	5	20	64436	49753
0988	2.796	29.9	1.608	0.768	46.244	6	3	20	64427	49732
0989	2.852	31.108	1.588	0.284	116.27199999999999	8	4	20	64432	49683
099	3.32	30.504	1.392	0.332	42.904	6	4	20	64419	49701
0990	3.224	30.52	1.52	0.488	73.876	8	4	20	64425	49775
0991	3.208	29.244	1.488	0.304	32.308	7	3	20	64381	49663
0992	2.98	30.836	1.544	0.256	85.08	10	6	20	64442	49731
0993	3.068	30.696	1.692	0.524	89.968	8	4	20	64460	49788
0994	2.984	30.384	1.432	0.34	62.88	7	4	20	64419	49695
0995	3.304	30.068	1.512	0.644	64.816	7	4	20	64438	49742
0996	3.092	30.52	1.468	0.368	16.308	5	3	20	64365	49691
0997	3.116	30.052	1.424	0.588	25.728	7	6	20	64437	49712
0998	3.192	30.232	1.164	0.332	30.26	8	5	20	64416	49646
0999	3.156	29.792	1.196	0.172	29.468	7	3	20	64409	49671
